customer_id,timestamp,age,gender,region,tenure_months,monthly_charges,total_charges,num_services,contract_type,payment_method,support_tickets,avg_call_minutes,has_online_backup,has_device_protection,has_tech_support,churn
1,2023-03-07 00:00:00,65,F,south,61,56.17,3426.37,1,month-to-month,electronic_check,3,282.3,1,0,1,0
2,2024-07-18 00:00:00,39,F,east,33,93.28,3078.24,5,two_year,credit_card,1,95.1,1,1,1,0
3,2024-04-22 00:00:00,69,F,west,50,97.72,4886.0,4,month-to-month,electronic_check,1,38.6,0,0,0,0
4,2023-11-17 00:00:00,48,F,east,70,99.01,6930.7,6,one_year,credit_card,2,167.8,1,0,0,0
5,2023-11-13 00:00:00,38,F,south,3,94.01,282.03,4,month-to-month,electronic_check,0,401.4,0,1,1,0
6,2024-09-18 00:00:00,18,M,east,8,43.16,345.28,5,two_year,bank_transfer,2,136.4,1,0,0,0
7,2023-03-04 00:00:00,50,F,west,67,48.91,3276.97,3,month-to-month,credit_card,1,341.9,1,0,0,0
8,2024-05-24 00:00:00,52,M,north,41,114.2,4682.2,3,one_year,electronic_check,1,129.8,0,0,0,0
9,2023-05-28 00:00:00,69,M,north,45,75.39,3392.55,3,two_year,electronic_check,0,117.5,0,1,0,0
10,2023-03-10 00:00:00,56,F,north,24,95.45,2290.8,6,month-to-month,credit_card,1,105.6,1,0,0,0
11,2024-01-20 00:00:00,19,M,west,60,79.92,4795.2,3,month-to-month,credit_card,0,214.3,0,1,1,0
12,2024-12-13 00:00:00,48,F,west,47,112.45,5285.15,6,month-to-month,bank_transfer,1,134.4,0,1,1,0
13,2024-06-21 00:00:00,57,M,south,18,106.88,1923.84,2,one_year,mailed_check,0,181.2,0,1,0,0
14,2024-07-09 00:00:00,44,F,west,47,46.14,2168.58,5,month-to-month,electronic_check,0,288.3,0,0,0,0
15,2024-06-07 00:00:00,40,M,east,0,108.47,0.0,2,month-to-month,mailed_check,1,415.9,0,0,1,1
16,2024-07-27 00:00:00,60,F,west,17,50.0,850.0,3,month-to-month,bank_transfer,1,383.1,0,1,0,0
17,2024-01-10 00:00:00,50,M,west,14,64.1,897.4,6,month-to-month,electronic_check,2,218.7,0,0,1,1
18,2023-04-04 00:00:00,54,M,west,57,105.12,5991.84,5,month-to-month,electronic_check,2,151.2,0,1,0,0
19,2024-09-05 00:00:00,42,M,south,53,52.4,2777.2,3,month-to-month,credit_card,0,328.4,0,0,1,0
20,2023-11-25 00:00:00,32,F,east,6,49.08,294.48,3,one_year,bank_transfer,1,216.6,0,0,0,0
21,2024-01-01 00:00:00,45,F,north,66,86.87,5733.42,5,one_year,bank_transfer,1,378.6,0,0,0,0
22,2023-09-28 00:00:00,68,F,west,59,119.97,7078.23,1,month-to-month,credit_card,0,429.7,1,0,0,0
23,2023-05-14 00:00:00,49,M,south,31,33.11,1026.41,6,two_year,mailed_check,3,143.3,0,0,0,0
24,2024-11-07 00:00:00,55,M,south,15,90.11,1351.65,4,month-to-month,electronic_check,3,192.5,0,1,1,0
25,2024-07-24 00:00:00,24,M,east,30,72.7,2181.0,2,two_year,credit_card,2,14.4,1,1,1,0
26,2024-04-15 00:00:00,70,F,west,43,61.06,2625.58,5,one_year,credit_card,1,214.7,1,1,0,0
27,2023-10-21 00:00:00,30,F,east,45,94.99,4274.55,6,month-to-month,electronic_check,0,219.1,1,1,1,0
28,2024-08-23 00:00:00,69,M,west,25,75.48,1887.0,3,one_year,electronic_check,1,458.3,1,0,0,1
29,2024-02-03 00:00:00,41,F,east,7,99.78,698.46,3,month-to-month,mailed_check,3,203.0,0,1,0,1
30,2023-11-20 00:00:00,66,F,west,44,94.39,4153.16,6,two_year,electronic_check,1,212.8,0,0,1,0
31,2023-11-25 00:00:00,65,M,east,51,118.51,6044.01,3,one_year,electronic_check,3,164.5,1,1,0,0
32,2023-06-15 00:00:00,58,M,south,19,101.09,1920.71,6,month-to-month,electronic_check,2,51.7,0,0,1,1
33,2023-03-09 00:00:00,66,M,west,46,26.68,1227.28,6,month-to-month,bank_transfer,1,301.7,1,0,0,0
34,2024-02-09 00:00:00,50,M,south,41,97.96,4016.36,4,one_year,electronic_check,0,105.6,0,0,0,0
35,2024-10-10 00:00:00,62,M,east,36,84.97,3058.92,1,month-to-month,credit_card,1,260.4,1,0,0,0
36,2023-02-16 00:00:00,27,F,south,0,28.98,0.0,1,month-to-month,bank_transfer,1,384.3,0,1,0,1
37,2024-09-18 00:00:00,21,M,south,22,80.55,1772.1,2,two_year,mailed_check,0,366.9,0,0,0,0
38,2024-08-27 00:00:00,46,F,south,27,95.08,2567.16,1,month-to-month,credit_card,1,54.7,0,0,0,0
39,2023-07-22 00:00:00,60,F,south,60,39.72,2383.2,5,month-to-month,bank_transfer,1,210.4,1,1,1,0
40,2024-04-06 00:00:00,58,F,west,60,63.49,3809.4,4,month-to-month,bank_transfer,0,399.9,0,0,0,0
41,2023-05-01 00:00:00,45,F,west,63,74.25,4677.75,3,one_year,credit_card,1,3.5,0,0,0,0
42,2024-07-07 00:00:00,45,M,east,33,61.32,2023.56,5,one_year,credit_card,1,73.8,1,0,0,0
43,2024-05-26 00:00:00,50,M,north,23,107.6,2474.8,1,one_year,bank_transfer,1,208.8,0,0,0,0
44,2023-09-16 00:00:00,64,M,north,36,36.89,1328.04,4,two_year,bank_transfer,1,253.1,1,1,1,0
45,2023-02-19 00:00:00,62,F,north,57,97.16,5538.12,3,month-to-month,mailed_check,1,261.1,0,1,0,0
46,2024-12-09 00:00:00,23,F,east,45,97.81,4401.45,1,month-to-month,bank_transfer,1,445.6,0,0,0,0
47,2023-11-22 00:00:00,49,M,west,43,64.8,2786.4,3,month-to-month,bank_transfer,3,374.6,0,1,0,0
48,2024-10-13 00:00:00,38,M,south,31,73.95,2292.45,1,month-to-month,credit_card,1,475.6,1,0,0,0
49,2024-05-09 00:00:00,60,M,south,50,35.36,1768.0,1,month-to-month,mailed_check,1,482.8,1,0,1,1
50,2024-07-22 00:00:00,44,M,east,63,39.52,2489.76,2,month-to-month,electronic_check,0,25.3,1,0,1,0
51,2024-07-08 00:00:00,70,F,west,48,73.17,3512.16,2,two_year,mailed_check,0,50.2,0,0,0,0
52,2023-05-23 00:00:00,40,M,south,29,42.47,1231.63,4,month-to-month,mailed_check,0,403.0,1,1,1,0
53,2023-09-23 00:00:00,53,M,south,61,100.65,6139.65,5,two_year,mailed_check,2,467.4,1,0,0,0
54,2023-12-07 00:00:00,23,M,east,68,81.62,5550.16,3,two_year,bank_transfer,1,341.3,0,1,0,0
55,2023-12-30 00:00:00,67,M,west,58,25.66,1488.28,4,month-to-month,credit_card,2,4.7,1,1,0,0
56,2023-02-01 00:00:00,26,M,east,64,55.79,3570.56,1,two_year,electronic_check,3,47.7,0,1,0,0
57,2024-02-03 00:00:00,38,F,east,19,105.84,2010.96,5,one_year,credit_card,3,483.2,0,0,0,0
58,2023-04-23 00:00:00,62,M,east,30,47.74,1432.2,4,month-to-month,bank_transfer,0,44.9,1,1,0,0
59,2024-06-26 00:00:00,69,F,north,18,91.97,1655.46,3,one_year,electronic_check,0,450.4,1,1,1,0
60,2024-05-13 00:00:00,43,M,west,26,29.38,763.88,6,month-to-month,electronic_check,2,187.0,0,1,1,0
61,2024-11-04 00:00:00,43,M,north,53,113.05,5991.65,2,month-to-month,credit_card,0,465.2,0,1,0,0
62,2024-06-27 00:00:00,20,M,south,49,64.93,3181.57,3,two_year,credit_card,2,98.9,0,1,1,0
63,2023-09-25 00:00:00,69,M,south,0,69.16,0.0,6,one_year,electronic_check,0,486.2,1,1,0,0
64,2024-12-07 00:00:00,18,M,east,55,76.98,4233.9,1,month-to-month,bank_transfer,4,260.5,0,1,1,0
65,2023-10-27 00:00:00,19,M,north,14,56.34,788.76,4,one_year,electronic_check,3,383.8,1,1,0,1
66,2023-08-26 00:00:00,43,F,north,13,92.53,1202.89,4,two_year,bank_transfer,0,105.2,0,1,0,0
67,2024-10-23 00:00:00,18,F,west,39,21.46,836.94,5,month-to-month,electronic_check,1,66.5,1,1,1,0
68,2023-09-28 00:00:00,26,F,south,17,36.22,615.74,6,month-to-month,mailed_check,2,116.6,1,0,0,0
69,2023-02-25 00:00:00,51,M,east,70,38.88,2721.6,3,month-to-month,mailed_check,2,373.7,1,1,0,0
70,2023-12-09 00:00:00,55,F,east,10,83.53,835.3,1,two_year,mailed_check,2,0.3,1,0,0,0
71,2024-08-03 00:00:00,33,F,east,11,109.06,1199.66,3,month-to-month,electronic_check,2,344.9,0,0,0,0
72,2023-05-19 00:00:00,60,M,east,55,26.36,1449.8,1,month-to-month,bank_transfer,0,51.2,0,1,0,0
73,2023-12-04 00:00:00,50,M,east,20,105.25,2105.0,5,one_year,credit_card,0,331.4,0,1,0,0
74,2023-04-05 00:00:00,30,F,west,52,101.95,5301.4,4,month-to-month,bank_transfer,0,151.1,1,1,0,0
75,2024-05-16 00:00:00,55,F,west,49,27.66,1355.34,5,month-to-month,credit_card,1,450.5,0,0,0,0
76,2023-12-14 00:00:00,49,M,south,13,34.32,446.16,3,two_year,bank_transfer,2,157.1,0,1,0,0
77,2023-08-30 00:00:00,61,M,north,42,55.0,2310.0,6,one_year,electronic_check,1,455.3,1,0,1,0
78,2023-06-15 00:00:00,26,F,west,39,31.47,1227.33,6,month-to-month,electronic_check,0,283.9,0,1,1,0
79,2024-02-17 00:00:00,30,M,south,6,95.83,574.98,6,two_year,bank_transfer,0,109.0,1,1,0,0
80,2024-05-03 00:00:00,34,F,south,55,70.41,3872.55,5,month-to-month,bank_transfer,2,425.5,1,0,1,0
81,2024-11-17 00:00:00,36,F,north,62,61.08,3786.96,2,month-to-month,credit_card,1,150.2,1,0,1,0
82,2023-11-16 00:00:00,65,F,east,69,92.49,6381.81,1,month-to-month,electronic_check,1,305.5,0,0,0,0
83,2023-04-28 00:00:00,56,F,east,6,49.29,295.74,6,month-to-month,electronic_check,0,272.1,1,0,0,0
84,2024-08-30 00:00:00,46,M,west,13,107.15,1392.95,6,one_year,credit_card,2,393.0,1,0,0,0
85,2024-04-04 00:00:00,46,F,east,60,85.4,5124.0,6,month-to-month,credit_card,1,127.9,1,0,0,0
86,2024-05-26 00:00:00,64,F,east,22,54.65,1202.3,4,month-to-month,mailed_check,1,62.7,1,1,1,0
87,2023-03-12 00:00:00,41,F,east,45,73.99,3329.55,6,two_year,mailed_check,1,456.4,1,0,0,0
88,2023-08-17 00:00:00,29,M,west,25,45.94,1148.5,3,month-to-month,credit_card,1,156.1,0,0,1,0
89,2024-07-14 00:00:00,25,M,west,15,118.5,1777.5,1,month-to-month,mailed_check,1,311.0,1,1,1,1
90,2024-08-30 00:00:00,35,M,west,45,63.56,2860.2,2,month-to-month,bank_transfer,0,435.5,0,0,0,0
91,2023-11-14 00:00:00,52,M,south,15,109.68,1645.2,6,two_year,credit_card,1,40.5,1,1,0,0
92,2024-08-10 00:00:00,42,F,south,9,117.8,1060.2,4,month-to-month,electronic_check,0,146.0,0,1,1,1
93,2024-09-06 00:00:00,40,F,north,38,73.58,2796.04,6,month-to-month,electronic_check,2,41.8,0,1,1,0
94,2023-10-10 00:00:00,43,F,west,14,93.0,1302.0,6,two_year,credit_card,1,460.8,0,1,0,0
95,2024-10-17 00:00:00,69,F,east,14,77.22,1081.08,5,month-to-month,mailed_check,2,470.3,0,1,0,0
96,2023-07-30 00:00:00,70,M,west,56,29.16,1632.96,1,two_year,electronic_check,1,452.6,1,0,1,0
97,2023-06-24 00:00:00,26,M,west,38,115.24,4379.12,2,one_year,mailed_check,6,182.4,1,1,0,0
98,2024-05-13 00:00:00,24,M,south,39,65.66,2560.74,3,two_year,bank_transfer,1,239.8,0,0,1,0
99,2024-04-09 00:00:00,30,M,north,10,109.41,1094.1,1,month-to-month,electronic_check,4,456.9,1,0,1,1
100,2023-04-13 00:00:00,63,M,north,11,85.56,941.16,6,two_year,bank_transfer,0,442.5,1,0,1,0
101,2024-08-30 00:00:00,42,M,west,28,30.52,854.56,2,month-to-month,electronic_check,0,5.7,0,1,1,0
102,2023-05-26 00:00:00,63,M,south,28,61.71,1727.88,3,month-to-month,electronic_check,2,89.5,0,0,0,0
103,2024-08-10 00:00:00,52,F,south,32,39.58,1266.56,5,one_year,electronic_check,0,204.2,1,1,1,0
104,2023-01-06 00:00:00,47,M,west,9,36.99,332.91,1,month-to-month,mailed_check,1,375.3,0,0,1,0
105,2024-08-04 00:00:00,32,M,south,65,91.51,5948.15,4,month-to-month,credit_card,1,191.6,1,0,0,0
106,2024-07-28 00:00:00,36,M,west,26,23.0,598.0,1,one_year,mailed_check,1,103.1,0,0,0,0
107,2024-07-23 00:00:00,25,F,east,59,116.61,6879.99,6,month-to-month,credit_card,2,414.3,1,0,1,0
108,2024-04-30 00:00:00,45,F,west,29,64.99,1884.71,5,month-to-month,electronic_check,2,170.5,0,1,0,1
109,2023-12-11 00:00:00,32,M,north,34,68.98,2345.32,3,month-to-month,mailed_check,0,56.7,1,0,1,0
110,2024-05-29 00:00:00,33,M,south,8,49.94,399.52,5,month-to-month,mailed_check,0,316.8,1,0,0,1
111,2023-07-22 00:00:00,20,F,north,49,28.56,1399.44,2,one_year,credit_card,0,432.3,1,0,1,0
112,2024-07-23 00:00:00,60,F,north,4,78.82,315.28,1,one_year,bank_transfer,2,288.4,0,1,1,0
113,2024-02-10 00:00:00,67,F,west,54,54.48,2941.92,1,month-to-month,bank_transfer,2,498.2,1,0,0,0
114,2023-12-02 00:00:00,44,F,east,64,82.41,5274.24,2,month-to-month,electronic_check,3,437.0,1,1,0,0
115,2024-01-05 00:00:00,46,F,south,26,75.58,1965.08,5,month-to-month,credit_card,1,122.3,1,0,1,0
116,2024-02-20 00:00:00,67,F,south,64,41.69,2668.16,4,month-to-month,credit_card,0,164.6,1,0,0,0
117,2023-01-28 00:00:00,45,M,north,51,66.17,3374.67,2,month-to-month,credit_card,0,97.9,1,1,1,0
118,2023-04-13 00:00:00,51,F,north,0,50.81,0.0,5,one_year,electronic_check,1,278.8,0,0,0,0
119,2023-06-29 00:00:00,40,M,west,14,43.97,615.58,3,month-to-month,electronic_check,2,326.0,0,1,1,1
120,2023-03-25 00:00:00,45,F,north,46,96.97,4460.62,1,one_year,bank_transfer,1,374.8,0,1,1,0
121,2023-11-17 00:00:00,45,M,south,51,21.19,1080.69,5,month-to-month,mailed_check,0,264.8,0,1,1,0
122,2024-05-02 00:00:00,55,M,north,6,46.89,281.34,3,month-to-month,bank_transfer,1,61.3,1,1,0,0
123,2024-04-22 00:00:00,50,F,west,49,73.11,3582.39,4,month-to-month,electronic_check,0,125.2,0,1,0,0
124,2023-12-10 00:00:00,44,F,north,59,67.61,3988.99,4,month-to-month,bank_transfer,1,234.2,0,1,0,0
125,2024-09-16 00:00:00,22,M,south,6,114.02,684.12,1,one_year,electronic_check,1,134.7,1,0,1,0
126,2024-02-17 00:00:00,65,F,west,64,104.37,6679.68,1,one_year,mailed_check,1,25.3,1,0,0,0
127,2023-02-27 00:00:00,65,M,east,38,95.16,3616.08,1,two_year,electronic_check,0,444.8,0,0,1,0
128,2024-07-12 00:00:00,27,M,south,45,71.41,3213.45,2,month-to-month,credit_card,0,260.7,1,1,0,0
129,2024-02-24 00:00:00,33,F,east,3,62.89,188.67,2,month-to-month,electronic_check,1,297.6,0,0,0,1
130,2024-04-08 00:00:00,69,M,south,44,23.66,1041.04,6,two_year,bank_transfer,1,51.2,0,1,1,0
131,2024-02-17 00:00:00,35,M,south,33,102.17,3371.61,5,one_year,electronic_check,1,455.3,1,1,1,0
132,2024-02-09 00:00:00,61,F,east,27,63.07,1702.89,6,month-to-month,electronic_check,2,431.2,1,0,0,0
133,2023-03-08 00:00:00,59,M,south,56,52.1,2917.6,3,month-to-month,mailed_check,1,195.3,0,1,1,0
134,2024-02-13 00:00:00,63,M,west,18,80.66,1451.88,2,month-to-month,electronic_check,2,99.1,1,0,1,0
135,2024-08-03 00:00:00,18,M,south,4,95.41,381.64,3,month-to-month,mailed_check,0,397.2,1,1,1,0
136,2023-08-10 00:00:00,43,F,west,36,72.31,2603.16,6,one_year,electronic_check,2,287.1,0,1,1,0
137,2024-03-16 00:00:00,47,M,north,54,34.96,1887.84,3,month-to-month,bank_transfer,0,415.8,0,0,1,0
138,2023-01-23 00:00:00,62,M,east,9,112.16,1009.44,4,two_year,credit_card,3,241.0,0,1,0,1
139,2023-09-11 00:00:00,29,F,east,71,31.28,2220.88,1,month-to-month,bank_transfer,0,445.6,0,1,0,0
140,2023-11-15 00:00:00,34,M,east,49,116.96,5731.04,6,one_year,electronic_check,2,358.1,0,0,1,0
141,2024-12-18 00:00:00,27,M,south,68,64.25,4369.0,4,month-to-month,mailed_check,1,176.1,1,1,1,0
142,2023-06-06 00:00:00,58,F,east,34,114.66,3898.44,6,one_year,electronic_check,2,377.4,0,1,0,0
143,2023-07-21 00:00:00,70,F,north,8,111.46,891.68,2,two_year,mailed_check,1,160.8,1,1,0,0
144,2023-10-26 00:00:00,25,M,east,12,60.63,727.56,4,month-to-month,credit_card,0,214.7,0,0,1,0
145,2024-12-25 00:00:00,30,F,west,36,100.0,3600.0,2,month-to-month,electronic_check,3,199.8,0,0,0,0
146,2024-09-14 00:00:00,34,F,south,42,28.98,1217.16,3,month-to-month,electronic_check,0,209.2,0,0,0,0
147,2023-01-26 00:00:00,65,M,north,53,28.27,1498.31,2,month-to-month,credit_card,1,362.8,1,1,0,0
148,2023-06-20 00:00:00,41,F,east,58,55.6,3224.8,1,two_year,mailed_check,1,122.8,1,1,0,0
149,2024-08-22 00:00:00,32,F,west,55,80.98,4453.9,3,one_year,electronic_check,1,161.6,0,0,1,0
150,2023-02-12 00:00:00,35,F,south,42,20.93,879.06,4,one_year,credit_card,4,256.1,1,0,0,0
151,2024-09-16 00:00:00,49,F,north,1,71.52,71.52,1,month-to-month,electronic_check,1,138.4,1,0,0,0
152,2023-07-25 00:00:00,38,F,south,38,117.56,4467.28,3,two_year,bank_transfer,1,66.5,0,1,1,0
153,2024-10-31 00:00:00,25,F,west,59,105.84,6244.56,1,one_year,electronic_check,4,351.6,0,0,0,0
154,2023-08-03 00:00:00,61,F,south,61,43.25,2638.25,4,month-to-month,credit_card,1,298.7,0,0,0,0
155,2023-11-14 00:00:00,40,F,east,60,72.81,4368.6,2,two_year,bank_transfer,2,473.2,0,0,1,0
156,2024-04-28 00:00:00,31,F,south,0,37.14,0.0,1,month-to-month,electronic_check,0,371.3,1,0,1,0
157,2023-04-03 00:00:00,56,F,east,31,46.33,1436.23,4,month-to-month,credit_card,3,286.1,1,0,1,0
158,2024-02-11 00:00:00,57,F,south,45,112.3,5053.5,6,two_year,electronic_check,1,133.3,1,0,1,0
159,2024-01-04 00:00:00,26,M,south,18,119.78,2156.04,6,month-to-month,credit_card,2,99.8,0,0,0,0
160,2024-07-26 00:00:00,21,M,east,29,44.26,1283.54,6,month-to-month,bank_transfer,1,261.7,0,0,1,0
161,2024-12-28 00:00:00,20,F,east,7,41.21,288.47,2,month-to-month,electronic_check,1,230.4,1,1,0,0
162,2024-04-29 00:00:00,58,M,south,14,58.39,817.46,2,two_year,mailed_check,1,202.5,1,0,0,0
163,2023-10-26 00:00:00,51,F,south,0,64.59,0.0,6,month-to-month,electronic_check,0,220.8,1,0,1,1
164,2023-10-24 00:00:00,59,F,north,71,28.92,2053.32,4,month-to-month,bank_transfer,3,106.1,1,0,1,0
165,2023-11-02 00:00:00,51,F,east,62,34.77,2155.74,4,month-to-month,bank_transfer,2,210.3,0,0,0,0
166,2024-08-17 00:00:00,39,M,south,29,62.48,1811.92,5,month-to-month,mailed_check,3,19.6,0,1,0,0
167,2023-08-23 00:00:00,49,F,east,0,43.54,0.0,1,month-to-month,credit_card,0,280.3,1,0,0,0
168,2023-05-02 00:00:00,56,M,south,24,104.49,2507.76,4,two_year,credit_card,0,278.5,0,1,0,0
169,2023-09-02 00:00:00,39,F,west,31,95.15,2949.65,4,one_year,mailed_check,2,333.4,0,0,1,0
170,2023-01-17 00:00:00,66,M,east,12,73.63,883.56,6,two_year,bank_transfer,1,356.9,0,0,0,0
171,2023-03-19 00:00:00,65,M,south,48,63.26,3036.48,3,one_year,electronic_check,1,337.0,1,0,1,0
172,2023-03-07 00:00:00,60,F,south,72,103.1,7423.2,4,month-to-month,credit_card,0,401.9,0,0,1,0
173,2024-07-17 00:00:00,70,F,east,61,36.6,2232.6,5,month-to-month,credit_card,1,66.5,0,0,1,0
174,2024-06-11 00:00:00,38,F,north,62,108.74,6741.88,2,month-to-month,credit_card,1,443.1,0,0,0,0
175,2024-05-23 00:00:00,24,M,north,60,24.91,1494.6,1,month-to-month,bank_transfer,2,194.2,0,0,0,0
176,2023-12-04 00:00:00,43,M,north,5,112.34,561.7,3,one_year,electronic_check,0,333.4,0,0,1,0
177,2024-06-07 00:00:00,57,M,south,40,33.88,1355.2,4,month-to-month,electronic_check,2,60.3,0,0,0,0
178,2023-04-28 00:00:00,59,F,south,41,101.21,4149.61,3,one_year,mailed_check,2,112.2,1,0,0,0
179,2024-10-19 00:00:00,38,F,south,7,21.8,152.6,5,month-to-month,electronic_check,1,465.4,0,0,0,0
180,2024-01-01 00:00:00,33,M,north,10,101.51,1015.1,2,month-to-month,mailed_check,1,68.8,0,1,1,0
181,2024-11-15 00:00:00,41,M,south,41,78.41,3214.81,1,two_year,mailed_check,1,232.6,1,0,1,0
182,2023-04-22 00:00:00,60,M,south,52,21.9,1138.8,5,month-to-month,bank_transfer,3,47.3,1,0,1,0
183,2023-12-30 00:00:00,21,F,south,15,97.42,1461.3,6,month-to-month,bank_transfer,1,46.7,1,0,1,1
184,2024-05-23 00:00:00,35,M,east,35,30.16,1055.6,4,month-to-month,electronic_check,0,497.0,1,0,0,0
185,2023-12-28 00:00:00,30,M,south,5,73.99,369.95,2,month-to-month,bank_transfer,3,319.3,0,0,1,0
186,2023-11-22 00:00:00,60,M,west,8,53.2,425.6,3,month-to-month,electronic_check,1,318.0,1,0,1,0
187,2023-05-02 00:00:00,42,M,west,42,95.92,4028.64,3,two_year,electronic_check,1,135.4,1,1,1,0
188,2023-10-06 00:00:00,22,M,east,40,105.32,4212.8,3,two_year,mailed_check,5,76.0,1,1,0,0
189,2023-06-24 00:00:00,31,M,east,54,66.43,3587.22,2,one_year,electronic_check,2,306.9,1,0,0,0
190,2023-08-09 00:00:00,20,F,north,66,95.79,6322.14,3,one_year,electronic_check,0,124.6,0,1,0,0
191,2024-05-14 00:00:00,43,F,east,13,111.66,1451.58,2,month-to-month,electronic_check,2,135.5,1,0,0,0
192,2024-04-05 00:00:00,70,M,south,24,88.92,2134.08,3,two_year,electronic_check,1,210.2,0,1,1,1
193,2024-03-19 00:00:00,48,F,south,62,52.2,3236.4,3,month-to-month,electronic_check,0,112.5,0,0,0,0
194,2023-09-22 00:00:00,64,M,west,3,66.33,198.99,4,month-to-month,mailed_check,0,469.7,0,0,1,1
195,2024-12-01 00:00:00,57,F,north,60,43.0,2580.0,5,two_year,credit_card,2,289.0,0,1,0,0
196,2023-03-05 00:00:00,64,F,south,69,65.84,4542.96,2,month-to-month,electronic_check,2,34.3,1,1,1,0
197,2023-09-08 00:00:00,34,M,west,7,44.59,312.13,1,month-to-month,electronic_check,2,241.3,0,0,1,0
198,2023-03-28 00:00:00,68,F,west,10,100.72,1007.2,5,one_year,electronic_check,1,280.5,1,1,1,1
199,2023-09-05 00:00:00,30,F,east,49,80.99,3968.51,2,month-to-month,electronic_check,1,179.3,1,0,0,0
200,2024-12-03 00:00:00,41,F,east,34,83.32,2832.88,6,month-to-month,mailed_check,0,437.0,0,1,1,0
201,2023-09-25 00:00:00,54,M,west,72,31.03,2234.16,4,month-to-month,mailed_check,4,260.4,0,1,1,0
202,2024-10-25 00:00:00,33,M,north,39,20.15,785.85,4,one_year,bank_transfer,1,119.4,0,0,0,0
203,2023-12-28 00:00:00,32,M,south,47,98.92,4649.24,3,month-to-month,bank_transfer,1,270.6,0,1,0,0
204,2024-05-25 00:00:00,24,F,north,17,74.23,1261.91,5,month-to-month,credit_card,0,361.5,1,0,1,0
205,2023-11-30 00:00:00,18,F,south,23,113.16,2602.68,4,month-to-month,credit_card,0,154.4,0,0,1,0
206,2023-07-14 00:00:00,44,M,west,12,73.72,884.64,6,month-to-month,electronic_check,0,436.3,0,1,1,0
207,2024-07-11 00:00:00,70,F,east,10,41.47,414.7,1,month-to-month,electronic_check,2,28.5,1,0,1,0
208,2024-12-08 00:00:00,29,M,west,8,89.85,718.8,2,month-to-month,mailed_check,0,148.8,0,1,0,1
209,2023-07-12 00:00:00,41,M,east,65,90.1,5856.5,2,month-to-month,bank_transfer,0,463.8,0,0,0,0
210,2024-07-22 00:00:00,67,F,west,5,26.55,132.75,2,month-to-month,bank_transfer,1,133.7,0,1,1,0
211,2023-07-10 00:00:00,58,M,north,37,89.37,3306.69,6,month-to-month,mailed_check,1,37.9,1,0,0,0
212,2024-06-07 00:00:00,18,F,south,37,41.25,1526.25,1,month-to-month,credit_card,2,22.5,0,0,1,0
213,2024-07-29 00:00:00,44,F,south,4,45.45,181.8,1,two_year,mailed_check,2,376.8,0,1,1,0
214,2023-11-25 00:00:00,25,F,west,61,23.14,1411.54,3,month-to-month,credit_card,1,168.1,0,0,1,0
215,2024-06-21 00:00:00,31,F,east,36,82.74,2978.64,2,month-to-month,credit_card,1,382.4,1,0,1,0
216,2023-07-18 00:00:00,31,M,north,9,93.17,838.53,2,month-to-month,mailed_check,3,325.7,1,0,1,1
217,2023-02-27 00:00:00,50,F,north,9,43.05,387.45,4,one_year,electronic_check,0,375.3,0,0,0,0
218,2023-03-12 00:00:00,28,F,south,51,99.25,5061.75,4,month-to-month,electronic_check,3,458.7,0,1,0,1
219,2023-11-23 00:00:00,31,M,north,45,96.2,4329.0,6,one_year,mailed_check,3,407.3,0,0,0,1
220,2024-10-20 00:00:00,29,M,east,30,60.98,1829.4,3,one_year,credit_card,1,75.7,1,0,0,0
221,2023-04-04 00:00:00,36,M,west,29,26.82,777.78,6,month-to-month,credit_card,1,453.5,1,1,0,0
222,2023-11-29 00:00:00,52,M,west,2,48.02,96.04,2,month-to-month,electronic_check,4,167.8,1,0,0,0
223,2024-05-28 00:00:00,39,F,north,2,36.54,73.08,2,two_year,electronic_check,0,402.3,1,0,1,0
224,2023-05-28 00:00:00,35,M,south,39,115.88,4519.32,3,month-to-month,credit_card,2,260.7,0,1,0,0
225,2024-06-10 00:00:00,45,F,east,26,101.77,2646.02,1,month-to-month,mailed_check,0,87.7,1,0,1,1
226,2023-08-12 00:00:00,50,M,south,18,27.84,501.12,1,month-to-month,bank_transfer,2,344.9,1,1,1,0
227,2024-08-13 00:00:00,18,M,south,27,71.35,1926.45,3,month-to-month,electronic_check,2,334.5,1,1,1,0
228,2024-02-27 00:00:00,65,M,north,44,46.69,2054.36,4,one_year,electronic_check,2,453.9,1,1,0,0
229,2024-02-04 00:00:00,66,M,north,21,23.21,487.41,2,month-to-month,electronic_check,0,205.2,1,1,0,0
230,2023-05-10 00:00:00,49,F,south,25,52.23,1305.75,2,month-to-month,electronic_check,2,367.1,1,0,0,1
231,2023-12-05 00:00:00,48,M,north,20,32.76,655.2,1,one_year,mailed_check,0,259.0,0,1,1,0
232,2024-09-17 00:00:00,54,M,north,48,42.27,2028.96,1,two_year,electronic_check,0,275.1,0,1,0,0
233,2023-01-15 00:00:00,41,M,east,3,52.65,157.95,6,month-to-month,mailed_check,2,171.5,1,0,0,1
234,2024-07-07 00:00:00,37,M,west,67,60.89,4079.63,1,one_year,bank_transfer,1,180.6,1,0,0,0
235,2023-12-26 00:00:00,36,F,east,40,66.84,2673.6,5,month-to-month,electronic_check,1,401.3,1,1,0,0
236,2024-06-09 00:00:00,26,F,north,17,72.02,1224.34,5,one_year,credit_card,0,317.3,0,1,1,0
237,2024-04-29 00:00:00,62,M,west,55,57.0,3135.0,2,month-to-month,electronic_check,1,343.2,1,1,1,0
238,2023-11-12 00:00:00,34,F,east,68,69.83,4748.44,2,month-to-month,bank_transfer,1,465.5,0,1,1,0
239,2023-08-14 00:00:00,33,M,south,4,61.79,247.16,3,two_year,electronic_check,3,344.8,1,0,1,0
240,2024-04-02 00:00:00,69,F,south,14,116.44,1630.16,4,one_year,credit_card,1,367.2,0,1,0,0
241,2023-04-13 00:00:00,44,F,west,10,26.76,267.6,1,month-to-month,electronic_check,5,386.5,0,0,1,0
242,2024-03-02 00:00:00,50,M,south,5,78.6,393.0,5,two_year,mailed_check,4,214.5,1,0,1,1
243,2023-03-11 00:00:00,31,F,north,53,39.36,2086.08,3,month-to-month,credit_card,2,230.1,0,0,1,0
244,2024-04-19 00:00:00,32,F,south,14,57.54,805.56,3,one_year,electronic_check,1,489.5,0,1,1,1
245,2024-04-03 00:00:00,56,M,south,27,74.65,2015.55,6,one_year,bank_transfer,0,279.9,1,0,0,0
246,2023-03-03 00:00:00,41,F,south,59,95.98,5662.82,1,two_year,bank_transfer,1,187.9,0,0,1,0
247,2024-07-06 00:00:00,25,F,south,44,117.77,5181.88,6,month-to-month,electronic_check,2,29.1,0,0,1,0
248,2023-10-31 00:00:00,62,M,east,49,69.36,3398.64,4,one_year,electronic_check,0,107.6,1,0,0,0
249,2024-07-28 00:00:00,39,F,south,7,45.7,319.9,3,one_year,credit_card,0,389.0,1,0,0,0
250,2023-01-31 00:00:00,53,F,east,70,99.16,6941.2,1,month-to-month,credit_card,2,463.4,1,1,0,0
251,2023-05-12 00:00:00,36,F,south,6,42.16,252.96,1,two_year,electronic_check,0,392.3,0,0,1,0
252,2023-12-27 00:00:00,47,M,west,51,70.78,3609.78,5,month-to-month,credit_card,3,397.9,1,0,0,0
253,2023-05-18 00:00:00,59,F,west,46,104.67,4814.82,3,month-to-month,credit_card,0,438.1,0,1,1,0
254,2023-08-29 00:00:00,64,F,south,30,60.38,1811.4,5,one_year,bank_transfer,0,222.4,0,0,1,0
255,2024-04-27 00:00:00,28,F,north,61,75.7,4617.7,5,month-to-month,bank_transfer,1,69.7,1,0,0,0
256,2023-04-16 00:00:00,53,M,east,65,31.96,2077.4,3,two_year,electronic_check,1,309.7,1,0,0,0
257,2024-05-09 00:00:00,66,M,south,5,25.6,128.0,2,month-to-month,mailed_check,4,454.6,0,1,0,1
258,2023-03-17 00:00:00,52,F,west,69,118.63,8185.47,2,month-to-month,credit_card,2,222.6,1,1,1,0
259,2023-05-08 00:00:00,25,F,south,17,37.89,644.13,4,one_year,bank_transfer,0,408.4,0,1,0,0
260,2024-03-04 00:00:00,28,M,south,57,53.55,3052.35,5,two_year,electronic_check,1,437.8,0,1,1,0
261,2024-08-02 00:00:00,28,F,south,59,70.47,4157.73,3,one_year,bank_transfer,1,40.0,0,0,1,0
262,2023-05-05 00:00:00,23,F,west,40,57.45,2298.0,4,month-to-month,electronic_check,1,213.5,0,1,1,0
263,2023-08-07 00:00:00,57,F,north,63,29.73,1872.99,4,month-to-month,electronic_check,1,226.9,0,1,1,0
264,2024-11-06 00:00:00,69,M,west,60,39.69,2381.4,1,one_year,electronic_check,3,216.4,0,1,1,0
265,2024-12-23 00:00:00,45,F,north,38,69.34,2634.92,4,two_year,electronic_check,0,131.8,0,1,0,0
266,2024-02-29 00:00:00,49,M,west,13,63.88,830.44,5,one_year,mailed_check,2,244.5,1,1,0,0
267,2023-11-23 00:00:00,59,M,east,31,99.82,3094.42,6,one_year,electronic_check,1,361.6,0,1,0,0
268,2023-09-11 00:00:00,40,F,east,65,51.18,3326.7,3,month-to-month,bank_transfer,2,339.8,0,1,1,0
269,2024-03-23 00:00:00,43,F,north,14,114.03,1596.42,2,month-to-month,credit_card,2,465.0,0,1,0,1
270,2024-03-07 00:00:00,49,M,east,72,48.28,3476.16,6,month-to-month,mailed_check,1,367.6,0,0,0,1
271,2023-08-04 00:00:00,34,F,east,13,53.13,690.69,6,month-to-month,electronic_check,1,377.3,1,1,1,0
272,2023-01-17 00:00:00,21,F,south,48,114.93,5516.64,5,month-to-month,credit_card,1,144.7,1,0,0,0
273,2023-04-21 00:00:00,48,M,south,46,104.05,4786.3,3,one_year,electronic_check,1,15.6,0,0,1,0
274,2024-11-30 00:00:00,61,M,east,14,51.7,723.8,2,month-to-month,mailed_check,2,256.6,1,1,1,0
275,2023-11-02 00:00:00,21,F,south,34,59.53,2024.02,4,month-to-month,electronic_check,1,389.4,1,0,0,0
276,2023-12-19 00:00:00,29,F,west,10,104.23,1042.3,2,two_year,credit_card,3,199.2,1,0,1,0
277,2023-12-07 00:00:00,31,M,north,26,28.61,743.86,5,month-to-month,electronic_check,3,407.2,0,1,1,1
278,2024-07-25 00:00:00,60,F,south,70,49.47,3462.9,3,one_year,credit_card,3,310.2,1,0,1,0
279,2023-02-17 00:00:00,44,F,west,3,73.16,219.48,2,one_year,credit_card,0,166.0,1,1,1,0
280,2023-03-02 00:00:00,46,F,west,63,102.89,6482.07,5,two_year,credit_card,1,171.2,1,1,0,0
281,2023-07-21 00:00:00,52,F,south,49,76.46,3746.54,3,two_year,bank_transfer,1,341.4,1,1,1,0
282,2023-12-22 00:00:00,32,M,east,54,68.98,3724.92,1,one_year,bank_transfer,2,288.1,1,1,1,1
283,2024-05-04 00:00:00,55,M,north,20,116.21,2324.2,5,month-to-month,credit_card,1,33.5,1,0,1,1
284,2023-12-25 00:00:00,19,M,north,69,31.64,2183.16,2,one_year,electronic_check,0,276.2,1,1,0,0
285,2023-11-19 00:00:00,24,F,west,18,98.01,1764.18,4,two_year,credit_card,1,21.8,0,1,0,0
286,2024-11-15 00:00:00,61,F,east,36,32.7,1177.2,4,month-to-month,electronic_check,0,273.5,1,1,0,0
287,2023-04-28 00:00:00,52,F,north,2,93.28,186.56,1,one_year,mailed_check,1,463.8,1,1,0,0
288,2024-02-22 00:00:00,27,M,west,64,74.31,4755.84,1,month-to-month,mailed_check,5,45.9,0,0,0,0
289,2024-01-31 00:00:00,41,F,south,51,46.46,2369.46,5,one_year,credit_card,5,241.9,1,1,1,0
290,2023-12-12 00:00:00,20,M,east,11,74.33,817.63,1,month-to-month,electronic_check,1,387.4,0,1,1,0
291,2024-08-12 00:00:00,53,M,west,48,107.94,5181.12,2,one_year,mailed_check,3,214.4,1,1,0,0
292,2023-07-14 00:00:00,58,M,west,13,67.22,873.86,5,month-to-month,bank_transfer,1,179.9,1,1,0,1
293,2024-11-27 00:00:00,32,F,north,32,20.66,661.12,2,month-to-month,bank_transfer,2,288.7,0,1,1,0
294,2023-08-31 00:00:00,36,M,south,37,25.66,949.42,4,month-to-month,electronic_check,3,427.2,1,1,0,0
295,2024-02-02 00:00:00,30,F,south,67,83.26,5578.42,1,one_year,mailed_check,0,433.4,1,1,1,0
296,2024-01-16 00:00:00,38,F,west,24,87.79,2106.96,4,two_year,bank_transfer,0,135.3,1,0,0,0
297,2024-09-12 00:00:00,32,F,west,0,60.18,0.0,5,month-to-month,credit_card,0,483.5,0,1,1,0
298,2023-11-17 00:00:00,31,M,east,31,44.28,1372.68,2,month-to-month,credit_card,0,81.3,0,0,0,0
299,2023-07-27 00:00:00,40,F,north,67,91.6,6137.2,2,one_year,electronic_check,2,106.0,0,1,0,0
300,2023-01-16 00:00:00,63,F,west,58,50.42,2924.36,4,one_year,electronic_check,2,350.1,1,1,0,0
301,2023-09-23 00:00:00,58,M,east,4,27.4,109.6,5,month-to-month,bank_transfer,0,433.5,0,0,1,0
302,2024-08-26 00:00:00,33,F,south,3,60.96,182.88,4,one_year,mailed_check,0,92.7,1,1,1,0
303,2023-01-08 00:00:00,67,F,south,55,73.91,4065.05,5,two_year,bank_transfer,2,162.6,0,0,1,0
304,2024-10-16 00:00:00,29,M,south,52,116.56,6061.12,3,month-to-month,credit_card,0,38.7,1,1,0,0
305,2024-02-01 00:00:00,66,F,south,40,79.22,3168.8,1,month-to-month,electronic_check,0,230.0,1,1,1,0
306,2023-04-13 00:00:00,34,M,west,6,40.83,244.98,6,month-to-month,credit_card,0,258.4,1,0,1,0
307,2023-08-09 00:00:00,46,M,west,20,103.22,2064.4,5,two_year,electronic_check,3,295.3,1,0,0,1
308,2024-02-09 00:00:00,28,F,north,61,49.15,2998.15,1,two_year,credit_card,0,93.7,1,1,0,0
309,2023-08-19 00:00:00,58,M,west,10,115.93,1159.3,2,month-to-month,mailed_check,0,138.4,1,1,0,1
310,2023-03-21 00:00:00,34,M,south,14,52.53,735.42,3,two_year,credit_card,3,377.6,1,1,0,1
311,2024-05-01 00:00:00,64,M,west,33,110.95,3661.35,1,month-to-month,electronic_check,4,54.9,1,1,0,1
312,2024-05-05 00:00:00,22,M,west,53,107.9,5718.7,6,one_year,mailed_check,0,2.1,1,1,0,0
313,2023-03-28 00:00:00,44,M,east,60,106.4,6384.0,2,one_year,electronic_check,1,194.7,1,1,1,0
314,2023-07-25 00:00:00,26,F,east,43,23.94,1029.42,2,two_year,bank_transfer,1,289.6,0,0,0,0
315,2023-06-28 00:00:00,65,M,east,35,104.99,3674.65,2,one_year,credit_card,1,445.7,0,0,0,0
316,2024-04-26 00:00:00,40,M,west,28,92.13,2579.64,6,month-to-month,credit_card,0,19.7,0,1,1,0
317,2024-06-17 00:00:00,53,F,south,3,53.43,160.29,2,month-to-month,bank_transfer,1,167.1,0,1,1,0
318,2024-06-14 00:00:00,64,F,east,19,69.01,1311.19,3,month-to-month,electronic_check,0,428.3,1,1,0,1
319,2024-11-16 00:00:00,46,M,west,15,83.99,1259.85,5,two_year,credit_card,0,356.5,0,0,1,0
320,2024-07-15 00:00:00,21,M,west,4,114.35,457.4,1,month-to-month,mailed_check,2,316.5,0,1,1,0
321,2023-08-23 00:00:00,29,M,north,54,98.01,5292.54,1,month-to-month,bank_transfer,1,4.9,0,0,0,0
322,2023-03-20 00:00:00,29,M,south,25,62.85,1571.25,1,month-to-month,electronic_check,1,232.4,1,0,0,0
323,2024-03-24 00:00:00,66,M,east,37,84.54,3127.98,2,month-to-month,credit_card,1,489.1,0,1,1,0
324,2024-10-30 00:00:00,66,F,east,14,38.59,540.26,2,month-to-month,mailed_check,2,335.1,1,0,0,0
325,2024-12-12 00:00:00,43,F,east,43,62.39,2682.77,6,month-to-month,mailed_check,2,407.7,1,0,1,0
326,2023-06-18 00:00:00,65,M,west,9,99.13,892.17,6,month-to-month,electronic_check,0,256.8,1,1,0,1
327,2023-06-22 00:00:00,31,F,east,49,80.66,3952.34,4,month-to-month,bank_transfer,2,180.8,1,0,1,0
328,2023-01-28 00:00:00,54,M,east,53,98.32,5210.96,6,month-to-month,electronic_check,1,160.4,1,1,0,0
329,2023-04-14 00:00:00,38,M,west,22,70.98,1561.56,1,two_year,credit_card,0,398.3,1,0,1,0
330,2024-02-10 00:00:00,30,M,north,15,58.01,870.15,4,one_year,bank_transfer,2,230.7,1,0,1,0
331,2024-02-04 00:00:00,31,M,east,56,94.25,5278.0,3,one_year,credit_card,3,161.2,1,1,1,0
332,2023-09-28 00:00:00,40,F,south,16,29.38,470.08,1,two_year,mailed_check,4,327.8,1,1,1,0
333,2023-08-15 00:00:00,36,M,west,13,117.86,1532.18,4,one_year,bank_transfer,2,499.2,1,0,1,0
334,2024-08-28 00:00:00,29,F,east,24,114.84,2756.16,3,one_year,mailed_check,3,215.2,0,1,1,0
335,2023-12-02 00:00:00,35,M,east,70,108.04,7562.8,5,month-to-month,credit_card,2,82.0,1,0,0,0
336,2024-08-13 00:00:00,24,F,west,33,108.43,3578.19,3,month-to-month,electronic_check,0,321.0,1,0,0,0
337,2024-12-04 00:00:00,69,F,north,19,71.11,1351.09,3,month-to-month,electronic_check,0,200.3,1,1,1,0
338,2023-08-20 00:00:00,38,M,east,37,69.79,2582.23,2,two_year,mailed_check,1,294.9,1,0,0,0
339,2023-05-28 00:00:00,23,M,west,25,102.01,2550.25,3,month-to-month,mailed_check,1,498.5,0,0,0,1
340,2024-11-26 00:00:00,48,F,west,48,48.33,2319.84,1,month-to-month,credit_card,0,229.0,1,1,1,0
341,2024-04-08 00:00:00,64,F,north,32,104.99,3359.68,4,two_year,electronic_check,1,151.4,1,0,1,0
342,2023-08-01 00:00:00,37,M,west,42,40.09,1683.78,3,month-to-month,bank_transfer,1,490.4,0,0,1,0
343,2024-03-29 00:00:00,62,F,north,31,107.91,3345.21,2,one_year,electronic_check,3,333.7,1,0,0,0
344,2024-01-11 00:00:00,50,M,south,35,74.11,2593.85,3,one_year,electronic_check,3,152.8,1,1,0,0
345,2024-10-23 00:00:00,57,M,west,32,104.32,3338.24,6,month-to-month,credit_card,1,158.5,1,1,0,0
346,2023-07-06 00:00:00,33,F,east,28,69.31,1940.68,5,month-to-month,bank_transfer,2,302.4,0,1,1,0
347,2024-12-24 00:00:00,19,M,east,70,80.84,5658.8,6,month-to-month,credit_card,0,181.6,0,0,0,0
348,2024-11-14 00:00:00,36,M,east,19,112.68,2140.92,3,one_year,mailed_check,0,386.5,0,1,1,0
349,2023-05-12 00:00:00,66,M,west,58,61.82,3585.56,3,two_year,bank_transfer,1,96.5,1,1,0,0
350,2023-05-01 00:00:00,59,M,north,51,42.03,2143.53,1,two_year,bank_transfer,2,95.4,0,1,0,0
351,2024-01-25 00:00:00,59,M,south,38,29.1,1105.8,5,month-to-month,bank_transfer,1,116.4,1,1,1,0
352,2023-02-02 00:00:00,64,M,south,23,79.0,1817.0,1,month-to-month,electronic_check,2,436.9,0,1,0,0
353,2023-08-07 00:00:00,37,F,west,35,81.11,2838.85,6,one_year,electronic_check,1,45.6,0,0,0,0
354,2023-11-14 00:00:00,35,F,east,62,82.07,5088.34,5,one_year,electronic_check,0,300.5,0,1,1,0
355,2024-12-08 00:00:00,67,M,east,13,23.72,308.36,3,month-to-month,bank_transfer,0,431.8,0,0,0,0
356,2024-12-25 00:00:00,48,M,west,42,22.74,955.08,4,month-to-month,bank_transfer,1,88.5,1,0,0,0
357,2023-04-21 00:00:00,33,F,west,55,109.54,6024.7,6,month-to-month,bank_transfer,1,459.5,0,0,0,0
358,2024-10-12 00:00:00,32,M,south,46,89.55,4119.3,1,month-to-month,electronic_check,1,355.6,1,1,0,0
359,2023-03-08 00:00:00,64,M,south,10,31.33,313.3,5,one_year,bank_transfer,3,115.0,0,1,1,0
360,2024-06-30 00:00:00,20,F,north,37,27.46,1016.02,6,two_year,electronic_check,1,490.2,1,1,1,0
361,2024-09-09 00:00:00,21,M,north,13,36.19,470.47,4,month-to-month,credit_card,1,416.2,0,1,0,0
362,2024-10-12 00:00:00,57,F,south,67,100.69,6746.23,4,month-to-month,mailed_check,3,28.4,1,0,1,0
363,2023-06-13 00:00:00,18,F,east,25,92.31,2307.75,4,month-to-month,bank_transfer,2,412.6,0,0,0,0
364,2024-10-14 00:00:00,27,F,west,30,83.87,2516.1,1,month-to-month,electronic_check,2,288.4,1,0,0,1
365,2023-03-26 00:00:00,70,M,south,62,84.08,5212.96,6,month-to-month,electronic_check,0,444.9,0,1,1,0
366,2024-01-14 00:00:00,40,M,east,31,105.89,3282.59,2,month-to-month,mailed_check,0,294.9,1,1,0,0
367,2023-12-09 00:00:00,56,M,west,14,53.35,746.9,3,month-to-month,mailed_check,1,398.0,1,1,0,0
368,2023-08-19 00:00:00,43,F,south,65,52.22,3394.3,6,one_year,electronic_check,1,416.4,1,1,0,0
369,2023-01-17 00:00:00,22,F,north,47,62.54,2939.38,1,one_year,mailed_check,3,398.2,0,0,1,0
370,2024-07-17 00:00:00,27,F,west,44,118.97,5234.68,3,one_year,electronic_check,1,29.4,1,0,0,0
371,2023-09-02 00:00:00,58,M,east,5,75.49,377.45,4,month-to-month,credit_card,0,332.8,1,1,0,0
372,2024-04-28 00:00:00,23,F,north,32,74.69,2390.08,2,month-to-month,mailed_check,2,448.4,0,0,0,0
373,2023-10-27 00:00:00,49,F,south,33,100.96,3331.68,5,month-to-month,mailed_check,1,468.1,0,0,0,1
374,2023-09-30 00:00:00,36,F,south,19,37.81,718.39,4,month-to-month,bank_transfer,0,383.5,1,1,1,0
375,2024-10-08 00:00:00,37,F,north,41,60.54,2482.14,2,month-to-month,bank_transfer,2,155.1,1,1,0,0
376,2023-03-10 00:00:00,68,M,south,17,84.14,1430.38,2,month-to-month,electronic_check,1,429.2,0,0,1,0
377,2024-06-21 00:00:00,50,M,west,34,118.8,4039.2,2,two_year,bank_transfer,1,12.8,1,0,1,0
378,2024-06-29 00:00:00,50,F,east,58,35.45,2056.1,5,two_year,credit_card,1,385.5,0,0,0,0
379,2023-10-05 00:00:00,36,M,west,53,65.2,3455.6,4,one_year,mailed_check,1,242.7,0,0,0,0
380,2023-07-11 00:00:00,38,M,west,20,110.56,2211.2,5,one_year,electronic_check,0,440.0,0,0,1,0
381,2023-01-04 00:00:00,54,M,south,15,92.55,1388.25,5,one_year,electronic_check,0,250.9,1,1,0,0
382,2024-11-14 00:00:00,20,M,north,0,81.38,0.0,5,one_year,credit_card,0,211.4,0,1,0,0
383,2024-11-22 00:00:00,30,F,north,25,45.71,1142.75,6,one_year,electronic_check,0,422.3,0,1,1,0
384,2023-06-25 00:00:00,49,M,west,1,38.72,38.72,4,month-to-month,electronic_check,2,164.7,1,0,0,0
385,2023-01-24 00:00:00,51,M,south,9,57.42,516.78,3,two_year,credit_card,2,243.9,1,0,1,0
386,2023-03-31 00:00:00,22,F,east,71,45.51,3231.21,5,one_year,credit_card,2,421.8,0,0,1,0
387,2023-02-19 00:00:00,59,F,south,62,100.85,6252.7,6,month-to-month,mailed_check,0,6.5,1,0,1,0
388,2024-08-29 00:00:00,46,M,west,40,92.07,3682.8,2,month-to-month,electronic_check,0,175.0,1,1,0,0
389,2024-10-13 00:00:00,30,M,east,56,103.52,5797.12,3,one_year,bank_transfer,2,416.4,0,0,1,0
390,2023-04-22 00:00:00,57,M,west,35,37.11,1298.85,6,two_year,credit_card,1,439.8,0,0,0,0
391,2024-06-29 00:00:00,70,M,south,43,51.0,2193.0,4,month-to-month,electronic_check,2,80.0,1,0,1,1
392,2023-05-11 00:00:00,40,M,west,67,96.86,6489.62,1,month-to-month,electronic_check,0,222.3,0,0,0,0
393,2023-09-26 00:00:00,33,M,east,5,36.35,181.75,3,month-to-month,credit_card,0,171.9,1,0,0,0
394,2024-03-13 00:00:00,33,F,north,25,34.56,864.0,2,month-to-month,bank_transfer,2,487.9,1,0,0,0
395,2024-06-09 00:00:00,49,F,north,8,58.31,466.48,3,month-to-month,mailed_check,2,282.1,0,0,0,1
396,2024-09-30 00:00:00,20,F,south,58,38.64,2241.12,6,month-to-month,credit_card,2,199.7,0,0,1,0
397,2023-02-02 00:00:00,43,M,north,60,27.89,1673.4,6,month-to-month,bank_transfer,1,436.1,0,0,1,0
398,2023-05-24 00:00:00,19,M,west,52,51.28,2666.56,6,month-to-month,credit_card,1,354.1,1,1,0,0
399,2023-07-24 00:00:00,20,F,north,44,107.56,4732.64,5,one_year,electronic_check,1,356.3,0,0,1,0
400,2023-08-15 00:00:00,40,F,east,34,25.65,872.1,4,month-to-month,mailed_check,1,305.9,0,0,0,0
401,2024-12-29 00:00:00,57,F,east,1,76.61,76.61,4,month-to-month,bank_transfer,0,208.5,1,0,1,1
402,2024-07-21 00:00:00,64,M,east,56,76.3,4272.8,3,month-to-month,mailed_check,1,49.3,0,0,1,0
403,2023-08-22 00:00:00,22,M,east,65,73.08,4750.2,1,one_year,mailed_check,1,317.0,1,1,0,0
404,2024-12-10 00:00:00,30,M,west,70,70.55,4938.5,1,month-to-month,bank_transfer,1,207.3,0,1,0,0
405,2023-12-31 00:00:00,40,F,west,24,21.72,521.28,4,one_year,bank_transfer,1,226.3,0,1,1,0
406,2024-01-01 00:00:00,48,M,west,14,24.75,346.5,4,month-to-month,electronic_check,0,462.0,1,0,1,0
407,2023-11-13 00:00:00,70,F,south,47,71.12,3342.64,2,month-to-month,mailed_check,2,360.5,1,1,1,0
408,2023-04-16 00:00:00,54,F,east,1,116.83,116.83,1,two_year,bank_transfer,1,390.9,0,1,0,0
409,2024-11-13 00:00:00,46,F,north,4,60.8,243.2,1,month-to-month,bank_transfer,1,380.1,0,0,0,0
410,2023-01-11 00:00:00,21,M,west,59,67.23,3966.57,2,month-to-month,mailed_check,2,216.3,1,0,1,0
411,2023-05-08 00:00:00,22,F,north,69,118.21,8156.49,6,month-to-month,electronic_check,2,279.5,0,1,0,0
412,2023-06-17 00:00:00,26,F,north,29,97.91,2839.39,3,month-to-month,electronic_check,1,271.8,0,1,1,0
413,2023-07-23 00:00:00,53,M,west,37,97.01,3589.37,6,one_year,credit_card,1,120.4,0,0,1,0
414,2023-04-07 00:00:00,35,F,west,39,70.47,2748.33,6,one_year,credit_card,0,316.4,1,0,1,0
415,2023-01-14 00:00:00,30,F,north,10,109.79,1097.9,6,two_year,bank_transfer,0,187.3,0,0,1,0
416,2024-05-09 00:00:00,53,F,west,16,78.12,1249.92,6,month-to-month,bank_transfer,1,27.1,1,1,0,0
417,2024-12-08 00:00:00,61,M,north,21,85.67,1799.07,2,month-to-month,electronic_check,1,485.1,1,0,0,1
418,2023-03-30 00:00:00,41,F,north,61,98.76,6024.36,6,two_year,mailed_check,0,208.1,0,1,1,0
419,2023-08-05 00:00:00,64,M,west,31,60.66,1880.46,6,month-to-month,mailed_check,2,174.9,1,0,0,1
420,2024-01-05 00:00:00,56,M,north,52,115.33,5997.16,5,two_year,mailed_check,2,313.7,0,1,0,0
421,2024-11-08 00:00:00,55,M,north,14,118.8,1663.2,2,one_year,electronic_check,0,226.8,1,1,1,0
422,2024-05-21 00:00:00,63,M,west,69,78.71,5430.99,2,month-to-month,electronic_check,0,488.7,0,1,0,0
423,2024-07-13 00:00:00,27,M,east,64,42.21,2701.44,4,two_year,credit_card,1,25.0,1,0,0,0
424,2024-02-29 00:00:00,58,M,east,34,97.49,3314.66,1,month-to-month,mailed_check,1,408.3,1,1,0,0
425,2023-11-01 00:00:00,68,F,west,16,52.21,835.36,5,one_year,credit_card,1,10.6,1,0,0,0
426,2023-05-26 00:00:00,70,M,north,71,77.71,5517.41,3,month-to-month,bank_transfer,5,91.4,0,0,1,0
427,2024-09-22 00:00:00,48,F,west,58,28.67,1662.86,1,one_year,credit_card,2,87.0,1,1,0,0
428,2024-08-10 00:00:00,57,M,south,37,100.74,3727.38,2,month-to-month,electronic_check,0,170.3,0,0,0,0
429,2023-01-19 00:00:00,65,F,east,19,115.91,2202.29,3,month-to-month,electronic_check,3,437.8,0,0,1,1
430,2024-06-06 00:00:00,63,F,south,45,29.42,1323.9,4,two_year,bank_transfer,0,121.9,0,0,1,0
431,2023-03-03 00:00:00,65,F,south,27,93.16,2515.32,4,month-to-month,mailed_check,0,257.5,0,1,0,0
432,2024-06-23 00:00:00,62,F,south,49,106.08,5197.92,3,month-to-month,electronic_check,2,239.2,1,1,0,0
433,2024-08-25 00:00:00,38,F,east,60,30.95,1857.0,4,month-to-month,bank_transfer,2,118.2,0,0,0,0
434,2023-04-06 00:00:00,56,M,west,35,44.68,1563.8,6,one_year,electronic_check,4,231.7,1,1,0,0
435,2023-11-13 00:00:00,39,M,north,3,59.19,177.57,3,month-to-month,electronic_check,2,422.0,1,0,0,0
436,2023-04-01 00:00:00,60,M,east,41,103.68,4250.88,3,one_year,credit_card,2,349.2,0,0,1,0
437,2024-02-19 00:00:00,60,M,west,62,69.34,4299.08,1,one_year,mailed_check,1,195.6,1,1,1,0
438,2024-11-08 00:00:00,67,M,east,16,33.7,539.2,3,one_year,electronic_check,4,134.7,1,0,1,0
439,2023-03-01 00:00:00,49,M,west,70,45.64,3194.8,2,two_year,electronic_check,1,257.8,1,1,0,0
440,2023-10-18 00:00:00,43,F,north,26,66.74,1735.24,5,two_year,credit_card,0,112.4,0,0,0,0
441,2024-12-11 00:00:00,26,F,south,49,23.93,1172.57,1,month-to-month,credit_card,1,77.8,1,0,1,0
442,2023-08-08 00:00:00,51,F,south,51,83.1,4238.1,4,one_year,electronic_check,3,21.7,0,1,1,0
443,2023-04-07 00:00:00,48,F,east,13,22.53,292.89,5,month-to-month,mailed_check,0,5.3,0,0,1,0
444,2023-12-23 00:00:00,45,M,south,2,98.09,196.18,2,month-to-month,bank_transfer,1,486.4,0,0,0,0
445,2024-01-07 00:00:00,53,M,south,69,93.39,6443.91,1,month-to-month,electronic_check,2,180.7,1,1,1,0
446,2024-04-28 00:00:00,63,F,west,51,106.54,5433.54,5,month-to-month,mailed_check,1,18.6,1,1,0,0
447,2023-08-18 00:00:00,25,F,north,46,35.77,1645.42,4,month-to-month,electronic_check,1,290.6,1,0,0,0
448,2024-11-28 00:00:00,40,M,west,22,80.26,1765.72,4,month-to-month,electronic_check,1,235.0,1,1,1,0
449,2024-01-16 00:00:00,56,M,north,7,98.1,686.7,6,one_year,bank_transfer,1,287.2,1,0,0,1
450,2023-07-29 00:00:00,61,M,south,19,71.57,1359.83,1,two_year,electronic_check,1,270.8,0,1,1,0
451,2024-12-02 00:00:00,59,M,east,39,33.08,1290.12,2,month-to-month,mailed_check,0,50.0,0,0,1,0
452,2024-11-06 00:00:00,60,M,west,50,29.89,1494.5,3,month-to-month,electronic_check,0,374.3,0,1,0,0
453,2023-12-31 00:00:00,63,M,west,23,80.59,1853.57,4,month-to-month,mailed_check,0,188.1,1,1,0,0
454,2023-01-19 00:00:00,68,F,north,15,69.76,1046.4,6,month-to-month,credit_card,0,498.1,0,0,1,0
455,2024-03-11 00:00:00,50,F,east,18,112.96,2033.28,4,two_year,mailed_check,1,295.5,1,0,1,0
456,2024-02-10 00:00:00,31,F,south,70,103.38,7236.6,2,month-to-month,mailed_check,0,245.2,0,0,1,0
457,2023-04-19 00:00:00,47,F,west,46,92.37,4249.02,6,month-to-month,mailed_check,3,180.7,1,0,1,0
458,2024-04-07 00:00:00,55,F,west,72,118.24,8513.28,3,month-to-month,credit_card,0,269.4,0,1,0,0
459,2024-09-05 00:00:00,23,M,north,0,89.46,0.0,6,month-to-month,bank_transfer,1,236.6,0,1,1,1
460,2023-03-19 00:00:00,58,F,south,33,29.24,964.92,2,month-to-month,electronic_check,0,262.9,0,1,1,0
461,2024-06-12 00:00:00,46,M,west,33,27.76,916.08,5,two_year,electronic_check,0,485.2,0,0,1,0
462,2023-04-13 00:00:00,67,F,west,29,101.59,2946.11,4,one_year,bank_transfer,0,202.7,1,1,0,0
463,2024-06-30 00:00:00,29,M,east,28,56.07,1569.96,4,month-to-month,bank_transfer,0,140.5,0,1,1,0
464,2023-11-02 00:00:00,66,F,north,5,112.43,562.15,6,one_year,electronic_check,0,212.7,0,1,1,0
465,2023-01-05 00:00:00,41,F,south,2,31.82,63.64,1,two_year,mailed_check,0,26.1,0,1,0,0
466,2024-12-06 00:00:00,48,M,west,56,39.88,2233.28,2,month-to-month,bank_transfer,1,228.1,1,0,1,0
467,2023-05-02 00:00:00,52,M,east,32,97.32,3114.24,2,one_year,mailed_check,1,460.4,1,1,1,0
468,2024-03-11 00:00:00,48,M,north,11,104.75,1152.25,5,one_year,bank_transfer,2,100.5,1,1,0,0
469,2023-05-13 00:00:00,65,F,south,25,106.72,2668.0,6,one_year,mailed_check,1,44.6,0,1,1,0
470,2024-11-12 00:00:00,26,F,north,68,29.91,2033.88,6,month-to-month,bank_transfer,1,8.0,1,1,0,0
471,2024-06-22 00:00:00,56,M,south,34,58.18,1978.12,2,one_year,bank_transfer,2,322.1,0,1,1,0
472,2024-08-10 00:00:00,69,F,south,72,84.64,6094.08,2,one_year,credit_card,2,382.5,0,0,0,0
473,2023-11-12 00:00:00,29,M,east,11,111.88,1230.68,3,one_year,bank_transfer,1,335.7,0,1,1,0
474,2023-12-08 00:00:00,31,M,west,8,43.9,351.2,5,month-to-month,mailed_check,2,320.4,1,0,0,1
475,2024-04-08 00:00:00,43,M,east,41,80.03,3281.23,5,month-to-month,bank_transfer,1,408.4,0,0,0,0
476,2024-07-26 00:00:00,56,F,east,49,34.35,1683.15,6,one_year,credit_card,0,426.7,1,0,1,0
477,2024-09-10 00:00:00,68,M,south,71,94.73,6725.83,5,one_year,mailed_check,2,168.1,1,0,1,0
478,2023-01-14 00:00:00,60,M,east,34,32.75,1113.5,6,two_year,mailed_check,0,289.8,1,1,0,0
479,2024-04-29 00:00:00,60,M,west,14,120.0,1680.0,2,month-to-month,electronic_check,2,329.0,1,0,1,1
480,2023-03-21 00:00:00,41,F,north,39,29.23,1139.97,4,month-to-month,bank_transfer,0,170.7,1,1,0,0
481,2023-07-30 00:00:00,52,M,south,22,88.53,1947.66,4,one_year,mailed_check,1,318.1,1,1,0,0
482,2024-08-28 00:00:00,29,F,north,13,97.7,1270.1,1,one_year,electronic_check,1,329.7,0,1,1,0
483,2023-07-02 00:00:00,42,F,north,6,45.8,274.8,6,month-to-month,bank_transfer,4,0.1,0,0,0,1
484,2024-08-04 00:00:00,28,F,north,52,45.48,2364.96,1,one_year,credit_card,4,42.5,0,0,1,0
485,2023-12-04 00:00:00,19,M,east,46,79.61,3662.06,6,month-to-month,electronic_check,0,367.4,1,0,1,0
486,2023-06-19 00:00:00,63,F,west,12,83.05,996.6,2,month-to-month,mailed_check,1,37.7,1,0,0,0
487,2023-09-01 00:00:00,60,M,west,40,92.05,3682.0,2,month-to-month,credit_card,0,253.9,1,1,1,0
488,2024-01-23 00:00:00,45,M,north,64,78.03,4993.92,4,month-to-month,credit_card,3,22.2,1,0,0,0
489,2024-07-12 00:00:00,18,M,east,59,37.45,2209.55,3,one_year,mailed_check,1,414.1,0,1,0,0
490,2024-03-18 00:00:00,22,M,south,33,112.41,3709.53,3,month-to-month,electronic_check,0,277.3,1,1,1,0
491,2024-11-12 00:00:00,23,F,south,4,36.66,146.64,6,two_year,mailed_check,0,101.9,1,0,0,0
492,2024-09-25 00:00:00,56,F,east,46,76.52,3519.92,5,month-to-month,electronic_check,2,431.3,0,0,0,0
493,2024-07-03 00:00:00,28,F,east,37,112.0,4144.0,4,one_year,mailed_check,1,60.0,0,1,1,0
494,2024-03-16 00:00:00,31,M,east,67,111.3,7457.1,5,month-to-month,bank_transfer,1,453.8,0,1,0,0
495,2023-07-31 00:00:00,63,F,north,40,36.79,1471.6,5,month-to-month,bank_transfer,0,486.0,1,0,1,0
496,2023-10-29 00:00:00,64,F,south,53,43.86,2324.58,2,one_year,bank_transfer,1,328.9,0,1,1,0
497,2023-03-28 00:00:00,58,M,south,38,80.19,3047.22,3,two_year,credit_card,0,419.2,0,1,1,0
498,2023-10-01 00:00:00,34,M,north,39,53.72,2095.08,6,two_year,bank_transfer,4,411.9,0,0,0,0
499,2024-11-07 00:00:00,48,F,north,23,93.09,2141.07,5,month-to-month,mailed_check,2,226.8,1,1,0,0
500,2023-11-07 00:00:00,28,M,south,29,72.24,2094.96,1,month-to-month,electronic_check,2,61.1,0,0,1,0
501,2023-03-25 00:00:00,63,M,north,21,46.61,978.81,2,month-to-month,credit_card,5,41.6,1,0,1,0
502,2024-04-20 00:00:00,22,F,east,33,61.1,2016.3,2,month-to-month,bank_transfer,2,51.9,1,0,0,0
503,2024-12-03 00:00:00,57,M,north,69,89.11,6148.59,4,month-to-month,electronic_check,1,256.5,1,0,0,0
504,2024-09-25 00:00:00,45,M,north,24,98.51,2364.24,5,two_year,electronic_check,1,17.7,0,0,1,0
505,2023-07-20 00:00:00,58,F,west,33,56.96,1879.68,3,one_year,bank_transfer,1,240.1,1,0,0,0
506,2023-11-28 00:00:00,41,F,east,69,30.5,2104.5,2,month-to-month,electronic_check,1,143.4,1,1,0,0
507,2024-01-23 00:00:00,26,F,east,11,55.33,608.63,4,two_year,bank_transfer,3,435.9,0,0,1,0
508,2023-06-30 00:00:00,57,F,north,18,83.05,1494.9,2,one_year,electronic_check,2,45.3,0,1,1,0
509,2023-07-16 00:00:00,51,F,north,36,95.98,3455.28,5,month-to-month,bank_transfer,1,340.0,0,0,0,0
510,2023-06-22 00:00:00,42,F,west,29,107.97,3131.13,6,one_year,electronic_check,0,40.6,1,0,1,0
511,2024-12-27 00:00:00,37,F,west,24,116.19,2788.56,4,one_year,mailed_check,1,263.9,0,0,0,0
512,2024-06-28 00:00:00,36,F,west,56,72.94,4084.64,6,month-to-month,credit_card,1,167.1,1,0,0,0
513,2024-09-05 00:00:00,43,M,west,36,108.02,3888.72,4,month-to-month,electronic_check,0,274.7,1,1,0,0
514,2024-08-19 00:00:00,31,F,north,26,46.21,1201.46,5,month-to-month,electronic_check,1,36.6,0,0,0,0
515,2024-12-01 00:00:00,32,F,west,34,75.97,2582.98,6,month-to-month,electronic_check,1,250.1,0,1,0,0
516,2023-03-18 00:00:00,32,M,south,64,73.94,4732.16,2,two_year,electronic_check,1,254.4,1,1,0,0
517,2024-10-05 00:00:00,18,F,east,71,96.87,6877.77,4,month-to-month,mailed_check,0,421.8,0,0,1,0
518,2023-02-18 00:00:00,67,F,south,17,97.31,1654.27,2,month-to-month,electronic_check,1,28.0,1,0,1,0
519,2023-12-14 00:00:00,30,M,east,2,48.53,97.06,1,two_year,mailed_check,0,61.6,0,0,0,1
520,2024-03-09 00:00:00,26,M,west,2,108.59,217.18,2,two_year,bank_transfer,2,490.1,0,0,1,0
521,2023-09-19 00:00:00,26,M,west,32,109.15,3492.8,1,one_year,credit_card,1,243.6,0,0,0,1
522,2023-04-17 00:00:00,70,M,east,45,114.82,5166.9,2,one_year,electronic_check,1,355.2,1,0,1,0
523,2023-05-21 00:00:00,43,M,south,3,65.76,197.28,1,two_year,credit_card,2,145.8,0,1,0,0
524,2024-08-25 00:00:00,35,M,east,37,118.74,4393.38,6,one_year,credit_card,0,315.1,1,0,0,0
525,2023-08-21 00:00:00,39,M,south,29,98.49,2856.21,3,month-to-month,bank_transfer,1,211.6,0,1,1,0
526,2023-08-15 00:00:00,22,M,north,68,85.32,5801.76,1,month-to-month,bank_transfer,0,415.9,0,0,0,0
527,2024-11-05 00:00:00,34,F,east,44,63.23,2782.12,3,month-to-month,mailed_check,3,217.1,1,1,0,0
528,2023-04-16 00:00:00,31,F,north,30,104.24,3127.2,5,month-to-month,electronic_check,3,338.3,0,0,0,1
529,2024-10-30 00:00:00,60,M,south,42,96.41,4049.22,4,month-to-month,credit_card,2,166.1,1,1,0,0
530,2024-11-03 00:00:00,21,M,east,9,78.56,707.04,1,month-to-month,credit_card,1,102.3,1,1,0,0
531,2024-03-12 00:00:00,40,M,west,34,119.71,4070.14,1,month-to-month,electronic_check,1,108.9,0,0,1,0
532,2023-05-01 00:00:00,59,M,east,24,44.95,1078.8,4,one_year,electronic_check,0,282.9,0,0,0,0
533,2023-04-24 00:00:00,62,M,west,13,84.18,1094.34,6,month-to-month,electronic_check,0,245.4,1,0,0,1
534,2023-07-27 00:00:00,45,M,west,28,52.11,1459.08,1,month-to-month,mailed_check,0,351.2,1,0,0,0
535,2024-02-26 00:00:00,29,M,north,46,65.78,3025.88,6,one_year,credit_card,0,424.1,0,1,0,0
536,2023-04-23 00:00:00,35,F,west,42,53.89,2263.38,1,month-to-month,electronic_check,2,18.4,1,1,0,0
537,2023-11-29 00:00:00,29,M,south,70,53.46,3742.2,3,month-to-month,bank_transfer,1,399.6,0,0,1,0
538,2023-03-26 00:00:00,53,F,east,20,57.68,1153.6,2,month-to-month,credit_card,4,430.0,0,1,0,1
539,2024-01-30 00:00:00,33,M,north,51,25.67,1309.17,3,one_year,mailed_check,2,355.5,1,0,0,0
540,2023-01-16 00:00:00,51,M,east,40,23.99,959.6,6,two_year,bank_transfer,0,339.8,1,1,1,0
541,2024-06-01 00:00:00,52,F,east,63,92.49,5826.87,2,month-to-month,mailed_check,1,469.3,0,1,0,0
542,2023-02-10 00:00:00,67,M,west,66,51.09,3371.94,4,two_year,electronic_check,2,444.9,1,0,1,0
543,2023-05-23 00:00:00,37,F,west,51,22.12,1128.12,2,two_year,mailed_check,2,183.6,0,1,0,0
544,2023-05-08 00:00:00,68,F,west,30,28.15,844.5,4,two_year,electronic_check,1,321.7,0,0,1,0
545,2024-08-29 00:00:00,39,F,east,38,39.58,1504.04,1,two_year,bank_transfer,2,267.6,1,0,1,0
546,2023-02-08 00:00:00,54,M,west,47,24.82,1166.54,2,one_year,electronic_check,0,53.4,0,1,0,0
547,2023-11-10 00:00:00,53,F,north,58,114.61,6647.38,6,month-to-month,credit_card,2,115.0,1,1,1,0
548,2024-03-07 00:00:00,61,M,west,16,76.84,1229.44,5,month-to-month,bank_transfer,2,252.4,1,0,1,1
549,2024-01-12 00:00:00,42,M,north,63,59.4,3742.2,6,month-to-month,credit_card,1,226.1,1,1,1,0
550,2024-05-11 00:00:00,59,M,south,58,73.27,4249.66,5,month-to-month,bank_transfer,0,286.8,1,0,1,0
551,2024-08-09 00:00:00,36,F,west,6,31.28,187.68,2,two_year,bank_transfer,1,398.6,0,0,1,0
552,2023-10-15 00:00:00,44,F,east,19,90.18,1713.42,3,month-to-month,electronic_check,0,401.8,1,0,1,0
553,2024-08-27 00:00:00,44,M,west,17,116.96,1988.32,6,month-to-month,mailed_check,0,136.0,0,1,1,1
554,2023-08-21 00:00:00,55,M,east,42,33.07,1388.94,5,two_year,bank_transfer,0,132.7,0,1,1,0
555,2024-12-19 00:00:00,50,F,east,15,35.26,528.9,4,month-to-month,bank_transfer,2,307.8,0,0,0,0
556,2024-01-04 00:00:00,22,F,north,21,82.87,1740.27,6,month-to-month,bank_transfer,0,189.4,0,0,0,0
557,2024-06-21 00:00:00,60,M,west,13,35.19,457.47,1,month-to-month,electronic_check,4,480.0,0,1,0,0
558,2024-09-30 00:00:00,58,M,east,4,32.61,130.44,6,month-to-month,electronic_check,2,317.2,1,0,0,1
559,2024-08-01 00:00:00,23,F,east,33,87.05,2872.65,1,month-to-month,electronic_check,3,129.0,1,0,0,0
560,2024-09-13 00:00:00,68,F,south,23,81.87,1883.01,6,month-to-month,electronic_check,1,52.8,0,0,1,0
561,2024-01-27 00:00:00,53,F,west,36,41.77,1503.72,5,one_year,bank_transfer,0,361.9,1,0,0,0
562,2023-02-01 00:00:00,22,M,south,15,102.32,1534.8,3,month-to-month,mailed_check,0,160.3,0,1,1,0
563,2023-12-26 00:00:00,44,M,north,20,30.53,610.6,3,one_year,mailed_check,1,95.7,0,1,1,0
564,2023-05-13 00:00:00,62,M,north,65,53.26,3461.9,1,month-to-month,electronic_check,0,126.2,1,0,0,0
565,2024-10-11 00:00:00,32,M,east,58,93.89,5445.62,2,month-to-month,bank_transfer,0,347.3,0,1,1,0
566,2023-06-22 00:00:00,67,F,east,19,81.39,1546.41,2,month-to-month,electronic_check,0,329.0,1,1,1,0
567,2023-06-16 00:00:00,40,M,north,11,80.01,880.11,5,one_year,electronic_check,0,50.4,1,1,0,0
568,2023-07-02 00:00:00,29,F,east,71,88.63,6292.73,2,one_year,credit_card,2,332.4,1,1,0,0
569,2024-04-14 00:00:00,36,F,west,49,84.65,4147.85,5,month-to-month,bank_transfer,1,308.3,1,1,1,0
570,2024-02-21 00:00:00,45,F,east,35,107.43,3760.05,2,one_year,electronic_check,0,400.1,0,0,1,0
571,2024-11-23 00:00:00,54,F,west,51,76.88,3920.88,6,month-to-month,electronic_check,2,43.5,0,0,1,0
572,2023-10-31 00:00:00,67,F,north,16,60.13,962.08,3,two_year,mailed_check,1,136.2,0,1,1,0
573,2023-07-26 00:00:00,28,M,south,31,96.61,2994.91,5,two_year,bank_transfer,2,401.8,1,1,0,0
574,2023-02-05 00:00:00,68,M,east,28,45.92,1285.76,5,month-to-month,electronic_check,3,219.8,0,1,1,0
575,2023-01-06 00:00:00,45,M,south,52,95.96,4989.92,6,month-to-month,bank_transfer,3,454.5,0,0,1,0
576,2023-09-30 00:00:00,24,F,north,13,48.0,624.0,4,month-to-month,mailed_check,2,346.0,1,0,1,0
577,2024-11-06 00:00:00,67,F,south,35,68.04,2381.4,3,one_year,bank_transfer,0,27.1,0,0,0,0
578,2024-01-18 00:00:00,36,M,south,60,93.92,5635.2,4,month-to-month,bank_transfer,0,225.6,1,1,1,0
579,2024-10-14 00:00:00,50,M,north,14,82.77,1158.78,1,month-to-month,credit_card,0,148.5,1,1,1,0
580,2023-03-16 00:00:00,55,M,south,8,28.57,228.56,6,two_year,electronic_check,0,380.5,1,1,0,0
581,2023-03-10 00:00:00,18,M,south,59,64.66,3814.94,5,month-to-month,electronic_check,1,75.0,1,0,1,0
582,2024-08-31 00:00:00,29,F,west,63,101.19,6374.97,1,two_year,electronic_check,0,441.3,0,1,1,0
583,2023-03-19 00:00:00,54,M,south,31,119.68,3710.08,2,month-to-month,electronic_check,1,364.9,1,0,0,1
584,2023-02-07 00:00:00,35,F,south,3,66.68,200.04,1,two_year,electronic_check,1,292.9,0,0,0,1
585,2023-10-22 00:00:00,18,F,south,39,28.59,1115.01,5,one_year,electronic_check,3,280.6,1,0,1,0
586,2024-11-06 00:00:00,19,M,east,21,56.62,1189.02,4,month-to-month,credit_card,5,475.9,0,1,0,0
587,2024-05-18 00:00:00,61,M,south,42,68.99,2897.58,1,month-to-month,credit_card,2,431.8,1,0,1,0
588,2023-03-14 00:00:00,26,F,west,10,27.34,273.4,4,month-to-month,bank_transfer,4,461.0,0,0,0,0
589,2024-09-03 00:00:00,23,F,south,58,106.43,6172.94,3,one_year,mailed_check,2,411.1,0,1,0,0
590,2024-09-07 00:00:00,47,M,south,50,73.88,3694.0,3,month-to-month,bank_transfer,1,175.3,1,0,1,0
591,2024-08-07 00:00:00,24,M,north,47,61.61,2895.67,4,two_year,bank_transfer,1,84.9,1,0,0,0
592,2024-10-20 00:00:00,52,F,west,37,59.72,2209.64,6,one_year,bank_transfer,1,149.1,0,0,0,0
593,2023-06-25 00:00:00,46,F,south,16,22.83,365.28,6,two_year,electronic_check,0,480.8,1,1,0,0
594,2024-12-16 00:00:00,52,F,north,68,71.89,4888.52,1,month-to-month,credit_card,1,481.8,1,0,1,0
595,2023-08-23 00:00:00,44,F,north,19,67.56,1283.64,6,month-to-month,mailed_check,0,101.9,1,1,1,0
596,2024-08-08 00:00:00,59,F,south,26,54.59,1419.34,4,month-to-month,electronic_check,0,113.2,1,0,1,0
597,2024-02-27 00:00:00,52,M,west,67,85.87,5753.29,2,month-to-month,mailed_check,0,329.0,0,0,0,0
598,2024-07-23 00:00:00,40,F,north,2,61.1,122.2,6,month-to-month,electronic_check,3,276.7,0,1,1,1
599,2024-04-03 00:00:00,18,M,north,9,77.18,694.62,3,month-to-month,credit_card,2,282.2,0,1,1,0
600,2024-04-14 00:00:00,32,F,east,55,108.5,5967.5,3,one_year,bank_transfer,0,453.5,1,1,0,0
601,2024-03-25 00:00:00,24,F,south,26,56.39,1466.14,6,month-to-month,credit_card,4,278.5,0,1,0,0
602,2024-07-22 00:00:00,18,F,west,42,59.79,2511.18,4,month-to-month,credit_card,1,290.2,1,0,1,0
603,2024-06-23 00:00:00,32,M,west,42,106.59,4476.78,1,month-to-month,bank_transfer,3,330.7,1,1,0,0
604,2023-04-09 00:00:00,28,F,east,60,55.81,3348.6,1,one_year,credit_card,0,255.3,1,0,0,0
605,2024-08-26 00:00:00,22,F,south,45,63.94,2877.3,5,one_year,credit_card,0,290.8,1,1,1,0
606,2024-01-27 00:00:00,34,F,east,31,100.08,3102.48,3,one_year,electronic_check,1,373.4,0,0,0,0
607,2023-08-24 00:00:00,44,F,east,40,79.19,3167.6,1,month-to-month,electronic_check,1,457.6,1,0,1,0
608,2024-01-11 00:00:00,27,M,south,53,113.39,6009.67,1,one_year,mailed_check,1,466.0,0,0,1,0
609,2024-12-06 00:00:00,32,M,south,27,67.07,1810.89,6,one_year,bank_transfer,0,333.9,1,0,0,0
610,2024-09-18 00:00:00,19,F,west,12,67.9,814.8,4,month-to-month,bank_transfer,3,134.4,0,0,0,0
611,2024-08-31 00:00:00,20,F,east,35,24.29,850.15,4,month-to-month,mailed_check,0,433.5,0,0,0,0
612,2023-12-04 00:00:00,26,F,south,72,39.73,2860.56,4,two_year,credit_card,0,347.0,1,1,1,0
613,2024-07-26 00:00:00,42,F,west,8,74.0,592.0,3,month-to-month,bank_transfer,1,183.8,0,1,0,0
614,2023-10-09 00:00:00,53,M,south,12,38.71,464.52,6,month-to-month,mailed_check,0,313.7,0,0,1,0
615,2024-05-15 00:00:00,59,M,north,72,65.36,4705.92,4,month-to-month,bank_transfer,2,211.3,0,0,1,0
616,2024-04-11 00:00:00,51,F,west,60,48.33,2899.8,4,two_year,credit_card,3,416.7,1,1,1,0
617,2023-07-02 00:00:00,50,M,west,8,22.08,176.64,6,month-to-month,electronic_check,0,168.3,0,0,1,0
618,2023-07-14 00:00:00,67,F,south,15,67.51,1012.65,1,two_year,mailed_check,4,219.8,0,1,0,0
619,2023-02-14 00:00:00,31,F,west,50,84.63,4231.5,2,two_year,bank_transfer,0,396.5,1,0,1,0
620,2023-04-13 00:00:00,60,F,south,57,53.82,3067.74,5,one_year,mailed_check,2,100.2,0,0,1,0
621,2023-11-13 00:00:00,67,M,east,53,97.65,5175.45,1,month-to-month,electronic_check,1,282.0,1,1,1,0
622,2023-12-15 00:00:00,48,F,north,62,34.61,2145.82,2,month-to-month,credit_card,1,224.4,0,1,1,0
623,2023-05-01 00:00:00,62,M,east,36,29.13,1048.68,1,two_year,electronic_check,2,183.7,1,1,1,0
624,2023-11-01 00:00:00,25,M,north,63,113.48,7149.24,5,two_year,electronic_check,1,55.0,1,0,0,0
625,2024-03-17 00:00:00,64,M,north,43,112.17,4823.31,6,two_year,credit_card,1,5.8,1,0,0,0
626,2023-06-19 00:00:00,47,M,west,34,60.65,2062.1,2,two_year,bank_transfer,0,306.8,0,1,0,0
627,2023-09-04 00:00:00,29,F,north,46,61.99,2851.54,5,one_year,mailed_check,1,280.1,0,0,0,0
628,2023-09-26 00:00:00,21,F,south,31,105.1,3258.1,5,month-to-month,mailed_check,0,468.1,0,0,0,0
629,2024-01-04 00:00:00,56,M,west,44,73.05,3214.2,6,month-to-month,electronic_check,4,150.6,0,0,1,0
630,2023-09-25 00:00:00,40,F,west,60,31.71,1902.6,6,month-to-month,electronic_check,2,20.3,0,0,1,0
631,2024-06-21 00:00:00,34,M,south,69,31.49,2172.81,3,month-to-month,credit_card,1,231.7,0,1,1,0
632,2023-08-28 00:00:00,38,F,north,42,33.11,1390.62,1,month-to-month,electronic_check,0,21.0,0,0,1,0
633,2023-11-13 00:00:00,70,F,south,0,98.08,0.0,5,month-to-month,electronic_check,1,129.4,1,1,1,0
634,2023-10-05 00:00:00,40,F,east,45,80.19,3608.55,4,month-to-month,bank_transfer,0,334.1,0,1,1,0
635,2023-05-14 00:00:00,22,M,south,18,49.98,899.64,3,month-to-month,credit_card,4,228.5,0,0,1,0
636,2024-05-15 00:00:00,32,M,east,17,36.21,615.57,4,one_year,bank_transfer,1,163.6,1,0,0,0
637,2023-06-21 00:00:00,25,M,west,64,32.35,2070.4,4,one_year,electronic_check,0,399.7,0,1,1,0
638,2023-08-05 00:00:00,54,F,east,32,94.14,3012.48,2,one_year,electronic_check,2,168.2,1,0,1,0
639,2024-08-01 00:00:00,60,F,east,57,108.59,6189.63,2,one_year,credit_card,2,80.0,0,0,1,0
640,2024-11-23 00:00:00,62,M,east,26,73.11,1900.86,3,month-to-month,bank_transfer,1,139.7,1,0,0,1
641,2024-05-04 00:00:00,51,M,north,44,97.27,4279.88,3,month-to-month,credit_card,1,476.2,0,0,1,0
642,2024-10-30 00:00:00,58,F,east,48,48.31,2318.88,5,month-to-month,mailed_check,1,125.1,0,0,0,0
643,2024-09-15 00:00:00,40,M,west,65,78.57,5107.05,1,month-to-month,bank_transfer,1,181.2,0,0,1,0
644,2023-12-18 00:00:00,51,F,east,14,63.8,893.2,2,one_year,credit_card,1,87.5,0,1,1,0
645,2024-07-16 00:00:00,23,F,west,40,28.77,1150.8,5,one_year,mailed_check,1,323.8,0,1,0,0
646,2023-08-28 00:00:00,46,M,west,29,68.74,1993.46,1,month-to-month,electronic_check,0,138.4,0,1,1,0
647,2023-12-03 00:00:00,47,M,south,33,104.68,3454.44,5,two_year,electronic_check,2,104.8,0,1,1,0
648,2024-01-26 00:00:00,19,M,south,61,25.18,1535.98,5,month-to-month,bank_transfer,1,293.5,0,1,0,0
649,2024-12-02 00:00:00,47,M,west,9,67.71,609.39,2,month-to-month,electronic_check,0,382.3,0,1,1,0
650,2024-09-11 00:00:00,56,F,south,39,107.33,4185.87,4,two_year,electronic_check,0,295.8,0,1,1,0
651,2023-12-24 00:00:00,37,F,east,28,99.01,2772.28,3,one_year,bank_transfer,2,249.2,0,1,1,0
652,2024-04-21 00:00:00,46,M,east,65,69.34,4507.1,2,one_year,bank_transfer,0,486.7,0,1,0,0
653,2023-05-28 00:00:00,33,F,north,15,37.13,556.95,1,one_year,mailed_check,0,142.5,1,1,1,0
654,2024-08-10 00:00:00,32,M,south,16,104.85,1677.6,6,month-to-month,credit_card,2,236.4,0,0,0,1
655,2024-02-08 00:00:00,24,M,south,6,35.31,211.86,6,one_year,electronic_check,0,95.6,0,1,0,1
656,2024-01-24 00:00:00,35,F,north,32,47.68,1525.76,6,one_year,mailed_check,2,251.5,1,1,1,0
657,2024-07-13 00:00:00,60,F,west,0,32.43,0.0,1,month-to-month,bank_transfer,2,242.8,0,0,1,0
658,2024-04-07 00:00:00,67,F,west,36,65.9,2372.4,6,month-to-month,bank_transfer,0,385.8,0,1,1,0
659,2023-02-22 00:00:00,51,M,west,16,82.92,1326.72,4,two_year,bank_transfer,1,228.5,0,0,0,0
660,2023-07-30 00:00:00,51,F,north,29,102.71,2978.59,4,month-to-month,bank_transfer,0,71.5,0,0,1,0
661,2023-05-10 00:00:00,50,M,south,44,66.13,2909.72,3,two_year,bank_transfer,5,474.8,0,1,0,0
662,2024-06-20 00:00:00,43,F,north,49,117.07,5736.43,2,month-to-month,credit_card,2,133.9,0,0,0,0
663,2023-01-26 00:00:00,40,F,north,4,79.59,318.36,2,month-to-month,credit_card,2,122.4,0,1,0,0
664,2023-05-28 00:00:00,50,F,east,10,80.44,804.4,2,one_year,credit_card,1,450.9,0,1,0,1
665,2024-03-12 00:00:00,59,M,west,23,37.53,863.19,5,one_year,mailed_check,1,331.3,0,1,0,0
666,2024-05-22 00:00:00,39,M,north,37,39.01,1443.37,6,month-to-month,bank_transfer,0,442.9,1,1,1,0
667,2024-01-03 00:00:00,47,F,east,64,77.66,4970.24,6,month-to-month,mailed_check,2,143.9,0,1,1,0
668,2024-09-20 00:00:00,42,M,north,10,92.09,920.9,6,month-to-month,bank_transfer,2,26.2,1,1,1,1
669,2024-11-01 00:00:00,33,F,west,4,40.47,161.88,1,one_year,electronic_check,1,216.6,1,0,0,0
670,2023-04-07 00:00:00,33,M,north,45,68.4,3078.0,5,month-to-month,mailed_check,0,122.6,0,0,0,0
671,2024-11-26 00:00:00,22,F,south,71,55.62,3949.02,6,month-to-month,credit_card,1,365.0,1,0,0,0
672,2024-03-24 00:00:00,41,M,north,60,63.88,3832.8,4,month-to-month,bank_transfer,1,107.6,0,0,1,1
673,2024-04-09 00:00:00,55,F,south,41,42.21,1730.61,4,month-to-month,electronic_check,1,39.1,0,0,1,0
674,2023-03-11 00:00:00,54,M,south,1,34.07,34.07,3,month-to-month,mailed_check,2,236.4,0,0,1,0
675,2024-03-29 00:00:00,70,M,east,42,52.05,2186.1,5,month-to-month,mailed_check,0,141.0,0,0,0,0
676,2024-06-13 00:00:00,20,F,west,33,106.89,3527.37,5,one_year,credit_card,2,127.3,1,1,1,0
677,2024-02-28 00:00:00,58,M,west,32,100.52,3216.64,4,two_year,electronic_check,2,157.3,1,0,0,0
678,2023-03-03 00:00:00,60,F,south,35,30.17,1055.95,1,month-to-month,bank_transfer,1,153.1,0,1,1,0
679,2024-01-17 00:00:00,41,F,west,40,28.78,1151.2,6,month-to-month,bank_transfer,2,221.0,1,0,1,0
680,2024-11-14 00:00:00,32,F,south,52,69.3,3603.6,4,two_year,bank_transfer,0,288.5,1,1,0,0
681,2024-06-12 00:00:00,36,F,north,14,47.74,668.36,6,month-to-month,electronic_check,2,269.3,1,0,0,1
682,2023-04-11 00:00:00,54,F,east,5,102.34,511.7,5,month-to-month,bank_transfer,1,297.6,0,0,0,1
683,2024-12-01 00:00:00,63,M,east,3,68.62,205.86,4,one_year,bank_transfer,1,64.4,1,0,1,0
684,2024-11-30 00:00:00,52,F,south,29,105.27,3052.83,5,month-to-month,mailed_check,1,30.0,0,0,0,0
685,2023-05-04 00:00:00,45,M,east,37,30.82,1140.34,2,month-to-month,electronic_check,1,465.9,1,1,1,0
686,2024-08-07 00:00:00,52,F,south,57,117.01,6669.57,3,two_year,bank_transfer,1,111.5,1,1,0,0
687,2023-10-24 00:00:00,21,M,north,31,96.71,2998.01,1,one_year,mailed_check,4,415.2,0,1,1,0
688,2024-03-09 00:00:00,50,F,south,38,93.19,3541.22,5,one_year,mailed_check,0,33.0,1,0,1,0
689,2023-11-21 00:00:00,20,M,south,71,114.02,8095.42,2,month-to-month,mailed_check,0,337.9,1,1,1,0
690,2024-07-25 00:00:00,68,M,south,54,67.03,3619.62,1,month-to-month,mailed_check,1,301.6,0,0,1,0
691,2024-12-28 00:00:00,65,M,west,50,34.89,1744.5,5,two_year,credit_card,0,231.3,1,1,1,0
692,2024-08-03 00:00:00,44,M,south,26,69.69,1811.94,2,two_year,credit_card,0,186.9,0,1,1,0
693,2024-11-10 00:00:00,37,M,east,11,101.52,1116.72,2,two_year,bank_transfer,0,432.2,1,0,1,0
694,2024-11-21 00:00:00,56,M,north,67,105.95,7098.65,1,month-to-month,electronic_check,1,351.5,1,1,1,0
695,2023-03-07 00:00:00,51,M,south,40,68.85,2754.0,4,two_year,electronic_check,0,323.4,0,1,1,0
696,2023-07-04 00:00:00,55,F,west,5,93.23,466.15,3,month-to-month,electronic_check,4,463.8,1,1,1,1
697,2024-06-10 00:00:00,45,M,west,35,44.7,1564.5,4,one_year,bank_transfer,2,33.6,1,0,1,0
698,2024-03-06 00:00:00,30,F,west,6,43.05,258.3,3,one_year,bank_transfer,2,374.5,1,0,1,0
699,2023-02-06 00:00:00,21,M,north,71,78.63,5582.73,5,month-to-month,credit_card,1,484.0,0,1,0,0
700,2023-03-11 00:00:00,33,F,west,38,62.18,2362.84,3,month-to-month,mailed_check,1,485.7,0,0,1,0
701,2024-01-15 00:00:00,46,M,south,57,36.11,2058.27,5,one_year,electronic_check,0,86.7,0,1,1,0
702,2024-03-25 00:00:00,40,F,north,34,96.14,3268.76,3,two_year,bank_transfer,0,404.9,0,1,1,0
703,2023-05-03 00:00:00,44,F,north,1,73.21,73.21,1,month-to-month,mailed_check,1,29.4,0,0,0,0
704,2023-05-06 00:00:00,32,F,west,46,72.04,3313.84,3,month-to-month,electronic_check,0,346.0,1,0,0,0
705,2023-04-05 00:00:00,67,M,east,47,38.93,1829.71,2,one_year,mailed_check,2,320.6,0,1,0,0
706,2024-02-17 00:00:00,37,M,east,16,44.11,705.76,3,month-to-month,electronic_check,0,227.9,0,1,1,1
707,2023-01-06 00:00:00,62,M,west,52,89.27,4642.04,1,month-to-month,electronic_check,5,172.2,1,0,1,0
708,2024-02-22 00:00:00,38,M,north,16,105.19,1683.04,5,month-to-month,mailed_check,0,119.6,0,1,1,0
709,2023-12-14 00:00:00,41,M,north,50,37.72,1886.0,4,month-to-month,credit_card,0,174.7,1,0,0,0
710,2023-12-07 00:00:00,50,F,west,54,101.23,5466.42,1,month-to-month,credit_card,1,49.7,0,0,0,0
711,2024-05-10 00:00:00,31,M,east,10,98.81,988.1,6,two_year,electronic_check,1,151.1,1,0,1,0
712,2024-01-17 00:00:00,29,F,west,21,101.49,2131.29,3,two_year,mailed_check,3,253.9,1,1,0,0
713,2024-06-15 00:00:00,38,M,east,11,78.17,859.87,2,month-to-month,credit_card,0,257.4,0,1,0,1
714,2024-07-11 00:00:00,60,M,north,53,55.18,2924.54,1,month-to-month,credit_card,0,288.5,1,0,0,0
715,2024-11-02 00:00:00,25,M,east,17,97.1,1650.7,2,one_year,credit_card,1,363.6,0,1,1,0
716,2024-08-06 00:00:00,41,M,west,46,67.99,3127.54,1,month-to-month,mailed_check,2,58.3,1,0,0,0
717,2024-01-13 00:00:00,53,F,north,30,42.19,1265.7,3,one_year,credit_card,0,425.0,1,0,0,0
718,2023-12-26 00:00:00,55,F,north,6,60.24,361.44,4,month-to-month,bank_transfer,0,182.9,0,1,0,0
719,2023-06-22 00:00:00,41,F,south,64,65.77,4209.28,3,one_year,electronic_check,1,95.6,0,1,0,0
720,2024-03-13 00:00:00,22,M,south,51,70.53,3597.03,6,month-to-month,electronic_check,2,89.7,1,0,0,0
721,2023-04-12 00:00:00,18,M,east,19,109.76,2085.44,6,two_year,credit_card,1,403.0,1,0,1,0
722,2024-11-10 00:00:00,42,F,north,64,61.12,3911.68,2,one_year,credit_card,1,239.0,0,1,0,0
723,2024-09-08 00:00:00,60,M,west,51,48.48,2472.48,4,month-to-month,mailed_check,2,128.8,1,0,0,0
724,2023-03-29 00:00:00,19,M,north,59,116.23,6857.57,3,two_year,bank_transfer,2,465.7,1,0,0,0
725,2024-07-27 00:00:00,65,F,north,13,44.19,574.47,2,month-to-month,electronic_check,1,293.1,0,1,0,1
726,2023-03-27 00:00:00,53,M,west,0,21.11,0.0,2,month-to-month,bank_transfer,2,317.1,1,1,1,0
727,2024-06-10 00:00:00,18,M,south,4,104.98,419.92,4,one_year,mailed_check,2,124.0,0,0,0,1
728,2023-03-06 00:00:00,36,M,east,39,115.44,4502.16,1,one_year,mailed_check,0,199.9,0,0,0,0
729,2023-12-23 00:00:00,29,F,south,57,88.21,5027.97,5,month-to-month,mailed_check,0,153.5,0,1,0,0
730,2024-04-25 00:00:00,68,M,south,66,60.76,4010.16,6,month-to-month,mailed_check,2,123.0,1,1,1,0
731,2024-06-16 00:00:00,47,F,east,70,74.38,5206.6,3,month-to-month,credit_card,1,449.4,1,1,0,0
732,2023-11-02 00:00:00,35,M,west,43,103.2,4437.6,4,month-to-month,credit_card,1,64.3,1,0,0,0
733,2024-11-03 00:00:00,32,M,north,46,108.53,4992.38,6,month-to-month,electronic_check,0,44.7,0,1,0,0
734,2024-07-19 00:00:00,47,M,west,21,30.25,635.25,5,month-to-month,electronic_check,0,190.1,1,0,0,0
735,2023-06-02 00:00:00,18,F,north,0,106.8,0.0,3,month-to-month,electronic_check,3,328.9,0,1,1,1
736,2024-05-04 00:00:00,31,M,west,14,81.73,1144.22,6,one_year,electronic_check,1,157.9,1,1,0,0
737,2024-06-17 00:00:00,26,F,west,4,23.23,92.92,1,one_year,mailed_check,2,101.2,1,0,0,0
738,2023-09-01 00:00:00,50,M,west,50,30.85,1542.5,4,two_year,mailed_check,0,27.3,0,1,1,0
739,2024-06-22 00:00:00,53,M,east,36,24.55,883.8,2,month-to-month,electronic_check,3,416.3,0,0,1,0
740,2024-10-17 00:00:00,42,M,west,56,114.86,6432.16,2,month-to-month,credit_card,2,368.2,0,1,1,0
741,2024-08-19 00:00:00,25,M,west,10,62.65,626.5,4,month-to-month,bank_transfer,2,322.4,1,1,1,0
742,2024-07-10 00:00:00,37,M,east,66,91.56,6042.96,5,month-to-month,electronic_check,1,366.6,0,1,0,0
743,2024-04-08 00:00:00,62,F,west,52,20.17,1048.84,5,month-to-month,bank_transfer,2,420.7,1,1,1,0
744,2023-07-17 00:00:00,28,F,south,66,99.32,6555.12,5,month-to-month,mailed_check,2,133.0,0,0,1,0
745,2024-08-03 00:00:00,26,F,west,47,68.2,3205.4,2,one_year,bank_transfer,1,395.4,1,1,0,0
746,2023-09-23 00:00:00,23,F,west,24,112.36,2696.64,3,two_year,mailed_check,0,51.5,1,0,1,0
747,2024-01-24 00:00:00,61,F,east,45,72.09,3244.05,1,month-to-month,electronic_check,1,466.7,0,1,0,0
748,2023-08-18 00:00:00,24,F,north,44,98.88,4350.72,4,month-to-month,mailed_check,2,282.4,1,1,0,0
749,2023-08-17 00:00:00,48,M,north,13,82.95,1078.35,5,one_year,credit_card,0,381.8,1,1,1,0
750,2023-04-26 00:00:00,70,F,north,7,72.05,504.35,3,one_year,bank_transfer,1,243.5,1,0,0,1
751,2024-12-02 00:00:00,52,F,east,47,114.82,5396.54,2,month-to-month,bank_transfer,1,200.2,0,0,0,0
752,2023-04-18 00:00:00,39,M,south,6,69.56,417.36,2,one_year,credit_card,0,353.0,1,1,0,0
753,2023-03-04 00:00:00,28,F,west,7,109.24,764.68,4,month-to-month,credit_card,0,164.7,1,1,0,1
754,2024-11-14 00:00:00,18,F,south,5,23.61,118.05,5,one_year,credit_card,1,300.0,0,1,1,0
755,2024-02-10 00:00:00,26,M,north,45,85.74,3858.3,3,one_year,electronic_check,0,0.7,1,0,0,0
756,2023-11-16 00:00:00,68,F,east,67,111.17,7448.39,2,month-to-month,electronic_check,2,419.0,1,0,0,0
757,2024-06-22 00:00:00,25,M,north,36,109.93,3957.48,3,month-to-month,bank_transfer,2,83.5,0,0,1,0
758,2023-10-07 00:00:00,19,M,west,11,68.51,753.61,2,one_year,credit_card,1,306.8,0,1,0,0
759,2023-04-04 00:00:00,61,M,north,37,67.21,2486.77,1,one_year,bank_transfer,1,427.6,1,1,0,0
760,2024-06-16 00:00:00,40,F,south,35,101.05,3536.75,3,two_year,credit_card,2,340.2,0,0,1,0
761,2023-05-09 00:00:00,36,M,west,43,53.5,2300.5,6,month-to-month,bank_transfer,1,236.9,1,0,1,0
762,2024-02-08 00:00:00,56,F,east,31,113.72,3525.32,4,one_year,electronic_check,2,252.2,1,0,0,0
763,2024-11-23 00:00:00,45,M,west,38,45.07,1712.66,1,one_year,credit_card,3,219.6,1,0,1,0
764,2024-11-14 00:00:00,66,M,south,23,27.44,631.12,6,one_year,credit_card,3,17.3,1,1,1,0
765,2023-09-21 00:00:00,42,F,west,66,97.19,6414.54,2,month-to-month,mailed_check,1,387.0,0,1,1,0
766,2024-07-23 00:00:00,55,M,east,39,60.47,2358.33,4,month-to-month,bank_transfer,1,478.2,1,0,1,0
767,2024-03-23 00:00:00,64,F,east,22,55.58,1222.76,4,one_year,mailed_check,0,360.3,0,1,1,0
768,2023-12-16 00:00:00,42,M,north,0,52.09,0.0,5,month-to-month,bank_transfer,1,449.4,0,0,0,1
769,2023-04-13 00:00:00,33,F,west,49,118.04,5783.96,5,month-to-month,mailed_check,2,435.7,0,0,1,0
770,2023-10-02 00:00:00,69,F,north,27,77.17,2083.59,2,month-to-month,mailed_check,2,177.7,0,1,0,0
771,2024-04-20 00:00:00,30,M,south,18,119.19,2145.42,5,two_year,bank_transfer,2,181.5,1,0,0,1
772,2024-12-21 00:00:00,20,M,east,34,54.36,1848.24,4,one_year,electronic_check,0,229.7,0,0,0,0
773,2023-01-04 00:00:00,48,M,west,35,61.4,2149.0,3,two_year,electronic_check,0,45.8,1,0,1,0
774,2024-06-07 00:00:00,70,F,east,58,41.18,2388.44,1,two_year,electronic_check,0,22.3,0,0,0,0
775,2024-09-09 00:00:00,22,F,south,39,63.04,2458.56,4,one_year,bank_transfer,1,1.2,1,0,1,0
776,2024-11-25 00:00:00,63,M,south,51,26.2,1336.2,3,month-to-month,mailed_check,1,264.4,1,1,1,0
777,2023-11-06 00:00:00,62,M,west,47,20.06,942.82,3,month-to-month,mailed_check,3,269.3,0,1,0,0
778,2023-03-28 00:00:00,67,F,south,62,65.31,4049.22,5,one_year,mailed_check,1,38.9,1,1,0,0
779,2023-07-17 00:00:00,40,M,west,0,94.6,0.0,5,two_year,electronic_check,1,88.7,1,0,1,0
780,2024-09-12 00:00:00,31,F,north,27,63.71,1720.17,2,two_year,bank_transfer,1,370.8,1,0,0,0
781,2024-10-02 00:00:00,45,F,east,52,71.8,3733.6,2,month-to-month,bank_transfer,0,265.9,0,0,1,0
782,2024-04-10 00:00:00,25,M,east,10,64.56,645.6,6,one_year,bank_transfer,0,389.3,0,1,1,0
783,2023-03-31 00:00:00,62,M,east,32,72.68,2325.76,4,month-to-month,electronic_check,2,100.3,0,0,1,0
784,2023-03-31 00:00:00,53,M,south,29,97.56,2829.24,3,month-to-month,bank_transfer,1,285.9,0,0,1,0
785,2023-12-16 00:00:00,43,M,east,58,100.38,5822.04,6,month-to-month,mailed_check,1,119.8,1,0,0,0
786,2024-03-05 00:00:00,45,F,south,70,103.81,7266.7,5,month-to-month,bank_transfer,0,480.1,1,0,0,0
787,2023-01-24 00:00:00,55,F,east,7,41.24,288.68,6,month-to-month,electronic_check,1,462.1,1,0,1,1
788,2024-05-15 00:00:00,45,F,west,15,65.78,986.7,3,one_year,bank_transfer,0,163.0,0,0,0,0
789,2024-02-02 00:00:00,62,F,east,56,103.1,5773.6,1,month-to-month,credit_card,0,77.5,0,0,0,0
790,2023-01-09 00:00:00,67,M,east,12,114.19,1370.28,5,two_year,credit_card,0,73.8,0,1,0,0
791,2023-03-11 00:00:00,68,F,west,36,74.3,2674.8,5,month-to-month,credit_card,1,88.2,0,0,0,1
792,2023-11-28 00:00:00,50,M,north,68,69.3,4712.4,4,month-to-month,electronic_check,2,315.8,1,0,0,0
793,2024-06-11 00:00:00,57,M,east,71,96.46,6848.66,3,month-to-month,mailed_check,0,89.6,1,0,0,0
794,2024-08-25 00:00:00,34,M,east,69,119.17,8222.73,1,month-to-month,electronic_check,2,92.0,0,1,0,0
795,2023-11-11 00:00:00,20,F,east,9,62.59,563.31,2,month-to-month,mailed_check,2,201.4,1,0,0,0
796,2023-08-04 00:00:00,39,F,north,10,36.51,365.1,6,month-to-month,bank_transfer,4,396.9,0,0,0,0
797,2024-12-07 00:00:00,64,M,west,12,103.43,1241.16,2,month-to-month,bank_transfer,1,66.8,1,0,1,0
798,2023-12-01 00:00:00,25,F,north,56,91.04,5098.24,4,month-to-month,credit_card,2,78.4,1,1,0,0
799,2023-08-19 00:00:00,46,M,south,13,34.51,448.63,4,one_year,credit_card,0,37.7,0,0,0,0
800,2023-11-19 00:00:00,28,M,east,31,52.35,1622.85,3,month-to-month,electronic_check,3,31.9,0,1,1,0
801,2023-01-09 00:00:00,40,M,south,59,75.32,4443.88,6,month-to-month,credit_card,1,82.1,0,1,0,0
802,2023-08-09 00:00:00,25,F,north,35,93.15,3260.25,5,month-to-month,credit_card,1,397.9,1,0,0,0
803,2024-01-12 00:00:00,56,M,east,68,98.06,6668.08,6,month-to-month,bank_transfer,1,492.6,1,1,0,0
804,2024-11-01 00:00:00,60,M,south,36,35.57,1280.52,2,one_year,electronic_check,3,102.5,0,0,1,0
805,2024-06-22 00:00:00,58,M,west,27,41.68,1125.36,5,month-to-month,electronic_check,1,91.0,1,0,1,0
806,2024-07-24 00:00:00,55,F,west,70,94.41,6608.7,5,one_year,mailed_check,1,82.7,0,0,0,1
807,2024-02-02 00:00:00,30,F,south,39,31.61,1232.79,6,two_year,electronic_check,1,21.9,1,0,0,0
808,2023-03-22 00:00:00,46,M,east,13,69.82,907.66,3,month-to-month,electronic_check,0,420.4,1,1,0,1
809,2023-10-13 00:00:00,23,F,north,46,74.6,3431.6,2,two_year,electronic_check,3,255.0,0,1,1,0
810,2024-12-28 00:00:00,37,M,west,56,53.94,3020.64,5,one_year,mailed_check,0,165.1,0,1,1,0
811,2023-02-02 00:00:00,44,M,north,61,99.63,6077.43,5,one_year,bank_transfer,2,104.7,0,0,0,0
812,2024-10-03 00:00:00,53,F,west,0,25.54,0.0,2,two_year,electronic_check,2,87.3,0,1,1,0
813,2024-05-14 00:00:00,23,F,west,7,97.74,684.18,2,month-to-month,credit_card,1,55.0,1,1,1,0
814,2023-07-27 00:00:00,61,M,south,45,84.6,3807.0,5,month-to-month,electronic_check,4,333.1,1,0,0,0
815,2024-07-21 00:00:00,42,F,west,54,70.72,3818.88,4,month-to-month,mailed_check,1,329.8,1,0,1,0
816,2024-09-02 00:00:00,64,M,east,47,107.24,5040.28,6,one_year,mailed_check,1,63.7,0,1,1,0
817,2023-02-01 00:00:00,45,F,east,27,40.22,1085.94,4,month-to-month,bank_transfer,1,105.7,1,0,0,0
818,2023-03-19 00:00:00,46,F,south,55,100.08,5504.4,6,month-to-month,electronic_check,2,409.1,0,1,1,0
819,2024-04-30 00:00:00,54,F,north,42,38.78,1628.76,2,two_year,bank_transfer,2,267.3,1,0,1,0
820,2024-12-30 00:00:00,61,M,east,67,119.04,7975.68,5,month-to-month,mailed_check,0,88.9,1,0,1,0
821,2023-01-18 00:00:00,26,F,north,26,23.28,605.28,2,month-to-month,electronic_check,2,325.8,0,0,1,0
822,2024-04-30 00:00:00,45,F,south,55,75.32,4142.6,5,month-to-month,mailed_check,0,421.0,1,0,0,0
823,2023-04-10 00:00:00,19,M,north,10,36.8,368.0,3,one_year,electronic_check,0,164.4,0,1,0,0
824,2024-04-19 00:00:00,43,M,north,53,60.8,3222.4,4,month-to-month,credit_card,2,380.8,0,0,0,0
825,2024-03-31 00:00:00,61,F,north,53,34.79,1843.87,5,month-to-month,mailed_check,0,420.3,0,1,1,0
826,2023-03-08 00:00:00,63,M,north,18,39.38,708.84,1,two_year,electronic_check,2,173.8,1,1,1,0
827,2024-05-11 00:00:00,33,F,west,4,26.1,104.4,2,month-to-month,bank_transfer,2,462.1,0,0,1,0
828,2024-10-16 00:00:00,38,M,west,72,20.8,1497.6,4,month-to-month,bank_transfer,1,201.4,1,1,0,0
829,2024-09-22 00:00:00,47,F,west,5,91.93,459.65,3,one_year,mailed_check,2,53.4,0,0,1,0
830,2023-01-22 00:00:00,38,M,north,34,65.35,2221.9,4,month-to-month,credit_card,1,378.6,0,1,1,1
831,2023-06-29 00:00:00,27,F,west,0,24.56,0.0,3,month-to-month,mailed_check,2,86.9,1,0,1,0
832,2023-06-25 00:00:00,34,F,east,30,113.9,3417.0,1,one_year,electronic_check,1,103.1,0,1,1,0
833,2023-11-27 00:00:00,39,M,west,59,86.56,5107.04,6,one_year,bank_transfer,0,327.8,0,1,1,0
834,2023-04-15 00:00:00,45,F,west,36,46.43,1671.48,5,month-to-month,credit_card,2,253.4,0,0,1,0
835,2024-09-15 00:00:00,66,F,south,17,63.87,1085.79,4,one_year,electronic_check,1,39.7,0,1,0,0
836,2024-07-21 00:00:00,46,M,east,28,68.93,1930.04,1,two_year,electronic_check,2,400.2,1,1,1,0
837,2024-08-13 00:00:00,38,M,east,6,76.99,461.94,2,one_year,bank_transfer,1,10.2,0,1,0,0
838,2023-05-25 00:00:00,53,F,south,43,105.75,4547.25,4,one_year,bank_transfer,0,95.5,0,1,0,0
839,2023-01-11 00:00:00,58,F,south,0,78.99,0.0,1,two_year,electronic_check,1,313.0,0,0,0,0
840,2024-10-26 00:00:00,40,M,north,25,117.87,2946.75,3,month-to-month,credit_card,0,384.7,0,0,1,0
841,2023-07-30 00:00:00,43,F,north,4,92.68,370.72,6,month-to-month,electronic_check,1,227.8,0,1,1,0
842,2024-04-24 00:00:00,29,M,west,17,118.85,2020.45,6,month-to-month,credit_card,1,226.1,1,1,0,1
843,2024-10-25 00:00:00,63,M,east,4,75.07,300.28,4,month-to-month,credit_card,1,469.9,1,0,0,0
844,2023-01-27 00:00:00,63,F,east,67,87.84,5885.28,2,two_year,electronic_check,0,151.3,1,0,0,0
845,2023-01-04 00:00:00,27,M,east,56,93.79,5252.24,1,month-to-month,mailed_check,1,274.1,1,0,1,0
846,2023-01-04 00:00:00,36,M,south,67,95.47,6396.49,2,month-to-month,electronic_check,1,322.4,1,1,1,0
847,2023-04-25 00:00:00,32,M,north,49,22.44,1099.56,2,month-to-month,bank_transfer,0,463.8,1,1,1,0
848,2023-02-07 00:00:00,66,M,west,36,32.75,1179.0,4,one_year,mailed_check,3,382.2,1,1,1,1
849,2024-08-21 00:00:00,21,M,west,12,42.77,513.24,5,two_year,bank_transfer,2,59.2,0,0,0,0
850,2024-03-18 00:00:00,28,F,north,70,47.15,3300.5,3,month-to-month,mailed_check,0,382.7,1,0,0,0
851,2024-12-16 00:00:00,34,F,west,66,110.54,7295.64,5,two_year,mailed_check,0,310.9,1,1,1,0
852,2024-08-08 00:00:00,47,F,south,30,92.26,2767.8,1,month-to-month,electronic_check,1,387.2,1,1,1,0
853,2024-12-04 00:00:00,31,F,east,16,34.33,549.28,3,two_year,electronic_check,1,49.0,0,0,1,0
854,2023-06-24 00:00:00,46,M,north,28,62.64,1753.92,4,two_year,mailed_check,1,460.3,1,1,0,0
855,2023-07-30 00:00:00,57,M,south,28,44.31,1240.68,1,month-to-month,credit_card,1,396.8,1,0,0,0
856,2024-09-12 00:00:00,61,F,north,66,102.99,6797.34,6,two_year,bank_transfer,0,423.8,1,1,0,0
857,2023-06-28 00:00:00,23,M,west,4,111.78,447.12,6,month-to-month,mailed_check,0,440.5,1,0,0,1
858,2023-02-11 00:00:00,25,M,south,46,36.43,1675.78,5,month-to-month,credit_card,3,47.9,0,1,1,0
859,2024-05-03 00:00:00,23,F,south,56,61.66,3452.96,5,month-to-month,electronic_check,0,399.1,1,1,1,0
860,2024-08-07 00:00:00,66,F,east,55,115.28,6340.4,2,month-to-month,credit_card,1,350.1,1,0,1,0
861,2024-12-07 00:00:00,52,F,west,14,85.71,1199.94,2,two_year,electronic_check,4,340.3,0,1,1,0
862,2024-11-08 00:00:00,46,M,south,30,106.81,3204.3,2,one_year,electronic_check,1,191.2,0,0,0,0
863,2023-03-29 00:00:00,59,M,east,24,55.77,1338.48,1,one_year,credit_card,2,131.9,1,0,1,0
864,2024-07-17 00:00:00,49,M,east,29,40.97,1188.13,4,two_year,mailed_check,1,304.5,1,0,1,0
865,2024-09-09 00:00:00,30,F,south,6,89.13,534.78,6,month-to-month,credit_card,0,142.9,1,0,0,1
866,2024-05-24 00:00:00,45,M,west,6,33.74,202.44,5,month-to-month,bank_transfer,1,458.6,1,0,1,0
867,2024-08-21 00:00:00,55,M,north,1,103.99,103.99,6,two_year,electronic_check,1,304.2,1,1,1,1
868,2024-09-03 00:00:00,19,M,west,70,95.48,6683.6,6,month-to-month,electronic_check,0,179.4,0,0,1,0
869,2023-11-22 00:00:00,50,F,south,30,50.49,1514.7,4,two_year,mailed_check,1,10.6,0,0,1,0
870,2023-01-30 00:00:00,44,F,north,16,69.87,1117.92,1,month-to-month,bank_transfer,1,80.1,0,1,1,0
871,2023-11-30 00:00:00,21,M,west,58,99.92,5795.36,6,month-to-month,mailed_check,1,145.4,1,0,1,0
872,2023-05-28 00:00:00,31,M,west,36,113.49,4085.64,4,month-to-month,electronic_check,2,81.0,1,0,0,0
873,2023-03-25 00:00:00,41,M,west,26,55.22,1435.72,4,month-to-month,electronic_check,1,272.7,0,0,1,0
874,2023-04-02 00:00:00,36,M,north,8,99.0,792.0,6,month-to-month,mailed_check,1,360.6,1,1,1,1
875,2024-05-24 00:00:00,33,F,west,28,39.45,1104.6,5,month-to-month,electronic_check,3,442.0,1,0,1,0
876,2024-01-04 00:00:00,52,M,east,47,110.35,5186.45,1,month-to-month,mailed_check,0,322.4,1,1,1,0
877,2024-01-30 00:00:00,39,F,west,45,88.63,3988.35,5,one_year,electronic_check,2,289.1,0,0,0,0
878,2024-06-27 00:00:00,44,F,south,28,35.27,987.56,6,month-to-month,credit_card,0,119.9,0,0,1,0
879,2024-02-05 00:00:00,60,F,west,44,93.98,4135.12,2,month-to-month,bank_transfer,2,436.9,0,0,0,0
880,2024-04-04 00:00:00,22,F,east,56,92.41,5174.96,3,month-to-month,electronic_check,0,158.0,1,0,0,0
881,2023-03-04 00:00:00,37,M,south,67,94.23,6313.41,1,month-to-month,bank_transfer,0,351.5,1,0,0,0
882,2024-09-13 00:00:00,21,M,north,38,54.49,2070.62,5,month-to-month,mailed_check,0,373.8,1,0,1,0
883,2023-11-24 00:00:00,67,M,west,16,93.98,1503.68,1,month-to-month,mailed_check,0,22.4,1,1,1,0
884,2023-04-24 00:00:00,27,F,east,9,102.66,923.94,3,month-to-month,electronic_check,1,325.4,1,1,1,1
885,2024-08-16 00:00:00,61,M,north,11,54.71,601.81,4,two_year,mailed_check,1,465.6,0,0,1,0
886,2024-06-20 00:00:00,28,M,north,0,40.8,0.0,6,month-to-month,credit_card,1,346.8,0,0,0,1
887,2023-02-08 00:00:00,35,M,west,40,108.79,4351.6,2,month-to-month,electronic_check,0,238.4,0,0,0,0
888,2023-05-21 00:00:00,50,M,north,15,82.07,1231.05,6,one_year,bank_transfer,3,201.3,0,0,0,0
889,2023-01-12 00:00:00,62,F,north,16,66.04,1056.64,1,month-to-month,electronic_check,2,74.9,0,1,0,0
890,2023-07-17 00:00:00,27,F,east,52,107.97,5614.44,1,month-to-month,mailed_check,1,112.4,1,1,1,0
891,2023-03-14 00:00:00,29,F,west,23,33.6,772.8,1,month-to-month,mailed_check,0,444.5,0,1,0,0
892,2024-06-02 00:00:00,64,F,south,60,101.06,6063.6,5,one_year,electronic_check,0,195.1,1,1,1,0
893,2024-01-17 00:00:00,35,M,east,10,69.08,690.8,3,two_year,electronic_check,0,81.2,1,1,0,1
894,2024-12-16 00:00:00,29,M,east,24,24.25,582.0,1,month-to-month,mailed_check,2,199.2,0,0,1,0
895,2024-07-01 00:00:00,57,M,east,3,117.26,351.78,5,two_year,mailed_check,0,219.0,0,0,1,0
896,2024-03-22 00:00:00,22,F,east,39,97.81,3814.59,2,month-to-month,credit_card,1,169.7,0,1,1,0
897,2024-01-07 00:00:00,63,F,north,9,41.48,373.32,5,one_year,bank_transfer,3,8.5,1,0,0,0
898,2023-02-09 00:00:00,64,M,east,17,112.37,1910.29,4,month-to-month,credit_card,2,183.6,1,0,1,0
899,2023-02-21 00:00:00,63,F,north,53,113.53,6017.09,1,two_year,credit_card,1,448.4,1,1,0,0
900,2024-03-25 00:00:00,33,M,east,64,100.05,6403.2,4,month-to-month,electronic_check,0,137.4,1,1,1,0
901,2023-01-04 00:00:00,24,M,west,39,32.72,1276.08,6,month-to-month,credit_card,1,181.2,1,1,0,0
902,2023-01-31 00:00:00,40,F,west,70,38.64,2704.8,3,month-to-month,credit_card,0,357.8,0,1,0,0
903,2023-06-09 00:00:00,35,F,north,55,95.4,5247.0,6,two_year,mailed_check,1,77.9,1,1,1,0
904,2024-10-07 00:00:00,68,F,west,54,111.38,6014.52,2,month-to-month,bank_transfer,3,420.6,0,0,0,0
905,2023-12-02 00:00:00,51,F,south,72,41.5,2988.0,2,month-to-month,mailed_check,1,272.7,0,0,1,0
906,2024-06-01 00:00:00,68,M,north,6,66.08,396.48,2,two_year,electronic_check,1,266.8,1,1,1,1
907,2023-10-28 00:00:00,57,F,east,16,35.48,567.68,2,two_year,electronic_check,1,63.8,1,1,1,0
908,2023-05-07 00:00:00,55,F,east,31,67.8,2101.8,2,one_year,electronic_check,2,33.8,0,1,0,0
909,2023-09-28 00:00:00,23,M,south,45,84.25,3791.25,4,month-to-month,mailed_check,1,424.1,1,1,0,0
910,2023-03-08 00:00:00,21,M,east,72,21.86,1573.92,1,month-to-month,bank_transfer,0,110.6,1,0,0,0
911,2024-07-16 00:00:00,20,F,east,7,84.29,590.03,4,two_year,electronic_check,2,217.9,1,1,1,0
912,2023-05-14 00:00:00,49,M,north,16,83.97,1343.52,2,month-to-month,electronic_check,1,253.8,1,1,0,0
913,2023-10-02 00:00:00,28,M,east,21,65.5,1375.5,1,one_year,electronic_check,1,11.9,0,0,1,0
914,2024-12-16 00:00:00,70,F,south,48,109.54,5257.92,5,one_year,credit_card,1,351.9,1,0,1,0
915,2024-03-08 00:00:00,25,F,north,69,33.48,2310.12,4,two_year,credit_card,1,271.3,1,0,1,0
916,2023-12-01 00:00:00,68,F,south,68,25.13,1708.84,2,one_year,electronic_check,1,454.5,1,0,0,0
917,2024-02-01 00:00:00,53,F,west,54,69.58,3757.32,4,month-to-month,credit_card,0,65.4,1,0,0,0
918,2024-07-26 00:00:00,23,M,east,56,73.3,4104.8,6,one_year,credit_card,0,84.1,1,1,1,0
919,2023-07-05 00:00:00,21,F,south,30,46.67,1400.1,2,two_year,credit_card,1,129.3,0,1,0,0
920,2024-04-09 00:00:00,38,M,south,44,116.16,5111.04,2,two_year,credit_card,1,152.5,1,0,0,0
921,2024-09-29 00:00:00,35,F,west,12,45.37,544.44,5,month-to-month,mailed_check,1,471.4,1,0,0,0
922,2024-02-22 00:00:00,34,M,east,36,47.02,1692.72,3,month-to-month,electronic_check,0,283.9,1,1,0,0
923,2023-11-22 00:00:00,46,F,west,21,101.1,2123.1,5,one_year,credit_card,2,135.2,1,1,0,0
924,2023-04-16 00:00:00,24,F,east,67,112.28,7522.76,2,one_year,credit_card,3,107.5,0,0,0,0
925,2023-07-01 00:00:00,24,F,west,26,73.61,1913.86,6,month-to-month,electronic_check,1,261.0,1,1,0,0
926,2024-11-21 00:00:00,54,M,east,28,21.91,613.48,1,month-to-month,bank_transfer,2,100.6,0,1,1,0
927,2024-01-31 00:00:00,70,M,south,29,55.54,1610.66,2,month-to-month,mailed_check,1,40.2,1,1,0,1
928,2023-08-08 00:00:00,32,M,south,65,42.39,2755.35,4,month-to-month,mailed_check,0,312.0,0,1,0,0
929,2023-11-02 00:00:00,67,M,north,68,71.1,4834.8,4,month-to-month,bank_transfer,1,334.2,0,0,0,0
930,2024-02-26 00:00:00,36,F,west,31,88.26,2736.06,3,two_year,electronic_check,3,37.1,1,1,0,0
931,2024-01-28 00:00:00,35,M,west,72,59.24,4265.28,6,one_year,mailed_check,0,252.8,1,0,0,0
932,2024-05-25 00:00:00,22,F,east,55,73.74,4055.7,3,month-to-month,electronic_check,0,285.9,1,0,0,0
933,2023-07-07 00:00:00,40,M,south,61,95.99,5855.39,5,one_year,electronic_check,2,317.6,1,0,0,0
934,2024-04-18 00:00:00,44,M,north,66,44.61,2944.26,3,month-to-month,mailed_check,0,4.1,0,0,1,0
935,2023-11-20 00:00:00,53,F,east,24,39.6,950.4,3,one_year,mailed_check,1,397.0,1,1,0,0
936,2024-11-17 00:00:00,26,M,north,40,100.56,4022.4,5,two_year,mailed_check,1,264.3,0,1,0,1
937,2023-04-26 00:00:00,28,M,east,20,23.7,474.0,3,month-to-month,electronic_check,0,206.3,1,0,1,0
938,2023-04-19 00:00:00,40,M,south,22,35.06,771.32,3,two_year,mailed_check,1,219.7,1,0,1,0
939,2023-12-04 00:00:00,21,M,west,33,21.24,700.92,5,month-to-month,electronic_check,2,226.5,1,0,1,0
940,2024-01-07 00:00:00,25,F,west,3,75.54,226.62,1,one_year,electronic_check,0,425.5,0,1,1,0
941,2024-05-19 00:00:00,51,M,north,15,80.01,1200.15,3,two_year,bank_transfer,1,343.9,0,1,0,0
942,2023-10-22 00:00:00,68,M,south,59,73.1,4312.9,2,one_year,bank_transfer,2,143.0,1,0,1,0
943,2024-10-29 00:00:00,48,F,west,12,61.43,737.16,3,month-to-month,mailed_check,5,6.3,1,0,1,0
944,2023-12-13 00:00:00,25,M,north,45,72.9,3280.5,4,month-to-month,bank_transfer,2,188.3,0,1,0,0
945,2023-04-05 00:00:00,70,F,east,55,39.39,2166.45,3,month-to-month,electronic_check,1,94.8,0,1,1,0
946,2023-03-29 00:00:00,45,M,north,19,102.62,1949.78,6,month-to-month,electronic_check,0,303.4,1,0,1,0
947,2024-12-11 00:00:00,55,F,south,33,118.08,3896.64,6,month-to-month,mailed_check,2,320.4,0,1,0,1
948,2023-04-08 00:00:00,28,M,north,64,74.06,4739.84,1,month-to-month,bank_transfer,2,161.3,0,1,0,0
949,2024-11-22 00:00:00,48,M,north,60,57.44,3446.4,4,one_year,bank_transfer,0,431.5,1,1,1,0
950,2023-07-22 00:00:00,22,F,south,67,99.18,6645.06,2,month-to-month,bank_transfer,0,491.1,0,1,1,0
951,2023-03-10 00:00:00,51,F,north,45,39.31,1768.95,5,month-to-month,credit_card,3,235.0,1,1,1,0
952,2023-08-11 00:00:00,28,F,west,64,52.08,3333.12,3,one_year,electronic_check,1,236.2,0,1,1,0
953,2024-03-24 00:00:00,66,F,east,29,114.0,3306.0,6,month-to-month,credit_card,0,39.2,1,0,0,0
954,2023-11-09 00:00:00,20,M,south,43,38.63,1661.09,6,one_year,bank_transfer,3,439.2,1,0,0,0
955,2024-07-27 00:00:00,52,F,south,48,31.21,1498.08,1,one_year,bank_transfer,4,71.6,0,1,1,0
956,2024-03-22 00:00:00,25,F,west,71,74.64,5299.44,1,month-to-month,mailed_check,2,314.2,1,0,1,0
957,2023-10-20 00:00:00,54,M,west,26,78.74,2047.24,1,month-to-month,mailed_check,1,322.6,0,1,1,0
958,2024-04-08 00:00:00,44,M,north,63,79.72,5022.36,5,one_year,electronic_check,2,172.7,1,0,1,0
959,2024-12-10 00:00:00,69,M,east,37,36.45,1348.65,2,month-to-month,electronic_check,2,49.6,1,1,1,0
960,2023-10-28 00:00:00,52,F,south,7,92.11,644.77,5,month-to-month,electronic_check,1,327.2,1,0,0,1
961,2023-04-23 00:00:00,37,M,west,47,44.23,2078.81,2,two_year,electronic_check,2,171.0,1,1,1,0
962,2023-10-26 00:00:00,22,M,west,71,114.81,8151.51,2,two_year,electronic_check,0,76.5,1,0,0,0
963,2024-09-05 00:00:00,49,F,east,33,42.8,1412.4,4,month-to-month,electronic_check,0,457.0,0,1,0,0
964,2023-06-08 00:00:00,41,F,east,40,21.73,869.2,5,month-to-month,credit_card,1,243.3,0,0,0,0
965,2024-11-23 00:00:00,20,M,north,67,76.78,5144.26,4,two_year,electronic_check,1,350.2,0,1,0,0
966,2024-03-05 00:00:00,48,F,west,67,40.28,2698.76,4,month-to-month,credit_card,2,150.3,0,1,0,0
967,2024-03-15 00:00:00,29,M,east,29,82.86,2402.94,5,one_year,mailed_check,2,74.1,1,0,0,0
968,2023-08-20 00:00:00,30,F,south,55,42.92,2360.6,2,month-to-month,electronic_check,1,17.2,1,1,1,0
969,2024-11-02 00:00:00,18,M,north,46,62.81,2889.26,4,month-to-month,electronic_check,0,172.3,0,0,0,0
970,2023-01-27 00:00:00,37,M,east,47,37.95,1783.65,2,month-to-month,electronic_check,1,25.1,0,0,1,0
971,2023-08-07 00:00:00,29,F,south,52,62.88,3269.76,1,two_year,mailed_check,2,495.1,1,1,1,0
972,2023-11-02 00:00:00,21,M,east,23,33.65,773.95,2,month-to-month,electronic_check,2,116.7,1,1,0,0
973,2023-12-15 00:00:00,41,F,south,22,53.8,1183.6,2,two_year,credit_card,1,62.9,1,0,0,0
974,2023-12-13 00:00:00,29,M,north,1,39.89,39.89,2,one_year,mailed_check,1,410.6,0,0,1,0
975,2023-04-18 00:00:00,25,F,south,62,101.61,6299.82,1,one_year,mailed_check,0,399.6,1,0,1,0
976,2023-06-14 00:00:00,42,F,west,20,92.94,1858.8,5,two_year,mailed_check,0,498.4,0,0,0,0
977,2023-03-11 00:00:00,21,F,west,49,36.68,1797.32,3,month-to-month,bank_transfer,1,122.0,1,0,1,0
978,2024-02-22 00:00:00,70,F,south,50,28.29,1414.5,4,month-to-month,credit_card,0,24.1,1,0,1,0
979,2023-09-14 00:00:00,42,F,west,51,22.57,1151.07,5,month-to-month,mailed_check,2,361.6,1,0,1,0
980,2024-02-18 00:00:00,70,M,north,63,42.67,2688.21,5,month-to-month,electronic_check,1,404.0,1,1,0,0
981,2024-03-06 00:00:00,64,M,west,63,68.02,4285.26,1,month-to-month,credit_card,0,175.0,1,1,1,0
982,2024-05-27 00:00:00,69,F,west,0,59.99,0.0,4,one_year,credit_card,3,467.9,1,0,1,0
983,2024-02-04 00:00:00,46,F,north,61,117.15,7146.15,3,two_year,bank_transfer,1,385.9,0,0,1,0
984,2024-04-18 00:00:00,40,F,east,15,99.22,1488.3,3,month-to-month,bank_transfer,1,204.9,1,0,1,0
985,2024-03-04 00:00:00,56,F,south,47,27.82,1307.54,5,month-to-month,mailed_check,2,359.9,1,1,0,0
986,2024-04-21 00:00:00,22,M,west,49,35.89,1758.61,1,one_year,mailed_check,3,0.5,1,0,0,0
987,2024-03-26 00:00:00,62,F,north,3,22.66,67.98,2,one_year,mailed_check,0,169.8,1,0,1,0
988,2023-08-19 00:00:00,35,F,west,20,33.82,676.4,5,two_year,bank_transfer,1,85.0,0,1,0,0
989,2023-06-29 00:00:00,18,F,west,66,72.94,4814.04,3,month-to-month,credit_card,2,152.6,0,0,1,0
990,2024-07-28 00:00:00,30,F,south,10,27.67,276.7,1,month-to-month,mailed_check,0,104.5,1,1,0,0
991,2023-09-08 00:00:00,30,F,south,16,25.99,415.84,2,two_year,mailed_check,1,357.5,0,1,0,0
992,2024-02-05 00:00:00,18,F,east,5,31.82,159.1,2,month-to-month,bank_transfer,2,414.5,0,1,0,1
993,2023-05-24 00:00:00,53,M,north,12,86.94,1043.28,2,one_year,electronic_check,1,90.1,1,0,0,0
994,2023-11-11 00:00:00,23,F,west,46,21.94,1009.24,5,month-to-month,bank_transfer,0,208.6,1,1,1,0
995,2024-01-22 00:00:00,62,M,north,61,116.96,7134.56,2,month-to-month,bank_transfer,2,299.3,1,0,0,0
996,2024-04-01 00:00:00,42,M,north,43,58.08,2497.44,5,one_year,electronic_check,0,72.2,1,0,1,0
997,2024-01-20 00:00:00,56,M,east,20,53.66,1073.2,2,one_year,electronic_check,1,180.4,1,0,0,0
998,2023-09-21 00:00:00,36,M,south,62,67.48,4183.76,1,month-to-month,electronic_check,0,97.7,0,1,1,0
999,2024-12-03 00:00:00,24,M,north,26,71.79,1866.54,1,two_year,electronic_check,0,281.0,1,1,1,0
1000,2024-01-10 00:00:00,27,F,west,22,62.0,1364.0,4,two_year,mailed_check,0,451.0,0,1,1,0
1001,2024-08-13 00:00:00,52,F,north,36,68.63,2470.68,5,one_year,bank_transfer,2,231.4,0,1,1,0
1002,2024-06-21 00:00:00,55,F,north,9,53.97,485.73,1,two_year,mailed_check,0,335.5,1,1,0,0
1003,2024-02-12 00:00:00,32,M,east,26,52.2,1357.2,2,two_year,bank_transfer,2,360.2,1,1,1,0
1004,2024-10-09 00:00:00,36,M,west,58,22.73,1318.34,5,one_year,electronic_check,3,495.3,0,0,1,0
1005,2023-04-04 00:00:00,68,F,north,44,87.18,3835.92,6,one_year,credit_card,0,314.0,0,1,0,0
1006,2024-11-03 00:00:00,63,F,south,72,81.73,5884.56,5,two_year,mailed_check,3,92.5,0,0,0,0
1007,2024-09-12 00:00:00,39,F,west,56,86.88,4865.28,4,two_year,bank_transfer,1,5.2,1,0,0,0
1008,2024-01-03 00:00:00,30,F,west,26,114.11,2966.86,5,one_year,electronic_check,0,69.5,1,1,1,0
1009,2024-06-19 00:00:00,33,F,north,55,67.31,3702.05,2,month-to-month,credit_card,3,62.3,0,1,0,0
1010,2024-01-15 00:00:00,46,F,east,63,108.18,6815.34,1,month-to-month,mailed_check,0,261.5,1,0,1,0
1011,2023-07-16 00:00:00,48,F,west,46,64.39,2961.94,4,one_year,credit_card,1,219.6,0,1,0,0
1012,2024-08-06 00:00:00,27,F,east,55,67.76,3726.8,4,two_year,mailed_check,2,307.3,0,0,1,0
1013,2023-06-29 00:00:00,21,F,east,36,83.3,2998.8,5,month-to-month,credit_card,1,38.9,1,1,0,0
1014,2023-08-18 00:00:00,44,M,west,66,41.59,2744.94,2,two_year,mailed_check,1,410.2,0,1,0,0
1015,2024-01-15 00:00:00,60,M,south,17,41.74,709.58,6,month-to-month,electronic_check,1,54.5,0,1,1,0
1016,2024-09-03 00:00:00,26,M,north,30,70.98,2129.4,3,month-to-month,bank_transfer,1,341.7,1,1,1,0
1017,2023-10-08 00:00:00,39,F,east,18,26.86,483.48,3,two_year,electronic_check,3,346.4,0,1,1,0
1018,2023-12-27 00:00:00,26,F,east,7,43.67,305.69,6,two_year,bank_transfer,1,284.0,0,1,0,1
1019,2023-01-31 00:00:00,30,M,west,44,99.34,4370.96,4,one_year,electronic_check,1,87.4,0,1,0,0
1020,2023-03-26 00:00:00,50,F,west,8,66.37,530.96,1,two_year,bank_transfer,1,306.5,1,1,0,0
1021,2023-02-10 00:00:00,33,M,south,16,22.66,362.56,2,two_year,mailed_check,0,462.4,0,0,0,0
1022,2023-02-22 00:00:00,31,M,west,55,26.07,1433.85,4,two_year,mailed_check,2,402.6,1,1,1,0
1023,2024-09-26 00:00:00,70,F,north,17,111.95,1903.15,2,two_year,bank_transfer,0,65.0,1,1,1,0
1024,2024-09-06 00:00:00,27,M,west,63,115.67,7287.21,1,month-to-month,bank_transfer,1,165.5,0,0,0,0
1025,2024-08-22 00:00:00,28,M,north,3,84.11,252.33,2,month-to-month,bank_transfer,1,394.9,0,0,1,0
1026,2023-02-10 00:00:00,67,M,east,33,38.49,1270.17,4,month-to-month,bank_transfer,1,98.4,1,0,0,1
1027,2023-02-26 00:00:00,47,M,east,4,56.81,227.24,1,month-to-month,bank_transfer,0,357.5,1,0,1,0
1028,2023-07-24 00:00:00,20,F,east,4,50.55,202.2,4,month-to-month,credit_card,1,459.2,1,1,1,1
1029,2024-02-17 00:00:00,40,F,west,57,98.52,5615.64,5,month-to-month,electronic_check,1,142.2,0,1,0,0
1030,2023-09-01 00:00:00,47,F,east,4,73.71,294.84,3,month-to-month,electronic_check,1,47.1,1,0,0,1
1031,2023-12-22 00:00:00,31,F,north,65,97.97,6368.05,5,one_year,bank_transfer,0,230.1,0,1,0,0
1032,2023-05-07 00:00:00,47,M,east,43,56.05,2410.15,4,month-to-month,mailed_check,4,156.7,1,1,0,0
1033,2024-06-17 00:00:00,52,F,south,35,106.95,3743.25,3,month-to-month,credit_card,3,254.5,1,0,0,0
1034,2023-08-18 00:00:00,31,M,east,67,62.92,4215.64,6,month-to-month,credit_card,1,151.4,0,1,0,0
1035,2023-02-18 00:00:00,61,M,south,28,61.74,1728.72,4,month-to-month,credit_card,0,251.9,1,1,1,0
1036,2024-06-26 00:00:00,41,F,north,29,68.91,1998.39,5,one_year,mailed_check,3,78.9,0,1,0,0
1037,2024-10-21 00:00:00,69,M,east,29,79.18,2296.22,4,two_year,bank_transfer,1,86.4,1,0,1,1
1038,2023-01-11 00:00:00,22,M,north,47,109.41,5142.27,6,one_year,electronic_check,1,192.4,1,0,0,0
1039,2023-11-15 00:00:00,35,M,south,61,65.78,4012.58,3,one_year,electronic_check,0,44.8,0,0,0,0
1040,2024-08-26 00:00:00,56,F,east,39,113.01,4407.39,2,two_year,bank_transfer,1,492.0,0,1,0,0
1041,2024-05-30 00:00:00,65,M,west,20,59.37,1187.4,2,one_year,bank_transfer,1,161.3,0,0,0,0
1042,2024-09-17 00:00:00,29,M,south,64,52.46,3357.44,6,month-to-month,electronic_check,2,100.0,0,0,0,0
1043,2023-10-31 00:00:00,69,F,south,43,49.5,2128.5,5,month-to-month,credit_card,0,351.6,1,0,0,0
1044,2023-09-29 00:00:00,28,M,south,60,22.12,1327.2,2,one_year,credit_card,1,210.5,1,0,0,0
1045,2024-06-01 00:00:00,40,F,east,31,104.91,3252.21,3,one_year,electronic_check,1,478.9,0,0,0,0
1046,2023-04-23 00:00:00,34,M,north,14,27.92,390.88,1,two_year,electronic_check,0,26.5,1,0,0,0
1047,2023-06-24 00:00:00,40,F,east,68,53.43,3633.24,6,month-to-month,credit_card,0,239.6,0,1,0,0
1048,2024-03-14 00:00:00,65,F,west,49,45.05,2207.45,3,two_year,electronic_check,2,117.3,1,1,1,0
1049,2024-05-02 00:00:00,56,F,north,22,94.44,2077.68,3,month-to-month,electronic_check,2,351.6,0,0,0,0
1050,2023-03-29 00:00:00,60,F,west,61,113.26,6908.86,2,two_year,mailed_check,0,272.8,0,0,0,0
1051,2024-01-07 00:00:00,31,M,east,0,101.67,0.0,1,month-to-month,credit_card,1,119.0,1,0,1,0
1052,2023-09-24 00:00:00,68,F,east,67,52.0,3484.0,5,month-to-month,bank_transfer,0,262.5,1,0,0,0
1053,2024-01-02 00:00:00,41,F,east,42,65.58,2754.36,2,month-to-month,bank_transfer,4,389.3,1,0,1,0
1054,2024-11-30 00:00:00,52,F,west,43,44.7,1922.1,1,month-to-month,credit_card,5,487.4,1,1,1,0
1055,2023-02-25 00:00:00,54,F,east,0,112.4,0.0,6,month-to-month,bank_transfer,1,113.4,0,0,0,1
1056,2024-12-27 00:00:00,53,F,west,12,31.87,382.44,4,two_year,bank_transfer,1,27.2,0,1,0,0
1057,2023-11-25 00:00:00,49,F,south,52,115.2,5990.4,1,month-to-month,electronic_check,0,282.9,0,0,0,0
1058,2024-07-17 00:00:00,43,M,north,40,101.37,4054.8,2,month-to-month,mailed_check,0,154.2,0,1,1,1
1059,2023-11-06 00:00:00,52,F,east,9,91.16,820.44,4,month-to-month,mailed_check,0,372.4,1,0,0,1
1060,2023-08-16 00:00:00,65,F,north,48,97.4,4675.2,2,one_year,electronic_check,1,384.1,0,0,0,0
1061,2024-07-16 00:00:00,38,F,north,54,53.93,2912.22,6,month-to-month,mailed_check,0,94.6,1,1,1,0
1062,2024-05-16 00:00:00,45,M,north,19,49.59,942.21,6,month-to-month,electronic_check,3,223.6,1,1,1,0
1063,2023-04-16 00:00:00,27,F,south,50,58.14,2907.0,6,two_year,electronic_check,1,11.8,1,1,1,0
1064,2024-05-29 00:00:00,36,F,north,71,38.16,2709.36,4,month-to-month,mailed_check,3,362.8,1,0,0,0
1065,2024-07-03 00:00:00,58,F,east,35,94.64,3312.4,6,two_year,electronic_check,1,273.5,0,0,0,0
1066,2023-10-11 00:00:00,51,M,east,16,67.5,1080.0,2,month-to-month,electronic_check,1,489.5,1,0,0,0
1067,2024-11-06 00:00:00,29,M,north,70,108.58,7600.6,4,one_year,bank_transfer,0,169.1,1,0,1,0
1068,2024-04-12 00:00:00,46,M,south,66,107.84,7117.44,5,one_year,credit_card,1,328.5,1,1,0,0
1069,2023-09-01 00:00:00,61,M,west,33,35.59,1174.47,4,month-to-month,bank_transfer,1,286.4,0,1,0,0
1070,2023-01-08 00:00:00,24,F,west,31,41.88,1298.28,6,one_year,electronic_check,0,277.4,1,0,0,0
1071,2024-05-07 00:00:00,21,M,north,60,61.06,3663.6,1,month-to-month,bank_transfer,1,212.1,0,0,1,0
1072,2023-06-02 00:00:00,38,F,east,0,31.88,0.0,3,month-to-month,bank_transfer,1,186.5,0,0,0,1
1073,2024-07-06 00:00:00,52,M,south,22,88.94,1956.68,5,two_year,electronic_check,2,115.0,0,0,0,0
1074,2024-01-19 00:00:00,34,M,south,39,93.76,3656.64,2,two_year,electronic_check,1,345.6,1,1,1,1
1075,2023-12-07 00:00:00,61,F,east,47,92.14,4330.58,3,month-to-month,mailed_check,0,351.9,0,0,1,0
1076,2023-04-30 00:00:00,62,M,west,45,67.02,3015.9,6,one_year,mailed_check,1,333.5,0,1,1,0
1077,2024-06-03 00:00:00,46,M,east,27,104.32,2816.64,4,month-to-month,electronic_check,0,489.0,1,1,0,0
1078,2023-05-02 00:00:00,38,M,west,63,80.58,5076.54,3,month-to-month,electronic_check,1,162.9,0,0,1,0
1079,2023-11-01 00:00:00,20,F,west,47,119.36,5609.92,3,month-to-month,mailed_check,0,80.6,0,1,0,0
1080,2024-09-02 00:00:00,61,F,west,39,101.54,3960.06,2,one_year,mailed_check,0,29.6,1,0,0,0
1081,2024-11-02 00:00:00,65,M,west,68,92.23,6271.64,5,one_year,mailed_check,0,66.5,1,1,1,0
1082,2024-12-23 00:00:00,41,F,west,6,32.33,193.98,1,month-to-month,credit_card,0,132.5,1,0,0,0
1083,2024-11-30 00:00:00,45,M,south,51,103.26,5266.26,2,two_year,electronic_check,1,29.9,1,0,1,0
1084,2024-02-10 00:00:00,57,F,west,67,50.56,3387.52,1,one_year,bank_transfer,1,471.9,1,0,0,0
1085,2023-05-27 00:00:00,54,M,west,48,61.89,2970.72,5,month-to-month,mailed_check,3,162.6,1,1,1,0
1086,2024-09-04 00:00:00,25,F,east,41,66.28,2717.48,6,month-to-month,bank_transfer,0,465.4,1,1,1,0
1087,2024-08-08 00:00:00,53,F,east,26,53.13,1381.38,1,one_year,bank_transfer,1,188.1,1,0,1,0
1088,2024-12-23 00:00:00,67,M,west,19,30.84,585.96,6,month-to-month,bank_transfer,2,270.0,1,1,0,0
1089,2024-04-20 00:00:00,57,M,north,39,39.94,1557.66,6,month-to-month,bank_transfer,0,297.3,0,1,0,0
1090,2023-04-14 00:00:00,43,M,north,65,100.35,6522.75,4,month-to-month,bank_transfer,1,199.4,0,1,1,0
1091,2024-01-03 00:00:00,45,M,west,33,85.23,2812.59,1,month-to-month,bank_transfer,3,178.8,1,0,1,0
1092,2023-11-24 00:00:00,31,M,east,8,114.28,914.24,5,month-to-month,electronic_check,0,331.5,1,0,1,0
1093,2024-09-07 00:00:00,53,M,east,35,102.11,3573.85,4,one_year,mailed_check,1,450.5,1,1,0,0
1094,2023-10-14 00:00:00,30,F,east,7,60.22,421.54,5,one_year,credit_card,2,373.9,0,1,0,0
1095,2023-08-28 00:00:00,36,M,east,68,98.62,6706.16,2,two_year,mailed_check,0,220.4,1,0,1,0
1096,2023-02-28 00:00:00,32,F,north,39,77.64,3027.96,4,two_year,electronic_check,1,392.7,0,0,1,0
1097,2024-09-01 00:00:00,35,M,south,15,48.63,729.45,6,month-to-month,credit_card,1,316.4,1,0,1,0
1098,2024-07-05 00:00:00,37,F,north,45,117.51,5287.95,5,month-to-month,credit_card,2,255.6,1,1,1,0
1099,2023-01-31 00:00:00,22,M,south,39,112.85,4401.15,4,month-to-month,mailed_check,0,442.4,0,0,1,0
1100,2023-11-13 00:00:00,56,F,north,37,31.22,1155.14,6,two_year,mailed_check,2,252.3,1,1,1,0
1101,2023-12-17 00:00:00,41,M,west,43,103.94,4469.42,3,month-to-month,electronic_check,0,219.6,0,1,0,0
1102,2023-12-09 00:00:00,68,M,south,67,27.77,1860.59,2,month-to-month,mailed_check,2,333.6,0,0,1,0
1103,2024-11-01 00:00:00,27,F,east,62,112.88,6998.56,6,one_year,credit_card,0,216.8,0,1,0,0
1104,2023-04-20 00:00:00,53,F,north,19,82.42,1565.98,1,month-to-month,electronic_check,1,143.4,1,0,0,0
1105,2023-08-12 00:00:00,27,F,north,17,36.66,623.22,4,two_year,electronic_check,2,257.5,1,0,1,0
1106,2023-05-13 00:00:00,46,M,south,72,101.73,7324.56,5,month-to-month,credit_card,0,469.0,1,1,1,0
1107,2023-06-28 00:00:00,44,M,west,47,71.58,3364.26,5,month-to-month,mailed_check,0,250.9,1,0,1,0
1108,2024-10-24 00:00:00,41,F,west,1,25.95,25.95,5,two_year,credit_card,4,494.9,0,1,0,0
1109,2024-11-17 00:00:00,52,F,east,38,99.84,3793.92,3,month-to-month,mailed_check,2,410.1,0,0,0,0
1110,2023-02-02 00:00:00,61,F,east,8,98.83,790.64,2,month-to-month,electronic_check,1,242.6,0,1,1,0
1111,2024-04-06 00:00:00,34,M,east,2,68.21,136.42,1,one_year,credit_card,0,168.8,0,0,1,0
1112,2023-06-19 00:00:00,63,M,east,13,93.11,1210.43,2,one_year,electronic_check,1,322.8,0,1,1,0
1113,2023-05-21 00:00:00,27,F,east,18,24.01,432.18,6,month-to-month,bank_transfer,1,477.4,0,0,0,1
1114,2023-08-02 00:00:00,33,F,north,5,51.81,259.05,5,month-to-month,electronic_check,2,207.0,0,0,0,1
1115,2023-05-22 00:00:00,34,M,south,60,87.32,5239.2,3,month-to-month,bank_transfer,2,106.8,1,1,1,0
1116,2023-12-24 00:00:00,68,F,west,31,43.06,1334.86,3,month-to-month,electronic_check,1,65.5,0,1,1,0
1117,2024-12-27 00:00:00,24,F,south,40,65.04,2601.6,3,month-to-month,credit_card,1,258.5,0,1,1,0
1118,2024-03-04 00:00:00,38,M,north,63,113.19,7130.97,6,month-to-month,credit_card,2,222.1,0,0,1,0
1119,2024-06-11 00:00:00,40,M,east,61,102.68,6263.48,3,one_year,electronic_check,0,257.1,1,0,1,0
1120,2023-12-27 00:00:00,60,F,south,59,75.8,4472.2,6,one_year,mailed_check,0,243.1,1,0,1,0
1121,2023-01-11 00:00:00,43,M,east,14,77.67,1087.38,1,month-to-month,bank_transfer,0,287.1,1,1,1,0
1122,2023-03-03 00:00:00,69,F,east,54,108.7,5869.8,3,month-to-month,credit_card,2,157.0,0,1,0,0
1123,2023-07-16 00:00:00,57,F,east,72,106.31,7654.32,4,month-to-month,mailed_check,1,237.8,1,0,0,0
1124,2023-06-27 00:00:00,55,M,west,0,28.83,0.0,5,month-to-month,credit_card,1,213.7,0,0,1,0
1125,2024-09-05 00:00:00,57,F,east,63,66.56,4193.28,1,two_year,credit_card,2,263.4,1,1,1,0
1126,2024-09-07 00:00:00,26,M,west,63,39.09,2462.67,4,month-to-month,bank_transfer,1,224.9,1,0,1,0
1127,2024-09-15 00:00:00,41,M,north,61,28.32,1727.52,6,two_year,mailed_check,1,325.1,0,1,1,0
1128,2024-04-10 00:00:00,49,F,west,28,49.24,1378.72,1,one_year,mailed_check,1,355.2,0,0,1,0
1129,2024-02-11 00:00:00,29,F,south,14,81.06,1134.84,2,two_year,bank_transfer,1,200.2,0,0,1,0
1130,2024-04-18 00:00:00,24,M,east,53,99.44,5270.32,3,two_year,bank_transfer,1,365.9,0,1,1,0
1131,2023-10-24 00:00:00,25,F,north,45,111.25,5006.25,2,two_year,electronic_check,3,456.2,0,0,1,0
1132,2024-05-04 00:00:00,59,F,east,53,62.3,3301.9,3,one_year,mailed_check,0,384.2,1,1,0,0
1133,2024-08-02 00:00:00,52,F,north,18,62.23,1120.14,6,month-to-month,credit_card,1,387.5,1,1,1,0
1134,2024-07-10 00:00:00,32,F,east,12,35.33,423.96,6,one_year,mailed_check,1,366.5,1,1,0,0
1135,2024-03-24 00:00:00,57,M,north,65,39.48,2566.2,4,month-to-month,bank_transfer,1,196.8,1,0,0,0
1136,2023-02-12 00:00:00,54,M,north,37,30.25,1119.25,6,month-to-month,electronic_check,0,477.4,0,1,0,0
1137,2024-06-13 00:00:00,61,F,north,62,117.59,7290.58,5,two_year,electronic_check,3,96.0,0,1,0,0
1138,2023-09-25 00:00:00,66,M,south,67,32.76,2194.92,1,one_year,electronic_check,1,146.6,0,0,1,0
1139,2024-06-26 00:00:00,64,F,west,33,95.66,3156.78,3,month-to-month,mailed_check,2,103.8,0,1,1,0
1140,2024-01-29 00:00:00,27,M,west,19,51.78,983.82,6,two_year,bank_transfer,1,242.2,1,0,0,0
1141,2024-10-05 00:00:00,58,M,north,65,73.71,4791.15,3,month-to-month,bank_transfer,3,373.9,1,1,0,0
1142,2023-09-05 00:00:00,38,M,west,52,107.27,5578.04,4,two_year,electronic_check,1,129.2,1,1,1,0
1143,2024-11-10 00:00:00,39,M,east,48,113.62,5453.76,3,one_year,electronic_check,0,480.3,0,1,1,0
1144,2024-09-08 00:00:00,52,M,south,69,44.02,3037.38,1,month-to-month,credit_card,2,330.4,0,0,0,0
1145,2023-08-30 00:00:00,49,F,west,17,111.13,1889.21,4,month-to-month,electronic_check,1,468.0,1,0,0,0
1146,2023-12-19 00:00:00,40,F,north,26,45.21,1175.46,3,two_year,credit_card,3,303.0,1,1,0,0
1147,2024-01-23 00:00:00,70,M,north,2,100.48,200.96,5,month-to-month,bank_transfer,1,293.6,0,0,0,1
1148,2024-07-15 00:00:00,27,M,north,28,21.53,602.84,6,two_year,credit_card,1,482.4,1,0,1,0
1149,2024-05-18 00:00:00,23,F,north,32,73.52,2352.64,1,month-to-month,bank_transfer,0,472.8,0,1,1,0
1150,2024-09-13 00:00:00,19,M,south,33,92.58,3055.14,3,month-to-month,credit_card,1,346.9,0,0,0,0
1151,2023-09-28 00:00:00,61,M,north,11,103.89,1142.79,3,one_year,bank_transfer,0,57.3,0,0,1,0
1152,2024-01-04 00:00:00,39,F,north,59,104.11,6142.49,5,month-to-month,electronic_check,1,59.1,0,1,0,0
1153,2023-11-11 00:00:00,41,F,south,35,49.89,1746.15,3,month-to-month,credit_card,1,16.9,0,1,0,0
1154,2024-10-25 00:00:00,52,F,east,32,105.31,3369.92,4,one_year,electronic_check,3,73.7,0,0,0,1
1155,2023-08-11 00:00:00,41,F,west,63,52.36,3298.68,6,month-to-month,bank_transfer,2,273.6,1,0,0,0
1156,2024-03-04 00:00:00,48,F,north,35,43.38,1518.3,4,month-to-month,mailed_check,0,222.8,0,1,1,0
1157,2023-03-29 00:00:00,21,F,east,65,20.15,1309.75,1,two_year,bank_transfer,1,346.9,0,1,1,0
1158,2024-09-12 00:00:00,26,M,north,16,43.57,697.12,3,month-to-month,bank_transfer,3,446.1,0,0,0,0
1159,2023-10-08 00:00:00,67,M,west,62,31.84,1974.08,6,one_year,credit_card,1,188.3,0,0,1,0
1160,2023-09-06 00:00:00,41,M,south,72,87.49,6299.28,3,one_year,electronic_check,0,434.7,0,0,1,0
1161,2024-03-01 00:00:00,26,M,west,54,34.48,1861.92,6,one_year,credit_card,1,448.1,1,0,1,0
1162,2023-12-31 00:00:00,37,F,west,65,78.54,5105.1,6,month-to-month,credit_card,0,339.0,0,0,1,0
1163,2024-09-11 00:00:00,35,M,south,54,32.65,1763.1,2,two_year,mailed_check,0,417.7,1,1,0,0
1164,2024-01-23 00:00:00,32,M,south,43,90.44,3888.92,3,month-to-month,electronic_check,0,462.9,1,1,0,0
1165,2024-01-13 00:00:00,33,M,south,55,48.55,2670.25,2,two_year,mailed_check,1,228.4,0,1,1,0
1166,2023-03-18 00:00:00,56,F,south,70,50.87,3560.9,2,two_year,electronic_check,3,251.5,0,0,1,0
1167,2023-01-17 00:00:00,23,F,south,44,84.04,3697.76,3,one_year,bank_transfer,1,258.1,0,0,0,0
1168,2023-10-18 00:00:00,34,F,east,50,113.89,5694.5,3,month-to-month,electronic_check,1,230.1,1,1,1,0
1169,2024-12-29 00:00:00,42,M,south,5,119.16,595.8,3,month-to-month,mailed_check,0,474.0,1,0,1,0
1170,2024-10-31 00:00:00,46,M,west,70,55.73,3901.1,5,month-to-month,bank_transfer,2,45.7,0,0,1,0
1171,2024-04-04 00:00:00,64,F,south,56,114.63,6419.28,1,one_year,mailed_check,0,181.6,0,1,0,0
1172,2024-04-05 00:00:00,66,F,south,11,81.23,893.53,3,month-to-month,credit_card,2,453.2,1,0,0,0
1173,2023-10-13 00:00:00,33,F,south,21,110.65,2323.65,6,month-to-month,electronic_check,2,387.2,1,1,1,0
1174,2023-05-10 00:00:00,46,F,east,16,22.79,364.64,5,month-to-month,mailed_check,1,144.2,0,1,1,0
1175,2023-01-07 00:00:00,19,M,north,23,23.32,536.36,2,month-to-month,credit_card,2,331.8,1,1,0,0
1176,2023-09-05 00:00:00,50,F,south,64,27.46,1757.44,2,month-to-month,mailed_check,1,1.0,0,0,0,0
1177,2023-08-20 00:00:00,26,F,south,33,100.44,3314.52,6,month-to-month,mailed_check,1,266.3,0,0,0,0
1178,2023-05-20 00:00:00,21,F,east,30,33.8,1014.0,4,month-to-month,credit_card,1,459.2,1,0,0,0
1179,2023-07-09 00:00:00,53,F,north,56,37.66,2108.96,6,month-to-month,mailed_check,0,309.2,1,0,0,1
1180,2023-01-19 00:00:00,27,M,south,27,78.54,2120.58,6,month-to-month,credit_card,1,454.5,0,1,1,0
1181,2024-03-19 00:00:00,43,M,east,64,115.74,7407.36,3,one_year,credit_card,0,37.8,1,0,1,0
1182,2024-11-08 00:00:00,23,F,west,55,76.71,4219.05,4,two_year,electronic_check,1,266.9,0,0,1,0
1183,2024-05-19 00:00:00,57,M,south,18,93.26,1678.68,3,month-to-month,bank_transfer,0,342.1,0,0,1,0
1184,2023-11-24 00:00:00,58,M,west,46,38.77,1783.42,4,one_year,bank_transfer,0,16.6,0,1,0,0
1185,2023-11-03 00:00:00,48,M,east,35,111.42,3899.7,4,month-to-month,credit_card,1,433.2,1,0,0,0
1186,2023-08-13 00:00:00,62,F,west,25,25.59,639.75,5,one_year,bank_transfer,3,128.2,1,0,1,0
1187,2023-04-14 00:00:00,41,M,north,66,48.28,3186.48,6,month-to-month,bank_transfer,1,432.4,1,1,0,0
1188,2024-03-12 00:00:00,27,M,west,29,65.37,1895.73,5,two_year,mailed_check,1,139.9,0,1,0,0
1189,2024-02-18 00:00:00,26,F,south,8,42.62,340.96,1,one_year,bank_transfer,2,490.7,0,0,0,0
1190,2023-01-06 00:00:00,29,F,north,29,86.38,2505.02,3,one_year,bank_transfer,2,443.7,1,1,0,0
1191,2023-10-31 00:00:00,28,F,north,37,87.88,3251.56,4,month-to-month,credit_card,1,428.2,0,0,0,0
1192,2023-07-22 00:00:00,35,F,east,9,41.19,370.71,4,two_year,electronic_check,3,343.7,1,0,1,0
1193,2023-05-05 00:00:00,29,M,east,54,20.86,1126.44,6,month-to-month,electronic_check,1,200.7,0,1,1,0
1194,2024-05-28 00:00:00,49,F,north,16,27.43,438.88,3,month-to-month,credit_card,3,229.0,1,0,0,0
1195,2024-01-19 00:00:00,25,F,west,6,20.04,120.24,5,one_year,bank_transfer,1,293.6,1,1,1,0
1196,2024-04-07 00:00:00,50,M,south,39,110.54,4311.06,3,one_year,electronic_check,2,133.7,1,0,1,0
1197,2024-06-04 00:00:00,35,F,east,11,82.17,903.87,1,two_year,mailed_check,2,128.2,1,0,0,0
1198,2024-12-17 00:00:00,54,M,east,57,33.84,1928.88,3,one_year,credit_card,3,242.7,0,0,0,0
1199,2024-08-09 00:00:00,45,M,east,4,29.25,117.0,1,one_year,credit_card,0,264.4,1,0,1,0
1200,2024-03-28 00:00:00,65,M,east,30,101.76,3052.8,3,month-to-month,electronic_check,1,398.7,0,1,0,1
1201,2024-10-03 00:00:00,41,M,west,3,101.1,303.3,2,month-to-month,bank_transfer,1,372.4,1,1,1,0
1202,2023-12-15 00:00:00,33,F,east,27,112.74,3043.98,1,month-to-month,mailed_check,0,312.6,1,0,0,0
1203,2024-12-19 00:00:00,49,M,west,68,35.93,2443.24,4,one_year,mailed_check,3,327.1,1,0,1,0
1204,2024-07-09 00:00:00,52,F,west,47,72.23,3394.81,5,one_year,bank_transfer,1,435.8,0,0,1,0
1205,2024-04-20 00:00:00,41,M,south,39,32.15,1253.85,1,one_year,electronic_check,4,29.1,1,0,1,0
1206,2024-10-21 00:00:00,47,M,east,11,99.56,1095.16,4,one_year,mailed_check,1,285.3,1,0,0,0
1207,2024-01-12 00:00:00,42,M,north,22,61.25,1347.5,4,month-to-month,electronic_check,2,30.2,0,0,1,0
1208,2024-06-10 00:00:00,34,M,west,27,89.58,2418.66,1,month-to-month,electronic_check,1,55.0,0,0,1,0
1209,2023-07-27 00:00:00,34,F,west,42,23.03,967.26,4,two_year,mailed_check,1,237.8,0,0,1,0
1210,2024-12-04 00:00:00,66,F,west,15,97.79,1466.85,2,month-to-month,credit_card,2,195.9,0,0,0,1
1211,2024-03-31 00:00:00,53,M,east,72,42.95,3092.4,5,month-to-month,mailed_check,2,367.0,1,1,0,0
1212,2024-07-24 00:00:00,23,F,west,47,104.28,4901.16,4,one_year,bank_transfer,1,409.3,0,0,0,0
1213,2023-12-03 00:00:00,68,F,west,22,38.59,848.98,1,month-to-month,electronic_check,0,395.0,1,0,1,0
1214,2024-09-24 00:00:00,55,F,north,8,99.01,792.08,4,month-to-month,credit_card,0,289.9,1,0,1,0
1215,2023-02-24 00:00:00,20,M,south,43,33.41,1436.63,1,one_year,bank_transfer,0,3.0,1,0,0,0
1216,2023-03-25 00:00:00,56,M,east,32,86.34,2762.88,5,month-to-month,credit_card,2,11.7,0,1,1,0
1217,2024-01-06 00:00:00,49,F,south,49,97.93,4798.57,2,two_year,electronic_check,1,95.1,1,1,1,0
1218,2024-06-18 00:00:00,66,F,east,43,58.62,2520.66,3,two_year,mailed_check,1,134.1,1,0,1,0
1219,2024-08-13 00:00:00,43,M,east,46,44.43,2043.78,5,month-to-month,electronic_check,0,230.4,1,0,0,0
1220,2023-11-18 00:00:00,45,F,west,60,54.45,3267.0,6,two_year,electronic_check,1,190.0,1,0,1,0
1221,2024-04-19 00:00:00,34,M,west,38,49.66,1887.08,4,month-to-month,bank_transfer,2,75.6,1,0,1,0
1222,2024-02-08 00:00:00,35,F,north,52,83.31,4332.12,1,month-to-month,credit_card,1,48.2,0,1,0,0
1223,2024-12-02 00:00:00,50,M,south,26,24.46,635.96,2,one_year,electronic_check,0,10.8,0,0,0,1
1224,2024-04-22 00:00:00,61,F,south,68,24.14,1641.52,4,one_year,bank_transfer,1,34.6,0,0,0,0
1225,2023-11-01 00:00:00,65,M,east,29,48.78,1414.62,1,month-to-month,bank_transfer,2,0.3,1,1,0,0
1226,2024-12-08 00:00:00,58,M,south,49,47.7,2337.3,3,month-to-month,mailed_check,0,16.1,0,0,1,0
1227,2023-03-20 00:00:00,50,F,west,72,37.71,2715.12,2,month-to-month,bank_transfer,0,223.6,0,1,1,0
1228,2024-12-19 00:00:00,44,M,south,25,91.68,2292.0,2,month-to-month,bank_transfer,1,337.8,0,1,0,1
1229,2023-04-23 00:00:00,35,F,south,7,22.38,156.66,6,month-to-month,credit_card,0,209.3,1,0,1,0
1230,2023-07-30 00:00:00,58,F,west,16,112.42,1798.72,6,two_year,bank_transfer,0,131.3,1,1,0,1
1231,2024-08-22 00:00:00,34,M,south,17,95.75,1627.75,6,two_year,credit_card,2,307.8,1,0,0,0
1232,2024-06-19 00:00:00,32,M,north,4,60.3,241.2,6,month-to-month,mailed_check,2,316.2,0,0,1,0
1233,2024-12-09 00:00:00,63,F,south,39,105.89,4129.71,6,month-to-month,credit_card,0,355.5,1,1,1,0
1234,2024-07-01 00:00:00,49,F,south,20,81.82,1636.4,2,month-to-month,credit_card,3,142.2,0,1,1,0
1235,2024-04-10 00:00:00,36,F,east,7,77.02,539.14,3,month-to-month,electronic_check,0,478.2,1,1,1,1
1236,2023-09-10 00:00:00,63,M,east,9,51.3,461.7,1,one_year,mailed_check,2,86.0,0,1,0,0
1237,2023-01-04 00:00:00,69,F,east,19,86.31,1639.89,5,one_year,credit_card,0,481.7,0,0,0,0
1238,2023-04-01 00:00:00,34,F,south,26,33.97,883.22,6,month-to-month,mailed_check,0,316.6,1,0,1,0
1239,2023-08-06 00:00:00,45,F,east,71,72.49,5146.79,1,two_year,mailed_check,2,136.1,0,1,0,0
1240,2023-01-30 00:00:00,43,M,north,51,31.61,1612.11,2,two_year,bank_transfer,2,99.6,1,0,0,0
1241,2024-01-06 00:00:00,55,M,north,52,64.51,3354.52,2,month-to-month,credit_card,0,115.8,1,0,1,0
1242,2024-07-21 00:00:00,68,F,east,50,81.63,4081.5,6,two_year,electronic_check,1,323.0,0,0,1,0
1243,2024-12-04 00:00:00,47,F,west,58,35.55,2061.9,5,month-to-month,mailed_check,1,479.0,1,0,0,0
1244,2023-12-24 00:00:00,60,M,east,23,42.21,970.83,2,two_year,mailed_check,2,433.9,0,0,0,0
1245,2024-09-30 00:00:00,49,F,north,7,101.33,709.31,1,one_year,electronic_check,1,490.7,1,1,0,1
1246,2024-12-20 00:00:00,65,M,west,37,45.57,1686.09,3,month-to-month,electronic_check,1,161.0,1,0,1,0
1247,2024-09-19 00:00:00,39,M,south,0,29.56,0.0,4,month-to-month,bank_transfer,0,193.9,1,0,0,1
1248,2023-12-06 00:00:00,38,M,east,15,53.07,796.05,1,one_year,credit_card,1,373.5,1,0,0,0
1249,2023-08-26 00:00:00,40,M,west,54,113.51,6129.54,3,two_year,credit_card,1,125.1,0,1,0,0
1250,2024-12-14 00:00:00,70,M,west,36,89.38,3217.68,4,two_year,credit_card,3,168.6,1,0,0,0
1251,2023-06-26 00:00:00,50,M,north,50,77.54,3877.0,6,month-to-month,credit_card,3,143.2,1,0,1,1
1252,2023-10-28 00:00:00,26,M,north,37,104.04,3849.48,2,two_year,electronic_check,2,204.0,0,0,0,0
1253,2023-02-24 00:00:00,20,F,east,39,86.02,3354.78,2,month-to-month,mailed_check,3,386.0,1,0,1,0
1254,2024-08-02 00:00:00,45,F,west,21,101.11,2123.31,3,month-to-month,electronic_check,1,4.4,1,1,1,0
1255,2024-04-19 00:00:00,60,F,west,15,85.72,1285.8,2,month-to-month,bank_transfer,4,13.0,0,0,1,0
1256,2023-03-03 00:00:00,43,M,east,18,106.43,1915.74,6,two_year,credit_card,0,1.8,0,1,1,0
1257,2023-06-12 00:00:00,47,F,north,58,82.4,4779.2,5,one_year,electronic_check,1,319.7,0,0,1,0
1258,2024-02-10 00:00:00,60,M,east,71,46.49,3300.79,2,month-to-month,mailed_check,1,183.3,1,1,0,0
1259,2024-01-30 00:00:00,45,F,east,5,24.11,120.55,3,one_year,mailed_check,0,235.5,0,1,0,0
1260,2024-08-08 00:00:00,66,F,south,39,30.53,1190.67,4,two_year,electronic_check,2,233.2,0,1,1,0
1261,2023-07-14 00:00:00,51,M,east,34,71.24,2422.16,6,month-to-month,credit_card,1,101.6,0,1,1,0
1262,2024-11-06 00:00:00,56,M,north,41,117.18,4804.38,2,month-to-month,mailed_check,0,395.3,1,0,1,0
1263,2023-11-21 00:00:00,59,F,west,17,95.95,1631.15,2,month-to-month,mailed_check,1,93.3,1,0,0,0
1264,2024-08-23 00:00:00,51,F,north,0,97.54,0.0,4,month-to-month,credit_card,3,342.1,0,0,0,1
1265,2023-06-24 00:00:00,20,F,west,14,86.38,1209.32,6,month-to-month,electronic_check,1,369.7,1,1,1,0
1266,2023-01-27 00:00:00,40,F,west,13,110.35,1434.55,2,one_year,mailed_check,2,127.7,1,0,1,0
1267,2023-02-10 00:00:00,25,F,east,3,93.55,280.65,3,month-to-month,bank_transfer,0,354.6,0,0,1,0
1268,2023-09-30 00:00:00,45,M,west,26,45.84,1191.84,5,two_year,mailed_check,0,108.5,0,0,0,0
1269,2024-11-26 00:00:00,25,F,west,49,69.95,3427.55,3,two_year,bank_transfer,0,262.9,0,1,0,0
1270,2023-02-05 00:00:00,44,M,north,70,60.43,4230.1,5,month-to-month,mailed_check,1,358.5,0,0,0,0
1271,2023-09-27 00:00:00,36,M,east,47,36.54,1717.38,4,month-to-month,electronic_check,2,72.8,1,0,0,1
1272,2023-03-21 00:00:00,19,M,east,12,42.24,506.88,6,month-to-month,electronic_check,1,338.6,0,0,0,1
1273,2024-11-11 00:00:00,24,F,west,26,48.52,1261.52,4,one_year,credit_card,2,66.6,0,1,0,0
1274,2024-05-07 00:00:00,44,F,east,22,37.36,821.92,6,month-to-month,electronic_check,0,35.6,1,0,1,0
1275,2024-07-10 00:00:00,22,M,east,15,41.73,625.95,6,one_year,credit_card,1,174.6,0,0,1,0
1276,2024-06-04 00:00:00,63,M,east,72,111.64,8038.08,2,one_year,electronic_check,1,109.2,0,1,1,0
1277,2024-04-24 00:00:00,58,M,north,47,54.32,2553.04,6,one_year,credit_card,2,74.6,1,1,0,0
1278,2024-07-18 00:00:00,55,F,south,35,102.75,3596.25,1,month-to-month,credit_card,0,129.2,0,0,1,0
1279,2023-01-06 00:00:00,27,F,south,31,26.44,819.64,2,two_year,electronic_check,0,381.0,0,1,0,0
1280,2024-09-23 00:00:00,60,M,west,23,118.18,2718.14,1,two_year,bank_transfer,1,430.3,0,1,1,0
1281,2024-06-24 00:00:00,51,M,west,30,96.48,2894.4,1,one_year,bank_transfer,1,468.5,0,0,0,0
1282,2024-06-23 00:00:00,38,F,east,46,110.67,5090.82,5,month-to-month,bank_transfer,1,475.6,0,1,0,0
1283,2023-10-15 00:00:00,18,M,north,67,72.59,4863.53,1,one_year,credit_card,2,314.3,0,0,0,0
1284,2024-08-07 00:00:00,46,M,east,36,83.45,3004.2,2,two_year,electronic_check,1,346.8,0,0,1,0
1285,2023-10-06 00:00:00,60,M,south,13,56.08,729.04,3,one_year,credit_card,2,152.6,1,0,0,0
1286,2023-02-05 00:00:00,19,M,east,69,63.2,4360.8,5,one_year,mailed_check,1,447.5,0,1,1,0
1287,2024-10-24 00:00:00,20,M,south,22,95.07,2091.54,5,month-to-month,mailed_check,4,174.3,0,0,0,1
1288,2023-06-21 00:00:00,38,F,east,6,25.0,150.0,6,month-to-month,mailed_check,0,367.4,1,0,0,1
1289,2023-03-16 00:00:00,45,M,north,39,23.66,922.74,1,one_year,electronic_check,1,392.4,1,1,1,0
1290,2024-03-29 00:00:00,43,M,north,57,107.49,6126.93,1,two_year,mailed_check,5,488.9,0,1,0,0
1291,2023-06-20 00:00:00,40,F,north,18,31.0,558.0,3,month-to-month,electronic_check,1,16.0,0,1,0,0
1292,2024-09-18 00:00:00,31,F,west,20,92.1,1842.0,2,month-to-month,credit_card,3,125.6,1,1,0,0
1293,2023-11-20 00:00:00,21,M,north,21,39.95,838.95,1,month-to-month,mailed_check,1,235.8,1,1,0,0
1294,2023-01-04 00:00:00,19,M,south,58,56.62,3283.96,4,month-to-month,mailed_check,1,398.7,1,0,1,0
1295,2024-11-25 00:00:00,23,F,south,69,49.35,3405.15,3,one_year,credit_card,1,362.8,0,0,0,0
1296,2024-01-11 00:00:00,54,M,west,61,69.03,4210.83,3,month-to-month,credit_card,1,37.7,0,0,1,0
1297,2023-07-11 00:00:00,59,F,south,16,102.67,1642.72,1,one_year,bank_transfer,0,428.5,1,0,1,0
1298,2024-05-09 00:00:00,41,M,west,61,107.55,6560.55,3,month-to-month,electronic_check,4,206.2,0,0,0,0
1299,2024-01-23 00:00:00,22,M,west,22,42.2,928.4,3,one_year,credit_card,3,427.6,0,0,1,0
1300,2023-01-22 00:00:00,40,M,east,63,53.76,3386.88,2,month-to-month,electronic_check,3,441.9,1,1,0,0
1301,2024-07-08 00:00:00,70,F,south,72,103.69,7465.68,5,one_year,mailed_check,0,459.0,1,0,0,0
1302,2023-10-20 00:00:00,31,M,east,52,28.96,1505.92,6,month-to-month,credit_card,3,392.9,1,0,1,0
1303,2024-05-25 00:00:00,44,M,east,69,31.69,2186.61,6,month-to-month,electronic_check,0,376.7,0,1,0,0
1304,2024-10-15 00:00:00,46,M,north,10,67.96,679.6,5,one_year,electronic_check,1,255.2,1,1,0,0
1305,2024-03-21 00:00:00,35,F,west,47,99.01,4653.47,5,month-to-month,bank_transfer,1,278.1,0,0,1,0
1306,2024-05-05 00:00:00,41,M,south,3,53.6,160.8,1,month-to-month,mailed_check,0,258.3,1,1,1,0
1307,2023-07-05 00:00:00,43,F,west,47,26.94,1266.18,3,two_year,mailed_check,1,257.8,1,1,1,0
1308,2023-06-23 00:00:00,43,F,east,24,116.79,2802.96,1,one_year,credit_card,0,105.3,0,0,1,0
1309,2023-10-30 00:00:00,56,M,west,70,113.89,7972.3,4,month-to-month,credit_card,3,164.0,1,0,0,0
1310,2024-09-14 00:00:00,48,F,north,36,85.19,3066.84,5,one_year,credit_card,1,88.7,0,0,1,0
1311,2024-01-18 00:00:00,20,F,north,55,88.19,4850.45,5,month-to-month,electronic_check,0,358.8,0,1,0,0
1312,2023-09-12 00:00:00,18,M,north,22,113.37,2494.14,1,month-to-month,bank_transfer,0,210.2,0,0,0,0
1313,2024-07-23 00:00:00,39,M,west,5,84.39,421.95,4,month-to-month,credit_card,0,121.6,0,1,1,1
1314,2024-09-14 00:00:00,66,M,west,54,98.84,5337.36,6,month-to-month,electronic_check,2,399.6,0,1,1,0
1315,2024-10-20 00:00:00,19,M,west,16,66.35,1061.6,1,month-to-month,mailed_check,1,447.7,1,0,1,0
1316,2023-08-07 00:00:00,21,F,south,52,42.8,2225.6,4,one_year,electronic_check,2,2.3,0,1,1,0
1317,2024-06-02 00:00:00,54,F,south,33,103.25,3407.25,2,month-to-month,electronic_check,1,439.1,0,1,1,0
1318,2024-03-06 00:00:00,41,F,south,70,88.44,6190.8,6,month-to-month,electronic_check,4,13.4,0,1,0,0
1319,2023-11-24 00:00:00,30,M,west,25,48.96,1224.0,4,month-to-month,bank_transfer,0,354.9,1,0,0,0
1320,2023-10-17 00:00:00,28,M,south,29,82.33,2387.57,5,month-to-month,bank_transfer,2,438.5,1,0,1,0
1321,2023-03-25 00:00:00,53,M,east,54,101.65,5489.1,4,one_year,electronic_check,1,117.9,1,1,1,0
1322,2023-07-20 00:00:00,45,F,east,57,47.03,2680.71,6,month-to-month,bank_transfer,3,471.8,1,0,0,0
1323,2024-02-06 00:00:00,51,M,south,9,96.82,871.38,2,month-to-month,electronic_check,0,360.1,1,0,0,1
1324,2024-10-09 00:00:00,32,F,south,54,27.23,1470.42,5,month-to-month,electronic_check,3,491.9,0,1,1,0
1325,2024-09-24 00:00:00,45,F,east,35,82.49,2887.15,3,month-to-month,credit_card,3,99.8,1,1,0,0
1326,2023-05-17 00:00:00,63,M,west,72,119.89,8632.08,4,one_year,mailed_check,1,64.1,0,0,1,0
1327,2024-05-10 00:00:00,34,F,north,46,106.64,4905.44,5,one_year,bank_transfer,2,330.8,0,1,0,0
1328,2023-03-03 00:00:00,39,F,east,56,107.57,6023.92,2,one_year,electronic_check,2,257.5,0,1,1,0
1329,2024-05-07 00:00:00,26,F,north,25,88.04,2201.0,6,month-to-month,electronic_check,3,407.4,0,1,0,0
1330,2023-09-07 00:00:00,51,M,north,20,66.12,1322.4,5,month-to-month,credit_card,4,214.5,0,0,1,0
1331,2023-11-25 00:00:00,19,M,east,57,87.72,5000.04,3,one_year,electronic_check,3,1.0,1,1,0,0
1332,2024-06-07 00:00:00,31,F,south,1,52.12,52.12,4,two_year,mailed_check,0,242.5,0,0,1,0
1333,2023-11-07 00:00:00,55,M,south,42,75.28,3161.76,4,month-to-month,bank_transfer,0,332.9,0,0,1,0
1334,2024-08-12 00:00:00,19,F,north,70,73.97,5177.9,3,one_year,bank_transfer,1,156.1,1,0,1,0
1335,2024-01-25 00:00:00,70,M,west,72,74.37,5354.64,4,month-to-month,credit_card,1,251.1,0,1,0,0
1336,2024-12-30 00:00:00,39,F,west,52,61.2,3182.4,4,two_year,credit_card,2,301.7,1,0,1,0
1337,2024-04-10 00:00:00,39,F,west,36,55.28,1990.08,5,month-to-month,electronic_check,1,359.0,0,0,0,0
1338,2023-08-05 00:00:00,46,M,north,59,53.04,3129.36,2,month-to-month,electronic_check,2,117.8,1,0,1,0
1339,2024-07-19 00:00:00,51,M,north,1,42.47,42.47,1,month-to-month,bank_transfer,1,134.4,1,1,0,0
1340,2023-10-25 00:00:00,42,F,north,57,63.85,3639.45,3,one_year,electronic_check,1,343.4,1,1,1,0
1341,2024-01-25 00:00:00,64,M,north,13,31.77,413.01,5,one_year,mailed_check,1,177.2,1,1,0,0
1342,2023-04-10 00:00:00,68,F,south,53,110.16,5838.48,1,one_year,mailed_check,1,375.2,0,0,1,0
1343,2023-03-29 00:00:00,28,F,east,25,26.97,674.25,6,one_year,credit_card,1,133.8,1,1,0,0
1344,2024-02-24 00:00:00,55,M,north,54,103.74,5601.96,3,month-to-month,credit_card,0,377.4,0,1,0,0
1345,2023-05-17 00:00:00,33,F,south,44,44.12,1941.28,2,month-to-month,electronic_check,2,78.8,1,0,1,0
1346,2024-12-29 00:00:00,70,M,east,67,105.32,7056.44,3,two_year,electronic_check,3,226.2,0,0,1,0
1347,2024-09-16 00:00:00,31,F,south,57,92.03,5245.71,5,month-to-month,credit_card,2,95.8,0,0,0,0
1348,2024-05-26 00:00:00,33,M,south,66,112.1,7398.6,6,month-to-month,electronic_check,1,257.9,1,1,0,0
1349,2024-06-20 00:00:00,55,M,east,11,107.02,1177.22,4,month-to-month,electronic_check,1,350.1,0,0,1,0
1350,2024-03-10 00:00:00,59,M,west,27,90.11,2432.97,4,month-to-month,electronic_check,1,263.7,1,0,0,0
1351,2023-02-14 00:00:00,24,F,south,31,35.17,1090.27,5,month-to-month,mailed_check,4,80.0,0,0,0,0
1352,2023-10-14 00:00:00,47,F,north,2,74.9,149.8,6,one_year,electronic_check,4,460.7,1,1,1,0
1353,2023-12-28 00:00:00,36,F,west,1,53.98,53.98,5,one_year,electronic_check,2,2.4,0,1,0,0
1354,2024-10-30 00:00:00,50,M,east,2,108.58,217.16,6,month-to-month,electronic_check,1,365.3,1,0,1,0
1355,2023-06-10 00:00:00,47,F,south,56,107.22,6004.32,5,month-to-month,credit_card,0,361.3,0,0,1,0
1356,2023-12-29 00:00:00,70,F,east,32,51.4,1644.8,1,two_year,electronic_check,4,448.0,0,0,0,0
1357,2023-09-09 00:00:00,67,F,west,54,87.17,4707.18,1,one_year,credit_card,0,430.6,1,0,1,0
1358,2023-04-09 00:00:00,52,M,north,60,53.83,3229.8,4,two_year,bank_transfer,0,75.1,1,1,0,0
1359,2023-03-17 00:00:00,54,F,west,2,87.82,175.64,6,month-to-month,mailed_check,2,473.1,0,1,1,0
1360,2023-09-24 00:00:00,65,M,east,61,81.39,4964.79,2,two_year,credit_card,1,75.5,0,1,0,0
1361,2023-03-02 00:00:00,27,M,east,16,71.09,1137.44,6,two_year,mailed_check,3,281.9,0,1,0,0
1362,2023-02-19 00:00:00,56,F,west,29,107.84,3127.36,6,month-to-month,electronic_check,0,78.2,1,1,1,1
1363,2023-09-14 00:00:00,58,M,south,70,44.61,3122.7,1,one_year,bank_transfer,0,189.6,0,1,0,0
1364,2023-05-28 00:00:00,24,M,west,22,99.75,2194.5,3,month-to-month,electronic_check,0,396.3,0,0,0,1
1365,2024-02-10 00:00:00,64,F,east,68,88.95,6048.6,2,one_year,electronic_check,1,468.0,0,0,0,0
1366,2023-01-13 00:00:00,55,F,west,36,48.13,1732.68,1,one_year,credit_card,1,160.4,1,0,1,0
1367,2023-08-09 00:00:00,36,M,south,0,62.17,0.0,5,month-to-month,credit_card,1,218.0,0,1,0,1
1368,2023-11-27 00:00:00,43,F,east,60,26.9,1614.0,2,month-to-month,mailed_check,2,401.2,1,0,0,0
1369,2024-12-04 00:00:00,43,M,south,3,79.76,239.28,4,month-to-month,mailed_check,2,298.1,1,0,0,0
1370,2024-04-08 00:00:00,66,M,south,46,108.79,5004.34,5,one_year,bank_transfer,6,448.8,0,0,1,0
1371,2024-10-04 00:00:00,69,M,south,33,31.78,1048.74,3,one_year,electronic_check,1,164.4,1,0,0,0
1372,2023-09-08 00:00:00,60,F,west,10,33.2,332.0,1,month-to-month,electronic_check,1,93.8,1,1,0,0
1373,2023-11-25 00:00:00,52,M,west,37,67.46,2496.02,1,two_year,bank_transfer,0,274.1,1,0,1,0
1374,2023-11-03 00:00:00,23,M,north,26,48.12,1251.12,3,month-to-month,electronic_check,0,233.4,0,1,0,0
1375,2024-10-09 00:00:00,66,F,west,7,47.69,333.83,1,month-to-month,electronic_check,2,440.5,0,1,0,1
1376,2024-12-01 00:00:00,25,F,east,40,83.87,3354.8,6,month-to-month,bank_transfer,1,44.5,1,0,0,0
1377,2024-12-03 00:00:00,26,F,north,3,61.03,183.09,1,two_year,bank_transfer,2,22.7,0,0,1,0
1378,2024-07-02 00:00:00,21,F,west,39,104.46,4073.94,1,one_year,electronic_check,1,87.0,0,1,1,0
1379,2024-01-03 00:00:00,68,M,north,16,62.89,1006.24,1,one_year,credit_card,1,335.9,1,1,1,0
1380,2024-01-30 00:00:00,44,M,west,60,81.53,4891.8,5,two_year,bank_transfer,2,162.7,0,1,1,0
1381,2024-12-16 00:00:00,30,M,south,69,59.79,4125.51,4,month-to-month,bank_transfer,0,48.7,0,0,0,0
1382,2023-07-27 00:00:00,22,F,west,68,45.6,3100.8,5,month-to-month,electronic_check,2,443.2,1,1,1,0
1383,2023-09-11 00:00:00,39,M,south,68,67.13,4564.84,3,one_year,bank_transfer,1,381.2,0,0,1,0
1384,2024-10-16 00:00:00,56,M,north,7,92.05,644.35,2,month-to-month,bank_transfer,0,442.2,0,1,1,1
1385,2023-10-10 00:00:00,70,M,west,37,115.28,4265.36,5,month-to-month,bank_transfer,2,55.9,0,1,1,0
1386,2023-06-21 00:00:00,47,M,east,16,24.22,387.52,1,month-to-month,bank_transfer,1,157.6,0,0,1,0
1387,2024-02-14 00:00:00,50,F,south,7,73.18,512.26,3,month-to-month,electronic_check,1,312.6,1,0,1,1
1388,2023-08-26 00:00:00,62,F,north,28,83.6,2340.8,1,month-to-month,electronic_check,2,39.5,0,0,0,0
1389,2024-10-12 00:00:00,65,M,west,31,28.57,885.67,3,month-to-month,credit_card,0,495.8,0,0,1,0
1390,2024-10-25 00:00:00,32,F,west,21,102.92,2161.32,6,two_year,electronic_check,2,496.4,0,0,1,0
1391,2023-08-12 00:00:00,70,F,south,8,47.6,380.8,6,month-to-month,bank_transfer,2,259.3,0,0,0,0
1392,2024-01-22 00:00:00,45,M,east,29,107.49,3117.21,5,two_year,credit_card,1,496.9,0,0,1,0
1393,2024-12-19 00:00:00,67,M,north,11,75.26,827.86,4,month-to-month,electronic_check,3,468.5,0,1,1,1
1394,2024-06-25 00:00:00,24,F,north,2,35.21,70.42,3,two_year,credit_card,2,304.5,1,1,1,0
1395,2023-06-07 00:00:00,23,M,east,32,93.92,3005.44,5,month-to-month,credit_card,0,42.3,0,0,1,0
1396,2024-03-07 00:00:00,64,F,west,4,35.72,142.88,6,month-to-month,bank_transfer,4,63.2,0,1,1,0
1397,2024-03-28 00:00:00,53,F,west,70,92.04,6442.8,4,month-to-month,bank_transfer,0,148.7,0,1,0,0
1398,2024-04-22 00:00:00,27,F,south,61,100.82,6150.02,1,month-to-month,credit_card,2,411.8,0,0,1,0
1399,2023-01-19 00:00:00,65,F,north,67,77.55,5195.85,5,one_year,electronic_check,2,269.8,1,1,1,0
1400,2023-08-07 00:00:00,23,F,east,7,47.11,329.77,1,month-to-month,bank_transfer,0,415.4,0,1,1,0
1401,2024-09-15 00:00:00,54,M,east,33,63.73,2103.09,2,month-to-month,mailed_check,5,356.0,0,1,0,1
1402,2023-06-26 00:00:00,28,M,west,60,72.8,4368.0,2,one_year,credit_card,3,407.5,0,0,0,0
1403,2023-08-07 00:00:00,21,F,north,42,86.58,3636.36,1,one_year,mailed_check,2,132.8,1,0,0,0
1404,2023-08-24 00:00:00,60,F,east,22,83.39,1834.58,5,month-to-month,bank_transfer,1,350.3,0,0,0,0
1405,2023-05-10 00:00:00,62,F,east,60,60.04,3602.4,4,month-to-month,electronic_check,0,38.7,0,1,0,0
1406,2023-04-24 00:00:00,23,F,east,22,95.82,2108.04,3,one_year,electronic_check,0,344.8,0,1,0,0
1407,2023-09-11 00:00:00,22,M,north,71,97.14,6896.94,3,month-to-month,credit_card,1,243.6,1,1,0,0
1408,2024-09-30 00:00:00,50,F,north,7,89.63,627.41,4,one_year,mailed_check,1,167.7,1,0,0,0
1409,2023-01-02 00:00:00,19,F,east,51,47.22,2408.22,4,month-to-month,mailed_check,0,348.1,1,0,0,0
1410,2023-07-26 00:00:00,57,F,north,0,66.94,0.0,2,two_year,bank_transfer,0,3.4,0,1,1,0
1411,2023-02-14 00:00:00,66,F,east,66,63.28,4176.48,3,one_year,electronic_check,1,385.9,1,1,0,0
1412,2024-02-14 00:00:00,57,M,north,25,101.68,2542.0,5,one_year,electronic_check,4,267.9,0,0,0,0
1413,2023-07-02 00:00:00,30,F,west,1,100.82,100.82,4,two_year,electronic_check,1,215.3,1,1,0,1
1414,2024-08-01 00:00:00,28,M,south,60,106.61,6396.6,5,two_year,credit_card,0,264.9,1,0,0,0
1415,2024-03-03 00:00:00,54,M,south,70,43.12,3018.4,4,one_year,electronic_check,4,135.8,0,1,0,0
1416,2024-07-26 00:00:00,21,F,south,67,94.85,6354.95,3,one_year,mailed_check,0,308.5,1,0,1,0
1417,2024-04-08 00:00:00,46,F,south,35,107.04,3746.4,5,two_year,credit_card,1,114.3,1,0,1,0
1418,2023-11-17 00:00:00,41,F,east,4,36.65,146.6,2,month-to-month,credit_card,2,463.7,1,1,1,0
1419,2024-09-20 00:00:00,57,M,east,16,23.99,383.84,4,one_year,bank_transfer,1,389.9,0,1,0,0
1420,2023-12-14 00:00:00,28,M,east,2,30.55,61.1,4,one_year,mailed_check,2,441.9,1,0,0,0
1421,2024-11-24 00:00:00,58,M,west,3,80.62,241.86,2,one_year,credit_card,1,357.6,0,0,0,0
1422,2024-12-27 00:00:00,55,F,north,11,62.16,683.76,2,two_year,credit_card,0,40.5,0,0,1,0
1423,2024-03-05 00:00:00,30,F,west,41,39.51,1619.91,1,one_year,credit_card,1,260.6,0,1,1,0
1424,2024-05-07 00:00:00,36,F,east,55,72.83,4005.65,1,one_year,bank_transfer,2,351.9,0,0,0,0
1425,2023-07-06 00:00:00,21,M,south,42,98.55,4139.1,1,two_year,bank_transfer,1,308.6,0,0,1,0
1426,2024-08-17 00:00:00,41,F,west,14,105.58,1478.12,4,one_year,bank_transfer,2,342.3,0,0,1,0
1427,2024-05-05 00:00:00,31,F,east,43,95.17,4092.31,1,month-to-month,credit_card,1,267.8,0,0,1,0
1428,2024-10-20 00:00:00,24,M,north,16,108.55,1736.8,4,month-to-month,bank_transfer,2,316.5,0,0,0,0
1429,2023-07-14 00:00:00,47,F,north,33,80.42,2653.86,1,month-to-month,electronic_check,1,280.4,0,1,0,0
1430,2024-07-28 00:00:00,48,F,east,64,103.71,6637.44,5,month-to-month,bank_transfer,2,39.1,0,0,1,0
1431,2023-12-10 00:00:00,22,M,east,9,61.72,555.48,5,one_year,mailed_check,3,292.6,1,1,1,1
1432,2023-05-16 00:00:00,27,M,north,63,105.25,6630.75,2,two_year,electronic_check,2,233.0,0,0,0,0
1433,2023-05-05 00:00:00,22,F,east,19,109.58,2082.02,5,month-to-month,electronic_check,4,252.3,0,1,0,1
1434,2024-02-15 00:00:00,53,F,east,48,88.64,4254.72,2,two_year,electronic_check,1,37.3,0,0,1,0
1435,2023-08-22 00:00:00,35,F,west,19,63.1,1198.9,4,one_year,mailed_check,1,452.0,0,0,1,0
1436,2023-03-16 00:00:00,21,F,east,11,48.17,529.87,4,two_year,electronic_check,2,419.5,1,0,0,0
1437,2023-11-08 00:00:00,28,M,west,32,52.52,1680.64,3,month-to-month,bank_transfer,0,25.0,1,0,1,0
1438,2024-04-21 00:00:00,69,F,north,27,33.24,897.48,5,month-to-month,credit_card,1,449.7,0,1,1,0
1439,2023-08-21 00:00:00,31,F,west,37,24.72,914.64,6,one_year,electronic_check,0,421.8,0,0,1,0
1440,2024-11-28 00:00:00,54,M,south,17,61.44,1044.48,3,one_year,electronic_check,1,388.4,0,0,0,0
1441,2024-07-23 00:00:00,42,F,east,71,24.27,1723.17,2,two_year,electronic_check,1,465.1,1,0,1,0
1442,2024-01-10 00:00:00,27,M,west,49,108.06,5294.94,3,two_year,credit_card,3,329.8,0,1,1,0
1443,2024-11-13 00:00:00,34,M,west,61,85.0,5185.0,4,month-to-month,electronic_check,1,61.3,0,0,0,0
1444,2023-11-13 00:00:00,18,M,north,56,104.37,5844.72,1,month-to-month,electronic_check,1,79.9,1,1,0,0
1445,2023-04-12 00:00:00,57,F,north,52,64.44,3350.88,6,one_year,electronic_check,2,36.0,0,0,1,0
1446,2023-01-27 00:00:00,35,M,east,10,42.4,424.0,3,month-to-month,electronic_check,0,209.6,0,0,0,0
1447,2024-11-15 00:00:00,44,M,west,42,49.03,2059.26,6,two_year,bank_transfer,0,81.9,0,0,0,0
1448,2024-12-01 00:00:00,26,F,east,65,105.47,6855.55,6,one_year,bank_transfer,1,17.3,0,1,1,0
1449,2024-06-23 00:00:00,61,M,north,7,32.19,225.33,1,two_year,electronic_check,0,258.4,0,1,1,0
1450,2023-03-17 00:00:00,29,F,north,33,89.83,2964.39,1,two_year,mailed_check,0,153.5,0,0,0,0
1451,2023-08-03 00:00:00,48,F,east,13,42.57,553.41,2,month-to-month,bank_transfer,1,99.3,1,1,1,0
1452,2023-01-30 00:00:00,64,M,east,58,55.32,3208.56,4,month-to-month,credit_card,1,350.6,1,1,0,0
1453,2023-02-07 00:00:00,55,M,west,67,20.3,1360.1,3,one_year,bank_transfer,0,286.6,1,0,1,0
1454,2023-06-29 00:00:00,49,F,east,3,67.91,203.73,1,two_year,credit_card,0,275.8,0,1,0,0
1455,2024-02-22 00:00:00,65,M,south,58,32.84,1904.72,4,one_year,credit_card,1,176.5,1,1,1,0
1456,2023-02-17 00:00:00,27,M,north,26,105.96,2754.96,2,month-to-month,mailed_check,0,377.7,0,1,0,0
1457,2024-12-19 00:00:00,69,F,west,70,29.77,2083.9,6,one_year,electronic_check,0,76.2,0,1,0,0
1458,2023-11-29 00:00:00,47,F,west,1,45.04,45.04,5,month-to-month,bank_transfer,1,222.2,1,1,1,0
1459,2023-07-12 00:00:00,39,F,north,13,21.48,279.24,6,month-to-month,electronic_check,3,193.5,0,0,0,0
1460,2024-01-12 00:00:00,31,F,south,52,119.29,6203.08,4,two_year,mailed_check,2,398.2,1,1,0,0
1461,2024-07-30 00:00:00,57,F,south,56,84.14,4711.84,5,month-to-month,bank_transfer,0,93.2,1,0,1,0
1462,2023-08-17 00:00:00,69,F,east,5,84.36,421.8,1,month-to-month,mailed_check,1,493.5,1,0,1,0
1463,2023-02-04 00:00:00,54,F,west,11,71.89,790.79,5,month-to-month,mailed_check,1,79.5,0,1,1,0
1464,2023-02-07 00:00:00,19,F,north,24,106.81,2563.44,3,two_year,mailed_check,4,220.0,0,1,0,0
1465,2024-09-13 00:00:00,42,F,west,2,34.42,68.84,1,month-to-month,electronic_check,0,303.3,0,0,0,0
1466,2023-03-23 00:00:00,56,M,north,57,99.29,5659.53,1,month-to-month,electronic_check,2,211.3,1,1,1,0
1467,2024-04-08 00:00:00,39,M,west,48,100.71,4834.08,2,month-to-month,mailed_check,1,438.0,1,1,1,0
1468,2023-10-08 00:00:00,58,M,east,54,23.61,1274.94,3,one_year,electronic_check,0,322.1,0,0,0,0
1469,2024-07-21 00:00:00,55,F,north,34,33.27,1131.18,2,month-to-month,credit_card,0,340.7,1,1,0,0
1470,2023-02-14 00:00:00,21,M,east,46,74.71,3436.66,5,two_year,mailed_check,2,440.7,1,1,1,0
1471,2024-10-17 00:00:00,47,M,south,41,29.02,1189.82,3,two_year,credit_card,0,64.5,1,1,0,1
1472,2024-05-24 00:00:00,27,F,south,50,48.24,2412.0,2,month-to-month,credit_card,0,223.5,0,1,1,0
1473,2023-11-24 00:00:00,43,M,north,32,60.37,1931.84,5,month-to-month,mailed_check,0,200.9,1,1,1,0
1474,2023-06-01 00:00:00,38,M,east,47,35.72,1678.84,3,month-to-month,mailed_check,0,375.5,0,1,0,0
1475,2024-12-14 00:00:00,60,M,west,47,90.41,4249.27,5,month-to-month,credit_card,1,421.1,1,1,1,0
1476,2023-08-09 00:00:00,64,M,east,46,69.51,3197.46,4,month-to-month,electronic_check,1,225.0,0,0,0,0
1477,2023-12-25 00:00:00,42,F,west,63,83.98,5290.74,5,one_year,mailed_check,0,58.6,1,0,1,0
1478,2023-10-15 00:00:00,46,M,south,25,67.43,1685.75,6,month-to-month,electronic_check,1,380.6,1,1,0,0
1479,2023-06-18 00:00:00,51,M,east,64,61.25,3920.0,1,month-to-month,bank_transfer,0,391.6,1,0,0,0
1480,2023-11-01 00:00:00,52,F,west,2,69.24,138.48,1,month-to-month,credit_card,2,137.7,1,1,1,0
1481,2023-04-21 00:00:00,51,M,south,35,109.95,3848.25,5,month-to-month,bank_transfer,0,85.7,0,1,1,0
1482,2023-01-02 00:00:00,59,M,east,32,59.6,1907.2,4,month-to-month,mailed_check,1,70.7,0,1,1,0
1483,2023-07-31 00:00:00,70,F,north,63,84.23,5306.49,2,month-to-month,mailed_check,2,50.6,1,1,0,0
1484,2023-03-23 00:00:00,61,F,east,3,103.4,310.2,1,one_year,bank_transfer,1,145.2,1,1,0,0
1485,2023-10-30 00:00:00,25,F,west,15,82.11,1231.65,6,month-to-month,bank_transfer,1,358.1,0,0,1,1
1486,2024-09-21 00:00:00,43,F,west,34,42.61,1448.74,1,month-to-month,credit_card,1,142.9,1,1,0,0
1487,2023-04-29 00:00:00,42,F,south,59,32.2,1899.8,3,two_year,electronic_check,1,418.8,0,0,0,0
1488,2023-01-01 00:00:00,44,M,east,33,79.09,2609.97,2,one_year,electronic_check,1,167.1,0,1,0,0
1489,2023-03-23 00:00:00,46,F,east,46,92.74,4266.04,3,two_year,electronic_check,0,352.6,0,1,1,0
1490,2024-01-06 00:00:00,56,F,west,13,96.87,1259.31,5,month-to-month,bank_transfer,0,105.8,0,1,0,0
1491,2023-07-20 00:00:00,40,M,west,68,89.38,6077.84,4,month-to-month,credit_card,1,57.2,0,1,0,0
1492,2023-12-24 00:00:00,31,F,west,57,20.35,1159.95,1,month-to-month,electronic_check,1,120.7,1,0,0,0
1493,2023-01-22 00:00:00,42,M,west,3,97.38,292.14,1,one_year,mailed_check,2,313.1,0,0,1,0
1494,2023-09-01 00:00:00,63,F,south,51,80.46,4103.46,6,two_year,credit_card,1,332.1,1,1,1,0
1495,2023-10-27 00:00:00,34,F,south,9,118.82,1069.38,2,month-to-month,electronic_check,1,310.1,1,0,1,1
1496,2023-11-11 00:00:00,19,F,south,40,96.46,3858.4,3,month-to-month,credit_card,0,211.1,0,1,1,0
1497,2024-02-07 00:00:00,69,M,south,51,63.02,3214.02,5,month-to-month,credit_card,1,279.8,1,1,0,0
1498,2024-07-23 00:00:00,28,F,west,67,87.61,5869.87,6,month-to-month,bank_transfer,0,470.7,0,0,0,0
1499,2023-12-08 00:00:00,49,F,west,5,81.59,407.95,2,month-to-month,electronic_check,1,37.4,1,1,0,1
1500,2024-09-06 00:00:00,60,M,west,20,53.74,1074.8,2,two_year,bank_transfer,5,41.3,0,1,1,0
1501,2024-01-22 00:00:00,32,M,east,50,73.35,3667.5,3,month-to-month,electronic_check,2,246.7,0,0,0,0
1502,2023-07-10 00:00:00,36,F,north,19,40.44,768.36,3,month-to-month,electronic_check,2,401.0,1,1,0,1
1503,2023-06-17 00:00:00,32,M,north,52,28.78,1496.56,5,one_year,electronic_check,4,439.3,1,1,1,0
1504,2023-08-24 00:00:00,25,F,south,13,93.3,1212.9,5,month-to-month,electronic_check,1,365.2,0,1,1,0
1505,2024-03-12 00:00:00,26,F,east,11,58.41,642.51,2,two_year,credit_card,0,110.4,1,0,1,0
1506,2023-06-27 00:00:00,27,M,south,39,95.57,3727.23,3,month-to-month,bank_transfer,2,379.4,0,1,0,0
1507,2024-10-29 00:00:00,42,F,east,50,68.83,3441.5,5,two_year,electronic_check,2,108.8,1,1,1,0
1508,2023-12-17 00:00:00,46,M,west,14,100.98,1413.72,4,month-to-month,bank_transfer,1,7.5,1,1,0,1
1509,2024-09-22 00:00:00,18,F,south,63,93.96,5919.48,4,month-to-month,bank_transfer,3,76.2,1,1,1,0
1510,2024-05-13 00:00:00,62,F,west,63,96.41,6073.83,5,month-to-month,electronic_check,1,484.1,1,1,0,0
1511,2023-09-01 00:00:00,53,M,east,5,62.93,314.65,4,two_year,electronic_check,0,357.2,1,1,1,0
1512,2023-06-16 00:00:00,21,F,west,22,116.12,2554.64,4,month-to-month,mailed_check,3,73.4,1,1,0,0
1513,2024-06-27 00:00:00,62,M,north,40,60.53,2421.2,3,month-to-month,credit_card,2,155.3,1,0,0,0
1514,2023-08-30 00:00:00,19,F,south,35,99.31,3475.85,6,month-to-month,electronic_check,1,441.5,0,1,1,0
1515,2023-06-30 00:00:00,47,M,west,18,68.96,1241.28,1,month-to-month,credit_card,1,356.8,1,0,1,0
1516,2024-11-10 00:00:00,42,F,west,38,43.51,1653.38,1,two_year,bank_transfer,0,121.9,1,1,0,0
1517,2023-12-19 00:00:00,44,F,east,70,82.89,5802.3,5,two_year,mailed_check,2,488.5,1,1,0,0
1518,2023-02-05 00:00:00,68,M,north,22,66.91,1472.02,4,one_year,electronic_check,1,291.0,1,1,0,0
1519,2023-12-28 00:00:00,67,F,north,15,46.41,696.15,2,month-to-month,mailed_check,1,274.7,0,0,1,0
1520,2023-12-03 00:00:00,32,M,south,53,58.25,3087.25,4,one_year,mailed_check,1,293.3,0,1,1,0
1521,2024-09-22 00:00:00,48,F,west,41,35.99,1475.59,1,one_year,electronic_check,1,366.4,0,1,1,0
1522,2024-06-03 00:00:00,68,M,south,50,118.7,5935.0,4,month-to-month,credit_card,1,131.7,0,1,1,0
1523,2023-05-20 00:00:00,56,F,west,47,84.32,3963.04,3,month-to-month,mailed_check,2,12.0,1,1,1,0
1524,2023-04-20 00:00:00,65,M,east,55,37.35,2054.25,4,one_year,electronic_check,2,325.3,1,1,0,0
1525,2024-03-16 00:00:00,41,M,north,53,96.46,5112.38,3,two_year,electronic_check,0,236.9,1,1,0,0
1526,2023-02-04 00:00:00,33,F,east,44,80.19,3528.36,5,month-to-month,electronic_check,4,405.7,0,0,1,0
1527,2023-08-21 00:00:00,45,F,south,33,92.26,3044.58,1,two_year,credit_card,2,463.7,1,1,0,0
1528,2023-04-11 00:00:00,61,F,north,33,78.45,2588.85,6,one_year,electronic_check,1,305.4,0,1,1,0
1529,2023-01-16 00:00:00,67,F,east,19,26.05,494.95,3,two_year,mailed_check,1,297.6,1,0,1,1
1530,2024-11-01 00:00:00,54,M,north,32,40.32,1290.24,2,two_year,bank_transfer,1,318.0,1,0,1,0
1531,2023-03-07 00:00:00,55,F,west,44,96.87,4262.28,6,month-to-month,electronic_check,2,39.2,0,1,0,0
1532,2023-01-07 00:00:00,45,M,west,52,95.44,4962.88,1,month-to-month,mailed_check,0,181.5,1,0,1,0
1533,2024-11-12 00:00:00,34,M,west,56,95.39,5341.84,4,one_year,bank_transfer,1,328.7,1,0,0,0
1534,2023-05-18 00:00:00,40,F,north,27,21.52,581.04,1,two_year,credit_card,3,263.5,0,0,1,0
1535,2024-08-19 00:00:00,44,F,west,53,100.52,5327.56,6,month-to-month,bank_transfer,0,392.3,1,1,0,0
1536,2023-01-23 00:00:00,61,M,south,31,63.91,1981.21,1,one_year,electronic_check,1,59.2,0,1,0,0
1537,2023-04-23 00:00:00,47,M,east,26,89.37,2323.62,2,two_year,electronic_check,2,318.4,0,1,1,0
1538,2023-03-22 00:00:00,60,F,north,11,47.21,519.31,4,month-to-month,mailed_check,1,419.6,0,1,1,0
1539,2024-05-30 00:00:00,19,M,west,19,96.95,1842.05,6,month-to-month,mailed_check,1,331.7,0,1,0,0
1540,2024-03-28 00:00:00,58,M,south,49,118.23,5793.27,3,month-to-month,credit_card,0,38.6,1,1,0,0
1541,2023-12-14 00:00:00,44,M,east,15,45.35,680.25,2,month-to-month,electronic_check,0,331.5,1,1,0,0
1542,2023-06-26 00:00:00,70,M,south,5,98.42,492.1,3,one_year,electronic_check,1,425.2,0,0,0,1
1543,2023-03-06 00:00:00,43,M,west,19,80.5,1529.5,6,month-to-month,mailed_check,3,74.3,0,0,1,0
1544,2024-02-20 00:00:00,43,F,east,72,47.31,3406.32,6,one_year,electronic_check,0,309.4,1,0,0,0
1545,2023-06-18 00:00:00,24,M,south,10,49.44,494.4,1,month-to-month,mailed_check,0,243.1,0,0,1,0
1546,2024-03-06 00:00:00,60,M,south,10,93.16,931.6,6,two_year,electronic_check,1,112.2,1,0,0,0
1547,2024-05-16 00:00:00,55,F,north,29,48.43,1404.47,6,month-to-month,credit_card,1,220.9,0,1,1,0
1548,2024-09-12 00:00:00,63,F,south,27,24.78,669.06,4,one_year,electronic_check,1,211.4,0,1,0,0
1549,2023-12-27 00:00:00,22,F,west,67,107.4,7195.8,2,month-to-month,mailed_check,1,285.7,1,0,1,0
1550,2023-01-04 00:00:00,29,F,west,17,78.89,1341.13,3,one_year,bank_transfer,1,374.1,1,0,1,0
1551,2023-07-24 00:00:00,64,F,west,30,95.85,2875.5,5,month-to-month,electronic_check,3,48.4,0,1,1,1
1552,2024-09-14 00:00:00,20,F,north,21,80.32,1686.72,2,month-to-month,mailed_check,3,100.6,0,1,1,1
1553,2024-01-25 00:00:00,44,F,south,18,71.65,1289.7,3,month-to-month,mailed_check,0,321.0,1,1,0,0
1554,2024-03-27 00:00:00,39,F,west,23,97.0,2231.0,3,month-to-month,credit_card,3,61.5,0,0,1,0
1555,2023-12-01 00:00:00,67,F,south,18,23.22,417.96,1,one_year,mailed_check,2,328.6,0,0,0,0
1556,2023-04-29 00:00:00,63,M,north,52,51.19,2661.88,3,month-to-month,mailed_check,2,328.5,0,1,0,0
1557,2024-10-16 00:00:00,65,F,south,57,82.75,4716.75,1,two_year,bank_transfer,0,168.3,0,1,0,0
1558,2024-07-18 00:00:00,33,F,west,12,114.4,1372.8,1,month-to-month,mailed_check,0,494.3,1,1,1,0
1559,2024-12-27 00:00:00,49,M,west,36,59.37,2137.32,3,month-to-month,bank_transfer,1,236.9,1,1,1,0
1560,2024-09-16 00:00:00,55,F,north,19,117.53,2233.07,5,two_year,electronic_check,2,480.9,0,0,1,0
1561,2023-08-01 00:00:00,69,M,west,63,95.53,6018.39,6,month-to-month,mailed_check,1,89.4,0,1,0,0
1562,2023-07-05 00:00:00,18,M,east,7,68.49,479.43,3,two_year,credit_card,0,467.7,1,1,0,1
1563,2023-07-01 00:00:00,69,F,west,29,62.92,1824.68,5,month-to-month,bank_transfer,1,288.2,1,1,1,0
1564,2024-11-01 00:00:00,36,M,east,24,32.94,790.56,2,one_year,mailed_check,1,494.9,1,0,1,0
1565,2024-02-11 00:00:00,24,M,east,26,81.52,2119.52,4,two_year,bank_transfer,2,298.9,1,0,1,0
1566,2023-11-28 00:00:00,50,M,east,68,25.24,1716.32,4,month-to-month,mailed_check,1,465.6,0,1,1,0
1567,2024-12-07 00:00:00,59,F,east,39,62.91,2453.49,2,one_year,mailed_check,0,174.7,0,1,0,0
1568,2024-03-16 00:00:00,24,M,west,27,43.77,1181.79,3,month-to-month,electronic_check,0,316.4,1,1,0,1
1569,2024-10-25 00:00:00,20,F,east,58,115.63,6706.54,5,one_year,electronic_check,0,16.0,0,1,1,0
1570,2024-12-19 00:00:00,65,F,north,56,56.33,3154.48,2,month-to-month,electronic_check,0,291.6,1,0,0,0
1571,2023-02-27 00:00:00,67,F,north,10,68.93,689.3,4,month-to-month,bank_transfer,1,187.5,0,1,1,0
1572,2023-09-21 00:00:00,26,F,south,33,57.55,1899.15,2,month-to-month,mailed_check,0,412.0,1,1,1,0
1573,2024-06-19 00:00:00,65,F,south,30,33.72,1011.6,4,one_year,credit_card,0,248.4,0,1,1,0
1574,2024-08-16 00:00:00,66,M,west,32,55.26,1768.32,1,two_year,electronic_check,1,261.6,1,0,1,0
1575,2023-04-19 00:00:00,70,F,north,25,97.9,2447.5,3,two_year,electronic_check,1,491.6,1,1,1,0
1576,2023-08-21 00:00:00,29,F,west,60,82.12,4927.2,4,one_year,bank_transfer,2,445.3,1,1,0,0
1577,2024-02-05 00:00:00,48,M,north,72,63.74,4589.28,5,two_year,electronic_check,2,465.8,0,0,0,0
1578,2024-08-06 00:00:00,70,M,south,1,102.06,102.06,3,two_year,mailed_check,0,84.8,0,0,1,0
1579,2023-03-24 00:00:00,65,F,south,62,20.41,1265.42,1,month-to-month,electronic_check,0,440.1,1,0,0,0
1580,2024-03-14 00:00:00,50,M,east,63,102.66,6467.58,1,month-to-month,electronic_check,2,213.9,0,0,0,0
1581,2023-08-05 00:00:00,28,F,north,26,25.95,674.7,4,one_year,mailed_check,0,426.1,1,0,0,0
1582,2023-06-07 00:00:00,22,M,west,35,107.03,3746.05,5,month-to-month,bank_transfer,0,254.3,0,1,1,0
1583,2024-01-12 00:00:00,31,F,north,7,114.76,803.32,6,two_year,electronic_check,1,333.4,1,1,1,0
1584,2023-10-30 00:00:00,21,M,west,25,101.92,2548.0,5,month-to-month,electronic_check,1,125.4,1,1,1,1
1585,2024-04-09 00:00:00,28,F,east,17,21.96,373.32,3,month-to-month,electronic_check,4,97.3,1,1,0,0
1586,2023-08-20 00:00:00,21,M,west,66,72.62,4792.92,3,two_year,electronic_check,2,278.7,1,1,0,0
1587,2024-08-23 00:00:00,58,M,west,7,102.88,720.16,6,month-to-month,credit_card,1,71.6,0,1,0,1
1588,2023-02-27 00:00:00,49,M,west,24,74.5,1788.0,6,two_year,bank_transfer,0,312.4,1,1,0,0
1589,2024-09-21 00:00:00,45,M,south,35,55.99,1959.65,3,two_year,electronic_check,0,16.4,0,1,0,0
1590,2023-01-22 00:00:00,60,F,south,71,67.07,4761.97,3,one_year,mailed_check,2,100.0,0,0,0,0
1591,2024-06-21 00:00:00,39,F,east,59,28.07,1656.13,1,one_year,electronic_check,0,137.6,1,1,0,0
1592,2023-09-10 00:00:00,39,M,east,68,69.63,4734.84,2,month-to-month,electronic_check,0,84.4,0,0,0,0
1593,2023-10-07 00:00:00,28,F,west,22,22.78,501.16,4,month-to-month,credit_card,0,59.2,1,1,1,0
1594,2023-01-14 00:00:00,41,M,south,19,84.41,1603.79,4,two_year,electronic_check,0,381.9,0,1,0,0
1595,2024-05-27 00:00:00,27,M,south,41,59.05,2421.05,4,month-to-month,credit_card,0,209.3,0,0,1,0
1596,2023-05-01 00:00:00,49,F,north,24,39.13,939.12,2,month-to-month,credit_card,0,127.4,1,1,1,0
1597,2024-04-26 00:00:00,70,F,north,1,21.74,21.74,2,month-to-month,bank_transfer,2,152.3,0,0,0,0
1598,2024-06-13 00:00:00,46,F,west,59,112.21,6620.39,3,one_year,mailed_check,2,396.9,0,1,0,0
1599,2024-09-09 00:00:00,33,M,west,6,75.63,453.78,6,one_year,electronic_check,2,113.0,0,1,1,0
1600,2024-05-31 00:00:00,54,M,east,14,84.7,1185.8,6,month-to-month,credit_card,0,380.9,0,1,0,1
1601,2023-08-09 00:00:00,61,F,south,68,97.94,6659.92,1,month-to-month,credit_card,0,365.0,1,0,0,0
1602,2024-06-23 00:00:00,43,M,north,53,82.66,4380.98,3,two_year,mailed_check,2,33.8,0,1,0,0
1603,2024-08-25 00:00:00,31,M,north,46,61.31,2820.26,4,month-to-month,electronic_check,3,453.0,0,1,1,0
1604,2023-08-20 00:00:00,55,F,east,9,82.76,744.84,2,month-to-month,electronic_check,2,282.0,1,1,1,0
1605,2023-04-01 00:00:00,27,F,east,18,45.25,814.5,3,month-to-month,electronic_check,1,419.3,1,1,1,0
1606,2024-10-11 00:00:00,70,M,south,15,76.14,1142.1,1,one_year,electronic_check,2,159.1,0,0,1,0
1607,2023-04-18 00:00:00,34,M,north,46,40.56,1865.76,3,month-to-month,mailed_check,0,345.0,1,0,0,0
1608,2024-03-09 00:00:00,36,F,north,36,111.74,4022.64,6,month-to-month,credit_card,0,301.2,1,1,1,0
1609,2023-06-22 00:00:00,56,M,east,26,70.96,1844.96,6,month-to-month,bank_transfer,1,135.0,0,1,0,0
1610,2023-04-02 00:00:00,18,M,east,54,43.38,2342.52,1,month-to-month,bank_transfer,1,425.8,0,1,0,0
1611,2024-07-20 00:00:00,28,M,south,56,83.96,4701.76,4,two_year,bank_transfer,2,406.9,1,0,0,0
1612,2023-04-15 00:00:00,24,F,east,53,29.03,1538.59,6,two_year,bank_transfer,2,335.0,0,1,0,0
1613,2024-05-04 00:00:00,38,F,west,7,63.4,443.8,5,one_year,mailed_check,0,434.1,0,0,1,0
1614,2024-05-20 00:00:00,47,M,east,44,106.6,4690.4,1,month-to-month,credit_card,1,109.5,0,1,1,0
1615,2023-02-13 00:00:00,27,M,south,15,96.79,1451.85,3,month-to-month,electronic_check,1,355.1,0,0,1,0
1616,2023-05-07 00:00:00,36,F,north,19,90.34,1716.46,5,one_year,credit_card,3,144.1,0,1,1,0
1617,2024-08-02 00:00:00,58,F,west,71,67.06,4761.26,6,month-to-month,electronic_check,0,469.7,0,0,1,0
1618,2024-01-06 00:00:00,67,F,east,30,64.69,1940.7,2,one_year,bank_transfer,1,282.3,0,1,0,0
1619,2023-03-30 00:00:00,18,M,south,57,21.13,1204.41,2,month-to-month,mailed_check,1,424.6,0,0,0,0
1620,2024-12-24 00:00:00,51,F,north,17,80.0,1360.0,2,one_year,mailed_check,2,89.8,1,0,1,0
1621,2023-07-13 00:00:00,19,F,west,70,77.7,5439.0,6,month-to-month,mailed_check,1,159.0,1,0,0,0
1622,2023-01-03 00:00:00,45,F,west,20,20.53,410.6,2,month-to-month,electronic_check,0,381.5,1,1,0,0
1623,2024-11-05 00:00:00,64,M,south,13,33.7,438.1,3,month-to-month,bank_transfer,2,179.4,0,1,0,0
1624,2023-01-13 00:00:00,60,F,south,23,21.24,488.52,1,month-to-month,mailed_check,2,45.0,1,1,0,0
1625,2024-02-08 00:00:00,30,M,east,12,45.32,543.84,6,month-to-month,mailed_check,1,328.6,0,1,0,1
1626,2024-12-25 00:00:00,31,M,west,43,20.39,876.77,1,month-to-month,credit_card,1,55.0,0,1,1,1
1627,2024-02-26 00:00:00,59,M,east,10,61.74,617.4,4,two_year,bank_transfer,0,277.8,1,0,1,0
1628,2024-03-02 00:00:00,61,F,north,15,67.64,1014.6,1,month-to-month,credit_card,0,418.3,0,1,0,0
1629,2023-10-11 00:00:00,32,M,north,51,63.71,3249.21,3,month-to-month,electronic_check,0,291.8,1,1,1,0
1630,2023-04-03 00:00:00,18,F,north,3,39.94,119.82,4,month-to-month,electronic_check,1,250.3,0,1,0,0
1631,2024-02-23 00:00:00,41,M,south,32,72.36,2315.52,5,month-to-month,electronic_check,1,114.2,1,0,1,0
1632,2024-10-17 00:00:00,50,M,south,50,101.41,5070.5,4,two_year,credit_card,0,81.5,1,0,1,0
1633,2023-03-08 00:00:00,41,M,east,32,49.12,1571.84,3,month-to-month,bank_transfer,0,9.3,1,0,1,0
1634,2024-10-04 00:00:00,67,F,west,1,51.26,51.26,2,two_year,credit_card,1,400.4,1,0,0,0
1635,2023-10-30 00:00:00,61,M,north,11,74.28,817.08,5,one_year,bank_transfer,1,15.2,1,0,1,0
1636,2024-01-27 00:00:00,59,M,west,70,43.38,3036.6,5,month-to-month,electronic_check,0,429.4,0,1,0,0
1637,2023-05-01 00:00:00,19,M,south,56,53.78,3011.68,5,month-to-month,mailed_check,0,198.4,0,0,0,0
1638,2024-03-29 00:00:00,63,M,east,25,65.24,1631.0,5,month-to-month,mailed_check,4,455.1,1,0,0,1
1639,2023-05-14 00:00:00,58,F,north,63,58.63,3693.69,2,month-to-month,electronic_check,2,78.1,1,0,1,0
1640,2023-07-19 00:00:00,39,M,south,0,101.82,0.0,6,month-to-month,bank_transfer,2,405.0,1,0,1,1
1641,2024-06-10 00:00:00,49,M,west,3,104.9,314.7,6,one_year,credit_card,0,432.8,0,1,0,0
1642,2023-02-06 00:00:00,61,F,north,64,60.29,3858.56,3,one_year,electronic_check,0,208.9,0,0,1,0
1643,2023-11-23 00:00:00,66,M,south,49,64.78,3174.22,2,month-to-month,bank_transfer,1,491.3,0,0,1,0
1644,2024-03-10 00:00:00,47,M,east,43,115.69,4974.67,3,one_year,mailed_check,0,105.7,0,0,1,0
1645,2023-04-07 00:00:00,20,M,east,25,70.31,1757.75,3,two_year,electronic_check,0,55.8,1,0,1,0
1646,2023-08-04 00:00:00,50,M,south,59,119.3,7038.7,6,month-to-month,electronic_check,2,485.7,0,1,1,0
1647,2023-09-08 00:00:00,54,F,south,44,96.28,4236.32,2,month-to-month,mailed_check,1,128.2,0,0,1,0
1648,2024-04-29 00:00:00,21,M,west,31,46.42,1439.02,6,month-to-month,bank_transfer,1,14.2,1,0,1,0
1649,2024-12-13 00:00:00,61,M,north,27,42.91,1158.57,2,month-to-month,mailed_check,0,196.6,1,1,1,0
1650,2024-09-02 00:00:00,28,F,south,25,35.91,897.75,6,month-to-month,electronic_check,1,495.6,0,1,1,0
1651,2023-05-19 00:00:00,65,M,south,41,100.61,4125.01,6,month-to-month,electronic_check,1,420.3,1,0,0,0
1652,2023-01-14 00:00:00,47,F,west,47,50.69,2382.43,4,one_year,bank_transfer,3,48.2,0,0,0,0
1653,2023-02-07 00:00:00,35,F,west,58,87.58,5079.64,1,month-to-month,mailed_check,3,179.9,0,0,1,0
1654,2024-03-10 00:00:00,21,M,west,29,74.01,2146.29,4,one_year,bank_transfer,0,268.2,1,1,1,0
1655,2023-04-25 00:00:00,18,M,north,18,102.6,1846.8,6,month-to-month,electronic_check,1,398.2,0,1,0,0
1656,2023-06-18 00:00:00,57,M,north,40,95.08,3803.2,6,month-to-month,bank_transfer,0,96.1,1,1,1,0
1657,2024-09-10 00:00:00,37,M,south,42,26.37,1107.54,3,month-to-month,mailed_check,0,45.5,0,1,0,0
1658,2024-09-29 00:00:00,62,M,south,20,53.84,1076.8,3,month-to-month,electronic_check,0,366.8,1,0,0,1
1659,2024-09-04 00:00:00,30,F,north,5,72.01,360.05,3,month-to-month,mailed_check,2,10.7,1,0,1,1
1660,2023-07-05 00:00:00,66,M,west,24,100.36,2408.64,2,month-to-month,bank_transfer,2,257.8,1,1,0,0
1661,2024-03-28 00:00:00,67,M,west,5,91.4,457.0,4,one_year,credit_card,2,353.2,0,0,0,1
1662,2024-03-21 00:00:00,23,M,south,5,74.94,374.7,6,month-to-month,credit_card,1,333.5,0,1,1,0
1663,2023-05-16 00:00:00,52,F,west,70,100.84,7058.8,2,month-to-month,mailed_check,1,255.0,0,1,0,0
1664,2024-02-09 00:00:00,67,F,east,57,63.49,3618.93,6,month-to-month,bank_transfer,4,390.7,1,0,0,0
1665,2024-01-19 00:00:00,35,M,east,2,25.57,51.14,1,month-to-month,mailed_check,2,295.0,0,0,0,1
1666,2023-10-17 00:00:00,21,F,west,25,107.05,2676.25,1,month-to-month,mailed_check,2,411.7,1,0,1,0
1667,2024-07-02 00:00:00,64,M,north,18,72.66,1307.88,6,month-to-month,electronic_check,1,290.4,1,1,0,1
1668,2024-05-09 00:00:00,43,F,north,71,100.84,7159.64,1,month-to-month,bank_transfer,1,216.2,1,0,0,0
1669,2024-01-24 00:00:00,19,F,south,31,59.21,1835.51,3,month-to-month,credit_card,2,298.9,1,0,1,0
1670,2024-06-13 00:00:00,62,F,west,18,78.86,1419.48,6,two_year,electronic_check,1,212.5,0,1,0,0
1671,2024-07-11 00:00:00,53,M,east,46,53.11,2443.06,3,two_year,electronic_check,4,104.8,0,1,0,0
1672,2024-02-18 00:00:00,21,M,south,34,60.96,2072.64,2,month-to-month,electronic_check,2,235.7,0,0,0,0
1673,2023-07-15 00:00:00,31,F,north,13,34.74,451.62,1,month-to-month,mailed_check,0,474.0,0,0,1,0
1674,2024-07-07 00:00:00,18,M,east,22,94.16,2071.52,5,two_year,mailed_check,3,294.0,1,0,1,0
1675,2024-06-07 00:00:00,68,M,south,9,48.03,432.27,2,month-to-month,mailed_check,3,364.2,1,0,0,1
1676,2024-12-18 00:00:00,19,F,south,50,50.17,2508.5,1,month-to-month,mailed_check,5,328.6,0,0,0,0
1677,2023-04-20 00:00:00,60,F,west,70,55.42,3879.4,3,one_year,credit_card,0,230.7,1,0,1,0
1678,2023-11-03 00:00:00,45,F,east,59,63.21,3729.39,2,month-to-month,electronic_check,3,203.6,0,0,1,0
1679,2024-11-05 00:00:00,48,F,north,27,77.62,2095.74,6,month-to-month,bank_transfer,0,99.2,1,1,0,0
1680,2024-01-11 00:00:00,61,F,north,35,88.28,3089.8,5,month-to-month,bank_transfer,0,7.7,1,1,1,0
1681,2024-11-19 00:00:00,65,M,south,4,87.57,350.28,6,month-to-month,bank_transfer,1,431.6,0,1,0,1
1682,2023-01-10 00:00:00,24,F,north,26,62.37,1621.62,6,month-to-month,electronic_check,2,138.8,1,1,0,1
1683,2023-01-26 00:00:00,18,F,south,2,68.19,136.38,6,month-to-month,credit_card,0,295.9,0,0,1,0
1684,2024-08-04 00:00:00,24,F,south,54,34.03,1837.62,4,one_year,mailed_check,2,231.1,0,0,0,0
1685,2023-09-19 00:00:00,54,M,west,66,72.15,4761.9,2,month-to-month,electronic_check,0,54.6,1,1,1,0
1686,2024-01-15 00:00:00,48,M,south,13,107.71,1400.23,1,month-to-month,electronic_check,0,17.7,0,1,1,0
1687,2023-11-09 00:00:00,22,F,south,49,66.04,3235.96,1,month-to-month,credit_card,4,470.8,0,0,0,0
1688,2023-10-25 00:00:00,30,M,east,43,113.8,4893.4,2,two_year,electronic_check,1,181.0,0,1,1,0
1689,2024-11-16 00:00:00,46,M,east,30,35.58,1067.4,6,month-to-month,mailed_check,1,157.1,0,1,1,0
1690,2023-03-10 00:00:00,56,F,north,53,93.69,4965.57,2,month-to-month,bank_transfer,0,42.5,1,0,1,0
1691,2024-07-17 00:00:00,36,M,north,49,90.8,4449.2,1,one_year,bank_transfer,0,1.4,1,1,1,0
1692,2024-10-11 00:00:00,68,M,north,19,88.15,1674.85,6,month-to-month,bank_transfer,0,361.9,1,1,1,0
1693,2024-04-24 00:00:00,70,M,west,58,86.29,5004.82,3,month-to-month,mailed_check,0,443.3,1,0,0,0
1694,2023-10-16 00:00:00,58,M,north,47,22.23,1044.81,3,month-to-month,bank_transfer,2,127.3,0,1,1,0
1695,2023-04-27 00:00:00,42,F,west,22,94.21,2072.62,2,two_year,electronic_check,0,223.6,0,1,0,0
1696,2024-05-13 00:00:00,64,M,south,53,69.97,3708.41,6,one_year,electronic_check,2,310.3,1,1,1,0
1697,2023-12-09 00:00:00,56,M,west,46,72.42,3331.32,3,month-to-month,electronic_check,4,83.5,0,0,1,0
1698,2023-04-20 00:00:00,45,M,north,8,25.09,200.72,6,two_year,mailed_check,0,185.1,0,1,0,0
1699,2023-09-20 00:00:00,41,M,south,12,38.84,466.08,6,one_year,electronic_check,3,244.8,0,0,0,1
1700,2024-12-02 00:00:00,62,M,north,23,111.1,2555.3,3,month-to-month,mailed_check,0,322.3,1,1,0,1
1701,2023-07-13 00:00:00,47,M,west,3,51.55,154.65,5,month-to-month,electronic_check,2,491.0,0,0,0,0
1702,2023-05-11 00:00:00,27,F,east,29,59.39,1722.31,1,month-to-month,mailed_check,1,248.4,1,1,0,0
1703,2024-05-12 00:00:00,70,M,north,33,38.92,1284.36,5,month-to-month,electronic_check,0,128.6,0,0,0,0
1704,2023-05-26 00:00:00,21,M,east,56,83.22,4660.32,6,one_year,mailed_check,0,326.7,1,1,0,1
1705,2024-11-02 00:00:00,54,M,west,12,94.07,1128.84,2,month-to-month,credit_card,0,57.4,0,1,1,0
1706,2024-09-19 00:00:00,52,M,east,41,112.13,4597.33,1,month-to-month,electronic_check,1,2.8,1,1,0,0
1707,2024-12-18 00:00:00,49,M,west,48,76.21,3658.08,1,month-to-month,bank_transfer,0,188.1,0,1,0,0
1708,2024-10-28 00:00:00,20,M,south,32,47.56,1521.92,6,month-to-month,mailed_check,2,34.8,1,1,1,0
1709,2023-06-27 00:00:00,44,M,south,66,27.1,1788.6,2,two_year,electronic_check,2,238.7,0,0,1,0
1710,2023-06-04 00:00:00,65,M,west,23,46.61,1072.03,3,month-to-month,electronic_check,0,163.4,0,0,1,0
1711,2023-09-08 00:00:00,30,F,east,29,81.84,2373.36,3,month-to-month,electronic_check,0,447.1,0,1,0,0
1712,2023-12-09 00:00:00,54,M,east,0,117.41,0.0,2,one_year,bank_transfer,1,89.2,0,1,1,0
1713,2024-10-04 00:00:00,63,F,west,29,27.92,809.68,1,one_year,electronic_check,0,346.9,0,1,0,0
1714,2024-06-19 00:00:00,68,F,east,1,58.84,58.84,3,month-to-month,credit_card,0,315.8,0,0,1,0
1715,2024-04-15 00:00:00,45,M,north,71,86.72,6157.12,6,month-to-month,bank_transfer,2,497.6,0,1,0,0
1716,2024-10-03 00:00:00,34,M,north,17,77.46,1316.82,3,one_year,mailed_check,1,284.5,0,1,0,0
1717,2024-04-16 00:00:00,55,M,west,59,85.17,5025.03,5,month-to-month,credit_card,0,403.6,0,1,0,0
1718,2023-10-04 00:00:00,43,M,north,8,66.32,530.56,5,one_year,electronic_check,0,175.6,1,0,1,0
1719,2023-10-29 00:00:00,51,F,east,20,46.7,934.0,5,one_year,bank_transfer,0,36.1,0,1,1,0
1720,2024-01-13 00:00:00,57,M,south,8,68.28,546.24,4,two_year,electronic_check,2,202.2,1,0,1,0
1721,2023-03-06 00:00:00,55,F,east,26,58.15,1511.9,3,two_year,mailed_check,1,336.3,0,1,0,0
1722,2024-06-25 00:00:00,30,M,north,43,90.93,3909.99,2,two_year,electronic_check,1,127.2,0,0,0,0
1723,2024-04-21 00:00:00,58,F,south,30,37.16,1114.8,2,month-to-month,credit_card,0,69.4,0,1,0,0
1724,2024-06-17 00:00:00,46,F,east,44,69.61,3062.84,4,two_year,mailed_check,1,52.4,1,1,0,0
1725,2024-01-25 00:00:00,67,M,north,58,115.91,6722.78,3,one_year,bank_transfer,0,264.5,0,1,0,0
1726,2024-07-25 00:00:00,52,F,south,3,73.18,219.54,3,month-to-month,credit_card,1,167.5,0,1,0,1
1727,2024-11-24 00:00:00,65,F,west,30,43.72,1311.6,3,two_year,electronic_check,2,381.9,1,1,0,0
1728,2024-02-21 00:00:00,69,M,north,43,113.59,4884.37,6,two_year,credit_card,0,319.4,1,1,1,0
1729,2023-11-21 00:00:00,70,M,east,38,44.42,1687.96,4,one_year,mailed_check,1,468.9,0,0,0,0
1730,2023-03-18 00:00:00,57,M,north,10,95.12,951.2,6,month-to-month,bank_transfer,1,490.1,1,1,1,0
1731,2024-07-22 00:00:00,49,M,east,15,30.95,464.25,6,month-to-month,mailed_check,3,0.3,1,1,0,1
1732,2024-10-21 00:00:00,24,F,north,27,105.21,2840.67,4,two_year,credit_card,0,117.6,1,1,0,0
1733,2024-05-25 00:00:00,38,M,east,47,38.06,1788.82,1,two_year,credit_card,0,120.8,0,0,1,0
1734,2024-09-23 00:00:00,43,M,south,72,59.42,4278.24,6,month-to-month,mailed_check,0,439.6,1,1,1,0
1735,2024-09-20 00:00:00,59,F,east,26,116.56,3030.56,3,month-to-month,bank_transfer,2,66.3,0,0,0,1
1736,2024-08-05 00:00:00,49,M,north,38,77.94,2961.72,3,one_year,credit_card,1,208.8,0,0,0,0
1737,2024-01-03 00:00:00,41,F,east,22,46.4,1020.8,3,month-to-month,bank_transfer,1,26.6,0,1,0,0
1738,2023-03-14 00:00:00,25,M,east,2,20.06,40.12,1,one_year,credit_card,1,239.1,0,0,1,0
1739,2023-01-03 00:00:00,55,F,north,29,20.68,599.72,4,two_year,bank_transfer,0,19.2,1,1,1,0
1740,2023-05-30 00:00:00,40,F,south,25,47.46,1186.5,1,month-to-month,electronic_check,4,362.3,1,1,0,0
1741,2023-11-11 00:00:00,19,M,east,10,72.69,726.9,5,one_year,credit_card,1,259.0,0,0,0,0
1742,2024-06-26 00:00:00,33,F,east,48,68.49,3287.52,6,month-to-month,bank_transfer,0,499.0,0,0,0,0
1743,2023-11-29 00:00:00,64,M,east,18,112.19,2019.42,3,month-to-month,electronic_check,2,493.1,1,0,1,0
1744,2023-01-17 00:00:00,24,F,west,16,96.41,1542.56,3,month-to-month,electronic_check,1,392.3,1,1,1,1
1745,2023-06-03 00:00:00,39,F,south,28,112.47,3149.16,5,one_year,electronic_check,2,146.4,0,1,0,0
1746,2024-12-15 00:00:00,45,M,west,70,71.18,4982.6,6,one_year,bank_transfer,2,56.1,0,1,0,0
1747,2024-12-22 00:00:00,22,F,west,46,64.67,2974.82,1,month-to-month,bank_transfer,3,78.3,0,1,1,0
1748,2023-10-03 00:00:00,26,F,east,31,76.61,2374.91,3,two_year,credit_card,1,345.0,1,1,1,0
1749,2024-08-10 00:00:00,67,F,north,59,57.21,3375.39,2,month-to-month,electronic_check,1,67.2,0,1,0,0
1750,2024-06-09 00:00:00,49,F,south,1,41.08,41.08,1,two_year,electronic_check,0,141.9,0,1,0,0
1751,2024-11-10 00:00:00,29,F,north,24,103.67,2488.08,1,one_year,electronic_check,1,46.2,1,0,0,0
1752,2024-10-09 00:00:00,26,M,east,39,88.05,3433.95,4,month-to-month,bank_transfer,1,25.8,1,0,0,0
1753,2024-04-03 00:00:00,40,F,south,35,52.57,1839.95,5,month-to-month,credit_card,0,194.6,0,1,0,1
1754,2023-10-16 00:00:00,56,F,west,49,64.63,3166.87,4,month-to-month,credit_card,2,207.5,1,0,1,0
1755,2024-04-02 00:00:00,56,M,east,51,42.54,2169.54,2,month-to-month,electronic_check,0,96.0,1,1,1,0
1756,2023-08-21 00:00:00,28,M,south,33,76.28,2517.24,3,two_year,bank_transfer,0,460.1,0,0,1,0
1757,2023-09-12 00:00:00,56,M,north,67,55.84,3741.28,6,one_year,bank_transfer,1,303.8,1,1,1,0
1758,2024-03-20 00:00:00,65,M,north,67,107.56,7206.52,6,month-to-month,credit_card,2,146.0,1,0,1,0
1759,2024-02-22 00:00:00,29,M,east,34,72.84,2476.56,1,month-to-month,bank_transfer,3,417.4,0,0,0,0
1760,2024-02-29 00:00:00,19,M,west,65,61.17,3976.05,4,month-to-month,mailed_check,0,276.4,0,1,0,0
1761,2023-10-08 00:00:00,68,F,south,46,94.96,4368.16,4,two_year,bank_transfer,1,222.6,0,0,1,0
1762,2023-10-26 00:00:00,45,M,north,10,110.51,1105.1,3,one_year,electronic_check,1,375.7,1,1,1,0
1763,2023-01-08 00:00:00,59,M,south,8,101.74,813.92,3,month-to-month,bank_transfer,1,183.5,0,1,1,0
1764,2024-03-15 00:00:00,34,F,west,5,69.49,347.45,5,month-to-month,bank_transfer,0,401.5,0,1,0,1
1765,2024-02-25 00:00:00,33,M,east,15,55.64,834.6,6,month-to-month,credit_card,0,2.2,1,1,0,0
1766,2024-11-13 00:00:00,29,M,north,22,86.21,1896.62,2,month-to-month,electronic_check,1,123.1,0,1,1,0
1767,2024-01-04 00:00:00,29,F,north,5,101.69,508.45,6,month-to-month,credit_card,2,265.2,1,1,0,1
1768,2023-12-08 00:00:00,42,F,north,44,117.86,5185.84,6,month-to-month,electronic_check,1,418.2,0,0,1,0
1769,2023-02-19 00:00:00,23,F,west,30,65.73,1971.9,1,two_year,bank_transfer,0,371.9,1,0,0,0
1770,2023-05-24 00:00:00,62,M,west,43,86.82,3733.26,2,month-to-month,credit_card,2,467.0,1,0,1,0
1771,2023-09-04 00:00:00,45,M,south,36,49.31,1775.16,3,two_year,electronic_check,0,130.4,0,1,1,0
1772,2023-10-03 00:00:00,66,F,east,19,28.75,546.25,4,one_year,bank_transfer,1,461.3,0,0,1,0
1773,2023-09-22 00:00:00,44,F,north,44,45.31,1993.64,2,month-to-month,bank_transfer,3,57.4,0,1,0,0
1774,2023-10-15 00:00:00,34,F,east,69,21.45,1480.05,3,month-to-month,credit_card,3,99.5,0,1,1,0
1775,2024-07-15 00:00:00,45,F,south,23,70.94,1631.62,1,month-to-month,electronic_check,0,233.5,0,1,1,0
1776,2023-04-06 00:00:00,26,M,west,22,57.32,1261.04,1,one_year,credit_card,2,105.4,1,1,1,0
1777,2023-08-31 00:00:00,61,M,south,37,87.83,3249.71,3,month-to-month,credit_card,1,15.8,0,0,1,0
1778,2023-04-29 00:00:00,56,F,west,58,81.53,4728.74,4,two_year,bank_transfer,3,319.7,1,0,1,0
1779,2023-08-13 00:00:00,25,F,east,38,36.79,1398.02,3,one_year,mailed_check,0,203.8,1,0,0,0
1780,2024-05-14 00:00:00,48,M,south,60,87.38,5242.8,3,month-to-month,bank_transfer,2,461.4,0,0,0,0
1781,2023-02-04 00:00:00,46,F,west,5,38.74,193.7,3,month-to-month,electronic_check,0,491.9,1,0,0,0
1782,2023-09-05 00:00:00,28,M,west,7,20.6,144.2,4,month-to-month,bank_transfer,2,462.8,0,0,0,0
1783,2023-01-18 00:00:00,24,F,south,29,117.02,3393.58,5,month-to-month,electronic_check,2,258.1,0,0,0,0
1784,2024-11-28 00:00:00,58,M,south,16,22.7,363.2,4,month-to-month,electronic_check,6,154.1,0,0,1,0
1785,2024-06-14 00:00:00,31,F,east,1,54.17,54.17,1,two_year,electronic_check,1,477.6,0,1,0,0
1786,2023-06-27 00:00:00,45,M,north,15,83.75,1256.25,1,month-to-month,bank_transfer,0,186.7,1,0,0,0
1787,2023-05-25 00:00:00,31,F,south,19,57.04,1083.76,3,month-to-month,bank_transfer,1,189.4,0,1,0,0
1788,2023-03-14 00:00:00,52,F,west,67,58.12,3894.04,2,one_year,bank_transfer,0,317.5,0,0,1,0
1789,2023-12-12 00:00:00,20,M,west,57,92.27,5259.39,4,one_year,electronic_check,2,317.1,1,1,1,0
1790,2024-07-04 00:00:00,37,F,south,25,80.22,2005.5,5,month-to-month,mailed_check,2,52.3,1,1,1,0
1791,2024-03-02 00:00:00,46,F,south,69,71.84,4956.96,2,month-to-month,mailed_check,1,95.8,0,0,1,0
1792,2024-10-05 00:00:00,41,F,west,61,108.63,6626.43,3,one_year,bank_transfer,1,0.0,0,0,0,0
1793,2023-09-08 00:00:00,50,M,north,18,30.81,554.58,2,month-to-month,electronic_check,1,49.5,1,1,0,1
1794,2023-07-23 00:00:00,27,F,north,34,66.98,2277.32,3,month-to-month,bank_transfer,0,171.4,0,1,0,0
1795,2023-12-15 00:00:00,41,F,north,67,43.91,2941.97,3,one_year,mailed_check,2,474.3,1,1,1,0
1796,2023-05-28 00:00:00,58,F,north,33,23.68,781.44,1,one_year,credit_card,1,399.7,0,0,0,0
1797,2024-12-13 00:00:00,35,M,west,27,117.9,3183.3,4,month-to-month,mailed_check,0,113.9,0,0,0,0
1798,2023-05-16 00:00:00,26,F,north,65,93.4,6071.0,2,month-to-month,electronic_check,0,58.1,0,0,0,0
1799,2023-12-16 00:00:00,62,M,south,48,41.62,1997.76,5,one_year,electronic_check,0,499.4,0,1,0,0
1800,2024-01-17 00:00:00,59,M,east,32,60.24,1927.68,5,month-to-month,electronic_check,0,360.1,1,0,1,0
1801,2023-02-11 00:00:00,54,M,east,63,42.6,2683.8,2,two_year,electronic_check,2,261.7,0,0,0,0
1802,2023-12-08 00:00:00,60,M,west,54,88.49,4778.46,6,month-to-month,bank_transfer,1,489.2,1,1,0,0
1803,2023-11-28 00:00:00,59,M,west,25,55.04,1376.0,1,one_year,bank_transfer,1,477.1,0,1,0,0
1804,2023-07-09 00:00:00,57,M,south,30,111.99,3359.7,4,two_year,electronic_check,2,57.9,1,0,0,0
1805,2023-04-04 00:00:00,44,F,north,3,40.76,122.28,5,month-to-month,credit_card,1,318.0,1,1,1,1
1806,2023-02-02 00:00:00,19,F,north,7,54.98,384.86,4,one_year,electronic_check,0,345.0,0,1,0,0
1807,2023-01-07 00:00:00,49,M,west,69,113.18,7809.42,4,month-to-month,bank_transfer,1,431.8,0,1,1,0
1808,2023-12-18 00:00:00,32,F,south,3,108.47,325.41,3,one_year,electronic_check,3,249.3,0,0,0,1
1809,2023-03-07 00:00:00,58,F,west,61,49.32,3008.52,1,two_year,mailed_check,3,339.9,1,1,0,0
1810,2024-12-01 00:00:00,42,F,south,15,68.31,1024.65,5,two_year,bank_transfer,2,177.3,1,1,1,0
1811,2023-06-28 00:00:00,65,F,west,39,108.37,4226.43,6,month-to-month,electronic_check,2,200.6,1,1,0,0
1812,2024-04-21 00:00:00,49,F,east,52,87.06,4527.12,5,two_year,electronic_check,1,281.6,1,0,0,0
1813,2024-05-06 00:00:00,47,F,east,72,83.73,6028.56,1,two_year,bank_transfer,3,107.0,1,0,1,0
1814,2023-12-28 00:00:00,66,F,east,27,86.06,2323.62,2,month-to-month,bank_transfer,3,396.1,1,1,0,0
1815,2024-10-07 00:00:00,43,F,south,67,112.1,7510.7,5,two_year,credit_card,3,248.7,0,1,1,0
1816,2023-03-22 00:00:00,37,M,north,33,71.72,2366.76,5,month-to-month,bank_transfer,1,425.6,0,1,1,0
1817,2023-06-20 00:00:00,37,F,north,63,38.18,2405.34,3,two_year,electronic_check,0,393.4,1,0,0,0
1818,2023-07-04 00:00:00,64,F,south,7,67.27,470.89,2,two_year,bank_transfer,2,281.0,0,1,1,0
1819,2023-04-09 00:00:00,58,F,west,19,92.89,1764.91,3,month-to-month,credit_card,1,343.8,0,0,0,0
1820,2023-08-04 00:00:00,26,F,east,45,69.21,3114.45,1,month-to-month,electronic_check,2,424.1,1,1,0,0
1821,2023-08-17 00:00:00,44,M,east,51,51.33,2617.83,1,two_year,electronic_check,0,169.4,0,1,1,0
1822,2024-07-12 00:00:00,37,M,south,58,86.63,5024.54,1,month-to-month,bank_transfer,0,364.5,0,1,1,0
1823,2023-08-09 00:00:00,52,F,south,26,65.02,1690.52,5,month-to-month,bank_transfer,0,461.9,0,1,0,0
1824,2024-10-01 00:00:00,20,F,south,45,116.28,5232.6,1,month-to-month,mailed_check,2,15.6,0,1,0,0
1825,2024-07-18 00:00:00,55,F,north,45,55.21,2484.45,4,month-to-month,bank_transfer,4,249.7,1,0,0,0
1826,2024-10-20 00:00:00,57,F,east,71,91.75,6514.25,2,month-to-month,electronic_check,1,72.4,1,1,0,0
1827,2023-03-18 00:00:00,30,F,south,8,75.51,604.08,5,month-to-month,mailed_check,0,192.7,1,0,0,1
1828,2024-12-19 00:00:00,25,F,south,1,27.76,27.76,1,two_year,bank_transfer,0,414.4,0,1,0,0
1829,2024-03-24 00:00:00,51,M,east,41,66.98,2746.18,6,two_year,electronic_check,1,99.5,1,1,1,0
1830,2024-12-18 00:00:00,31,F,north,1,22.92,22.92,1,two_year,mailed_check,2,18.0,0,1,1,0
1831,2023-09-17 00:00:00,67,M,west,14,98.98,1385.72,6,month-to-month,bank_transfer,1,142.3,1,0,0,1
1832,2024-11-26 00:00:00,59,F,north,36,93.45,3364.2,1,one_year,mailed_check,1,389.8,0,1,0,0
1833,2024-03-05 00:00:00,68,M,east,19,25.05,475.95,1,month-to-month,credit_card,1,53.8,1,0,1,0
1834,2023-02-22 00:00:00,46,F,west,19,69.97,1329.43,1,one_year,credit_card,2,293.1,1,0,1,0
1835,2023-10-27 00:00:00,67,M,north,25,116.15,2903.75,5,two_year,bank_transfer,1,371.3,0,0,0,0
1836,2023-04-11 00:00:00,18,M,north,50,48.46,2423.0,3,month-to-month,bank_transfer,1,285.2,0,0,1,0
1837,2024-11-18 00:00:00,33,F,south,26,110.43,2871.18,3,two_year,credit_card,1,467.4,1,1,0,1
1838,2023-08-11 00:00:00,18,F,west,57,35.11,2001.27,5,two_year,bank_transfer,1,378.6,1,0,0,0
1839,2023-06-12 00:00:00,53,M,east,11,20.66,227.26,2,month-to-month,bank_transfer,2,44.0,1,1,0,1
1840,2024-02-08 00:00:00,45,F,south,7,73.05,511.35,4,two_year,electronic_check,2,427.8,0,1,0,0
1841,2023-11-07 00:00:00,33,M,west,12,43.92,527.04,2,two_year,credit_card,0,273.9,1,1,1,0
1842,2023-03-12 00:00:00,34,M,south,66,107.92,7122.72,1,month-to-month,electronic_check,0,483.8,1,1,0,0
1843,2024-08-19 00:00:00,52,M,west,20,87.39,1747.8,6,month-to-month,electronic_check,1,492.6,0,1,0,1
1844,2024-09-09 00:00:00,27,F,west,2,88.69,177.38,3,one_year,bank_transfer,2,81.9,0,0,1,0
1845,2024-06-26 00:00:00,45,F,north,23,87.33,2008.59,6,one_year,electronic_check,1,124.2,0,1,0,0
1846,2024-03-26 00:00:00,50,F,south,50,87.9,4395.0,3,month-to-month,electronic_check,2,326.8,1,1,1,0
1847,2023-10-21 00:00:00,30,F,north,26,94.71,2462.46,6,month-to-month,bank_transfer,1,27.9,1,0,0,1
1848,2024-01-31 00:00:00,30,F,north,28,86.99,2435.72,2,month-to-month,electronic_check,2,200.5,0,1,0,0
1849,2024-01-16 00:00:00,36,F,north,6,103.43,620.58,4,month-to-month,credit_card,1,494.2,0,1,1,0
1850,2023-05-01 00:00:00,49,F,north,48,75.81,3638.88,3,month-to-month,credit_card,1,263.0,1,1,1,0
1851,2023-03-01 00:00:00,31,M,north,16,55.07,881.12,6,month-to-month,bank_transfer,0,165.7,0,1,0,0
1852,2023-07-04 00:00:00,38,M,east,7,66.68,466.76,3,two_year,electronic_check,1,92.8,1,0,0,0
1853,2023-11-28 00:00:00,46,M,south,52,64.02,3329.04,5,month-to-month,bank_transfer,0,375.1,1,1,1,0
1854,2023-04-28 00:00:00,27,F,south,68,53.25,3621.0,3,one_year,electronic_check,2,465.2,1,0,0,0
1855,2023-03-19 00:00:00,48,F,west,44,61.55,2708.2,3,one_year,bank_transfer,2,462.2,1,0,0,0
1856,2024-09-13 00:00:00,25,M,west,68,58.5,3978.0,5,two_year,electronic_check,5,32.6,0,1,0,0
1857,2023-10-01 00:00:00,25,F,east,29,31.11,902.19,4,two_year,mailed_check,0,37.9,1,1,0,0
1858,2024-03-02 00:00:00,30,F,south,37,103.06,3813.22,3,two_year,electronic_check,1,495.3,1,0,1,0
1859,2024-01-18 00:00:00,33,M,east,26,95.65,2486.9,1,month-to-month,credit_card,1,476.6,0,1,1,0
1860,2024-06-20 00:00:00,19,M,south,37,53.75,1988.75,1,month-to-month,electronic_check,3,109.7,1,1,0,0
1861,2024-06-24 00:00:00,68,M,south,65,114.51,7443.15,4,month-to-month,mailed_check,0,98.8,0,0,1,0
1862,2023-08-05 00:00:00,34,M,south,46,114.94,5287.24,1,month-to-month,electronic_check,0,294.8,0,0,1,0
1863,2024-09-10 00:00:00,60,F,north,1,105.67,105.67,4,month-to-month,mailed_check,4,158.6,0,0,1,0
1864,2023-09-29 00:00:00,65,F,north,42,22.94,963.48,6,month-to-month,credit_card,1,359.1,0,0,0,0
1865,2024-09-01 00:00:00,60,M,east,27,57.12,1542.24,5,month-to-month,electronic_check,0,102.9,0,0,0,0
1866,2023-10-23 00:00:00,62,M,west,39,65.73,2563.47,5,month-to-month,electronic_check,2,403.1,1,0,0,0
1867,2023-03-23 00:00:00,23,M,south,40,91.87,3674.8,2,one_year,electronic_check,1,141.2,1,0,0,0
1868,2024-07-08 00:00:00,37,M,north,43,83.48,3589.64,4,two_year,bank_transfer,2,69.6,1,0,1,0
1869,2023-01-23 00:00:00,57,M,east,63,87.84,5533.92,2,month-to-month,bank_transfer,2,171.1,0,1,1,0
1870,2024-07-17 00:00:00,48,F,west,62,96.72,5996.64,6,month-to-month,credit_card,1,9.9,0,1,1,0
1871,2023-02-01 00:00:00,18,F,east,70,114.84,8038.8,1,month-to-month,credit_card,3,322.5,1,1,0,0
1872,2023-05-31 00:00:00,48,F,north,44,75.15,3306.6,4,month-to-month,electronic_check,1,33.9,0,0,0,0
1873,2024-03-16 00:00:00,60,M,north,20,110.4,2208.0,3,two_year,credit_card,1,73.8,1,1,1,0
1874,2024-11-18 00:00:00,61,F,east,14,101.48,1420.72,1,month-to-month,credit_card,0,396.7,0,0,1,0
1875,2023-10-26 00:00:00,38,M,west,62,53.79,3334.98,2,month-to-month,bank_transfer,1,252.8,0,1,1,0
1876,2023-03-30 00:00:00,30,M,north,66,101.37,6690.42,5,one_year,mailed_check,3,296.5,0,1,0,0
1877,2023-06-20 00:00:00,34,F,west,2,31.73,63.46,4,month-to-month,bank_transfer,2,140.6,0,0,1,0
1878,2024-10-16 00:00:00,33,F,west,15,35.88,538.2,1,one_year,bank_transfer,0,486.1,0,0,0,0
1879,2024-06-14 00:00:00,36,M,north,49,119.24,5842.76,1,month-to-month,mailed_check,2,493.5,0,1,0,0
1880,2023-03-15 00:00:00,33,M,north,12,62.87,754.44,4,month-to-month,electronic_check,1,182.8,0,1,0,0
1881,2023-10-08 00:00:00,42,F,north,3,66.06,198.18,4,month-to-month,bank_transfer,0,394.0,0,1,1,0
1882,2023-07-13 00:00:00,20,F,east,72,115.1,8287.2,3,one_year,bank_transfer,4,401.1,1,1,0,0
1883,2023-05-10 00:00:00,32,F,north,7,56.18,393.26,1,month-to-month,electronic_check,2,456.9,1,0,1,1
1884,2024-09-09 00:00:00,34,M,west,15,43.7,655.5,1,month-to-month,credit_card,1,430.8,1,1,1,0
1885,2024-03-26 00:00:00,26,M,north,72,27.78,2000.16,1,one_year,electronic_check,1,219.7,1,1,1,0
1886,2023-05-12 00:00:00,64,M,east,7,72.26,505.82,1,one_year,electronic_check,3,180.5,1,0,1,0
1887,2024-04-20 00:00:00,53,M,west,58,39.97,2318.26,4,month-to-month,mailed_check,1,467.5,0,0,1,0
1888,2023-10-29 00:00:00,66,F,north,41,26.48,1085.68,3,two_year,bank_transfer,1,204.0,0,1,0,0
1889,2023-02-14 00:00:00,47,F,south,39,101.31,3951.09,2,one_year,electronic_check,2,260.1,0,1,0,0
1890,2023-11-25 00:00:00,23,M,west,60,52.86,3171.6,4,two_year,bank_transfer,4,48.1,1,0,1,0
1891,2023-05-16 00:00:00,65,F,north,1,77.94,77.94,5,month-to-month,mailed_check,0,147.0,0,0,0,1
1892,2023-06-29 00:00:00,42,F,south,4,30.46,121.84,2,one_year,electronic_check,3,81.5,1,0,0,0
1893,2024-10-03 00:00:00,54,F,south,14,70.56,987.84,4,month-to-month,electronic_check,1,41.2,1,0,1,0
1894,2024-06-02 00:00:00,38,M,north,35,83.18,2911.3,1,month-to-month,mailed_check,2,185.4,0,0,0,0
1895,2023-04-08 00:00:00,44,M,south,70,64.99,4549.3,4,month-to-month,mailed_check,2,257.7,1,1,0,0
1896,2024-09-13 00:00:00,43,M,south,5,53.75,268.75,3,month-to-month,electronic_check,1,389.7,0,1,0,1
1897,2024-02-24 00:00:00,33,M,south,30,51.1,1533.0,1,two_year,mailed_check,2,303.9,1,0,0,0
1898,2024-09-30 00:00:00,47,M,west,31,30.94,959.14,5,two_year,mailed_check,2,412.2,1,1,0,0
1899,2024-06-29 00:00:00,56,M,north,14,31.57,441.98,2,month-to-month,credit_card,0,116.4,0,0,1,0
1900,2023-09-05 00:00:00,19,M,south,25,69.57,1739.25,5,month-to-month,bank_transfer,2,397.5,1,1,0,0
1901,2024-01-26 00:00:00,24,M,north,14,33.88,474.32,3,month-to-month,electronic_check,1,25.8,0,0,0,0
1902,2024-01-23 00:00:00,62,F,west,10,42.35,423.5,5,one_year,mailed_check,2,138.6,0,0,0,0
1903,2024-06-09 00:00:00,48,F,east,38,36.48,1386.24,5,month-to-month,electronic_check,2,221.9,1,1,0,0
1904,2023-07-01 00:00:00,69,M,east,67,100.25,6716.75,3,one_year,mailed_check,0,478.6,0,0,0,0
1905,2023-09-01 00:00:00,50,F,north,29,64.97,1884.13,5,month-to-month,electronic_check,2,45.4,0,1,0,1
1906,2023-06-28 00:00:00,52,M,south,46,75.26,3461.96,3,one_year,credit_card,0,131.3,1,0,0,0
1907,2023-08-05 00:00:00,65,M,north,48,78.3,3758.4,4,two_year,mailed_check,3,76.2,0,0,0,0
1908,2023-04-28 00:00:00,53,F,south,61,59.64,3638.04,2,month-to-month,credit_card,2,212.6,0,0,0,0
1909,2023-01-27 00:00:00,35,M,west,60,49.84,2990.4,3,two_year,bank_transfer,0,164.4,1,0,1,0
1910,2024-11-17 00:00:00,45,M,east,66,58.24,3843.84,1,two_year,mailed_check,0,46.0,0,0,1,0
1911,2023-02-24 00:00:00,30,M,north,59,73.48,4335.32,3,month-to-month,electronic_check,4,240.6,1,0,0,0
1912,2024-10-10 00:00:00,35,M,south,67,55.86,3742.62,1,month-to-month,electronic_check,2,242.8,1,0,1,0
1913,2023-01-03 00:00:00,54,F,west,70,33.66,2356.2,3,one_year,bank_transfer,0,315.1,0,1,0,0
1914,2024-07-21 00:00:00,25,M,north,54,111.37,6013.98,6,month-to-month,credit_card,1,420.5,1,0,1,0
1915,2023-08-28 00:00:00,53,M,west,36,93.24,3356.64,3,two_year,electronic_check,2,486.7,0,0,1,1
1916,2024-01-13 00:00:00,48,M,south,22,26.63,585.86,3,month-to-month,mailed_check,0,51.9,0,1,1,0
1917,2023-07-26 00:00:00,34,F,south,41,110.57,4533.37,6,one_year,electronic_check,2,169.2,0,0,0,0
1918,2023-12-25 00:00:00,20,M,west,60,37.05,2223.0,1,one_year,mailed_check,0,486.2,0,1,0,0
1919,2023-11-26 00:00:00,55,F,east,55,29.77,1637.35,5,month-to-month,credit_card,2,283.8,1,0,1,0
1920,2024-01-22 00:00:00,61,F,south,37,37.32,1380.84,4,month-to-month,electronic_check,6,198.5,0,1,1,0
1921,2023-10-15 00:00:00,56,M,north,5,113.3,566.5,3,two_year,electronic_check,0,217.4,0,1,0,0
1922,2024-01-27 00:00:00,40,F,north,19,42.13,800.47,2,month-to-month,bank_transfer,3,421.3,0,1,1,0
1923,2024-08-25 00:00:00,52,M,south,42,98.7,4145.4,4,month-to-month,electronic_check,2,431.9,1,0,0,0
1924,2023-11-14 00:00:00,39,M,north,28,84.3,2360.4,3,two_year,electronic_check,1,147.6,1,0,0,0
1925,2023-09-21 00:00:00,36,M,west,33,71.82,2370.06,3,month-to-month,mailed_check,2,154.4,1,0,0,0
1926,2023-04-07 00:00:00,35,M,north,21,56.56,1187.76,5,two_year,bank_transfer,3,349.9,1,1,1,0
1927,2023-09-20 00:00:00,29,F,east,5,29.29,146.45,3,month-to-month,credit_card,0,33.8,1,1,0,0
1928,2023-04-02 00:00:00,69,F,west,34,91.07,3096.38,5,one_year,credit_card,2,423.0,1,1,1,0
1929,2023-05-14 00:00:00,53,M,south,32,59.48,1903.36,2,one_year,bank_transfer,2,3.5,1,1,0,0
1930,2024-11-26 00:00:00,27,M,east,57,73.5,4189.5,5,month-to-month,bank_transfer,1,230.5,0,1,0,0
1931,2023-03-07 00:00:00,63,F,north,8,25.18,201.44,4,month-to-month,bank_transfer,1,396.3,1,0,1,0
1932,2023-12-18 00:00:00,26,M,east,35,97.59,3415.65,6,month-to-month,mailed_check,2,457.1,0,1,1,0
1933,2024-09-01 00:00:00,49,M,west,62,89.23,5532.26,3,one_year,electronic_check,1,313.5,0,1,1,0
1934,2024-11-26 00:00:00,26,F,west,19,72.93,1385.67,2,month-to-month,electronic_check,0,265.4,0,1,0,0
1935,2023-04-18 00:00:00,37,F,north,23,69.63,1601.49,3,month-to-month,mailed_check,1,348.6,0,1,1,0
1936,2023-04-30 00:00:00,52,F,south,6,53.7,322.2,4,one_year,credit_card,2,421.1,1,1,0,0
1937,2023-09-29 00:00:00,70,M,east,41,54.24,2223.84,3,two_year,bank_transfer,1,6.5,0,0,0,0
1938,2024-02-09 00:00:00,70,M,west,62,26.85,1664.7,6,month-to-month,credit_card,0,303.1,0,0,1,0
1939,2024-12-01 00:00:00,65,M,south,35,88.67,3103.45,1,one_year,electronic_check,0,383.4,0,0,1,1
1940,2023-06-01 00:00:00,30,F,west,30,24.5,735.0,2,two_year,electronic_check,1,462.7,0,1,1,0
1941,2023-05-01 00:00:00,22,M,north,54,20.14,1087.56,6,month-to-month,credit_card,4,199.8,1,0,1,0
1942,2023-07-04 00:00:00,65,M,east,32,23.1,739.2,5,two_year,electronic_check,1,450.9,0,1,1,0
1943,2024-09-30 00:00:00,66,M,south,29,40.34,1169.86,1,one_year,mailed_check,1,315.0,1,0,0,0
1944,2023-01-22 00:00:00,32,F,east,55,77.02,4236.1,6,one_year,electronic_check,0,166.7,1,0,1,0
1945,2023-10-05 00:00:00,19,F,east,20,88.12,1762.4,3,one_year,credit_card,1,491.7,0,1,1,0
1946,2023-03-28 00:00:00,52,F,south,62,62.07,3848.34,4,month-to-month,electronic_check,0,29.3,0,0,0,0
1947,2023-04-25 00:00:00,22,M,west,19,60.86,1156.34,1,one_year,credit_card,1,434.9,1,1,0,0
1948,2024-10-31 00:00:00,20,F,west,37,77.68,2874.16,1,one_year,electronic_check,0,264.2,0,0,1,0
1949,2023-01-02 00:00:00,67,M,west,18,79.68,1434.24,5,month-to-month,electronic_check,0,292.4,1,0,1,0
1950,2023-08-23 00:00:00,44,M,north,46,104.5,4807.0,2,month-to-month,credit_card,3,416.2,1,0,1,0
1951,2024-10-30 00:00:00,23,M,south,31,101.91,3159.21,1,one_year,mailed_check,3,463.5,1,0,1,0
1952,2024-03-19 00:00:00,52,M,east,17,102.35,1739.95,5,month-to-month,electronic_check,0,447.7,1,1,1,0
1953,2023-02-22 00:00:00,37,M,west,54,104.42,5638.68,2,month-to-month,bank_transfer,1,233.3,0,0,0,0
1954,2023-12-06 00:00:00,46,F,south,68,107.98,7342.64,6,month-to-month,electronic_check,3,356.0,0,1,1,0
1955,2024-12-09 00:00:00,65,M,east,2,75.53,151.06,2,month-to-month,electronic_check,1,376.2,1,0,0,1
1956,2023-10-20 00:00:00,30,M,east,41,79.52,3260.32,1,month-to-month,electronic_check,1,173.2,1,0,1,0
1957,2024-01-21 00:00:00,52,F,north,52,92.72,4821.44,3,month-to-month,mailed_check,0,151.7,1,0,0,0
1958,2024-01-24 00:00:00,61,F,west,52,39.9,2074.8,2,month-to-month,electronic_check,1,410.8,1,0,1,0
1959,2024-04-27 00:00:00,40,M,south,16,56.05,896.8,4,month-to-month,credit_card,1,267.9,1,0,1,0
1960,2023-05-17 00:00:00,69,F,east,8,111.27,890.16,2,two_year,bank_transfer,2,111.5,0,0,0,1
1961,2024-09-04 00:00:00,41,M,south,37,72.28,2674.36,6,two_year,electronic_check,0,440.2,0,0,0,0
1962,2024-12-22 00:00:00,42,M,north,46,25.18,1158.28,3,month-to-month,mailed_check,0,247.3,1,1,1,0
1963,2023-04-15 00:00:00,64,F,south,21,60.56,1271.76,5,month-to-month,bank_transfer,1,436.1,0,1,0,1
1964,2024-08-20 00:00:00,51,F,east,26,36.08,938.08,5,month-to-month,bank_transfer,0,82.3,0,0,0,0
1965,2024-08-19 00:00:00,64,M,south,38,55.63,2113.94,6,month-to-month,mailed_check,2,445.5,1,1,0,0
1966,2024-06-25 00:00:00,59,M,west,32,74.5,2384.0,4,one_year,bank_transfer,1,202.3,1,0,0,0
1967,2023-09-28 00:00:00,55,M,west,35,70.51,2467.85,2,one_year,electronic_check,1,146.3,1,1,1,0
1968,2023-12-09 00:00:00,30,M,east,49,69.05,3383.45,4,month-to-month,mailed_check,1,184.5,0,0,1,0
1969,2024-09-04 00:00:00,39,F,west,71,21.83,1549.93,3,two_year,electronic_check,0,301.4,1,0,0,0
1970,2023-04-22 00:00:00,63,F,west,58,64.51,3741.58,4,two_year,credit_card,2,150.2,0,1,1,0
1971,2024-08-27 00:00:00,50,F,east,0,22.9,0.0,2,month-to-month,mailed_check,1,321.8,1,0,0,0
1972,2024-11-03 00:00:00,32,M,west,25,60.49,1512.25,4,one_year,bank_transfer,1,252.0,1,0,0,0
1973,2024-05-12 00:00:00,35,F,east,0,84.7,0.0,6,month-to-month,mailed_check,2,327.8,1,1,1,1
1974,2023-09-07 00:00:00,59,M,west,63,32.59,2053.17,5,one_year,electronic_check,1,168.6,1,1,0,0
1975,2024-02-13 00:00:00,27,M,north,47,111.68,5248.96,6,month-to-month,electronic_check,2,129.7,1,1,1,0
1976,2023-02-06 00:00:00,23,M,south,15,83.05,1245.75,1,month-to-month,electronic_check,2,336.9,0,1,0,0
1977,2024-11-11 00:00:00,58,M,west,61,41.76,2547.36,4,month-to-month,bank_transfer,1,264.6,1,1,0,0
1978,2023-09-07 00:00:00,33,F,south,41,59.41,2435.81,1,month-to-month,bank_transfer,0,71.2,1,0,1,0
1979,2023-02-11 00:00:00,58,F,north,3,29.69,89.07,2,month-to-month,electronic_check,2,326.4,0,1,1,0
1980,2024-08-02 00:00:00,46,F,west,11,22.21,244.31,5,one_year,mailed_check,0,138.4,0,0,1,0
1981,2024-04-25 00:00:00,70,F,east,59,111.59,6583.81,1,month-to-month,mailed_check,2,182.2,1,1,1,0
1982,2024-03-30 00:00:00,45,F,west,21,87.52,1837.92,3,two_year,bank_transfer,0,427.6,0,1,1,0
1983,2023-02-09 00:00:00,63,F,north,38,97.96,3722.48,1,month-to-month,electronic_check,1,101.2,1,0,1,0
1984,2024-07-02 00:00:00,63,F,north,65,82.22,5344.3,2,two_year,credit_card,4,215.4,0,1,0,0
1985,2024-04-10 00:00:00,29,F,east,21,110.68,2324.28,1,month-to-month,mailed_check,0,42.9,0,0,0,0
1986,2024-08-02 00:00:00,70,F,north,0,109.59,0.0,3,month-to-month,mailed_check,3,225.2,0,1,1,1
1987,2024-08-26 00:00:00,57,M,east,6,25.82,154.92,4,month-to-month,bank_transfer,1,460.5,0,1,1,0
1988,2023-06-04 00:00:00,23,F,south,66,38.95,2570.7,4,month-to-month,bank_transfer,2,279.3,1,0,0,0
1989,2023-06-03 00:00:00,18,M,north,43,59.58,2561.94,6,month-to-month,mailed_check,0,434.2,1,1,1,0
1990,2024-11-05 00:00:00,32,M,west,23,54.11,1244.53,1,one_year,electronic_check,0,271.0,0,0,0,0
1991,2024-01-23 00:00:00,18,F,north,5,72.56,362.8,3,month-to-month,electronic_check,1,29.3,1,0,1,0
1992,2023-11-16 00:00:00,36,M,west,50,46.65,2332.5,4,month-to-month,electronic_check,1,252.2,0,1,1,0
1993,2023-07-29 00:00:00,70,M,north,2,99.75,199.5,1,month-to-month,bank_transfer,2,116.3,0,1,1,0
1994,2024-04-11 00:00:00,43,M,east,6,20.75,124.5,1,one_year,bank_transfer,0,216.3,1,0,1,0
1995,2024-07-04 00:00:00,19,M,west,43,99.15,4263.45,2,month-to-month,electronic_check,2,118.6,0,1,0,0
1996,2023-01-02 00:00:00,44,F,north,46,59.34,2729.64,6,month-to-month,electronic_check,0,56.5,0,0,1,0
1997,2024-02-08 00:00:00,29,F,west,41,20.51,840.91,4,month-to-month,bank_transfer,1,105.9,0,1,0,0
1998,2024-12-26 00:00:00,63,M,south,66,104.71,6910.86,4,one_year,bank_transfer,1,200.7,1,0,1,0
1999,2023-07-24 00:00:00,22,F,east,19,64.68,1228.92,4,one_year,bank_transfer,3,411.5,0,1,0,0
2000,2023-07-25 00:00:00,58,F,west,40,92.47,3698.8,5,month-to-month,bank_transfer,0,384.7,0,0,0,0
2001,2024-10-03 00:00:00,41,F,north,22,107.84,2372.48,4,month-to-month,electronic_check,0,18.4,1,1,1,0
2002,2023-02-15 00:00:00,18,M,south,26,23.43,609.18,5,month-to-month,bank_transfer,2,388.4,1,0,0,1
2003,2023-10-18 00:00:00,53,M,west,10,46.22,462.2,2,month-to-month,mailed_check,5,15.4,0,0,1,0
2004,2023-12-01 00:00:00,42,M,north,57,31.89,1817.73,5,one_year,bank_transfer,2,37.9,0,1,1,0
2005,2024-08-05 00:00:00,58,M,north,51,29.8,1519.8,1,one_year,mailed_check,2,380.9,0,0,0,0
2006,2023-04-05 00:00:00,50,F,south,52,114.56,5957.12,3,month-to-month,bank_transfer,1,196.6,1,0,1,0
2007,2023-11-13 00:00:00,59,M,east,10,100.56,1005.6,2,one_year,electronic_check,1,160.7,1,0,1,0
2008,2023-04-22 00:00:00,42,F,west,8,56.47,451.76,1,month-to-month,electronic_check,2,187.7,0,0,1,0
2009,2024-07-28 00:00:00,18,F,east,57,88.73,5057.61,4,one_year,electronic_check,1,262.1,1,1,1,0
2010,2024-04-06 00:00:00,24,M,south,48,111.94,5373.12,6,one_year,bank_transfer,0,303.3,0,0,1,0
2011,2023-12-29 00:00:00,42,M,west,2,42.08,84.16,1,one_year,bank_transfer,1,335.2,0,0,0,0
2012,2023-10-14 00:00:00,39,F,north,48,21.42,1028.16,6,month-to-month,electronic_check,1,48.1,1,1,1,0
2013,2023-04-22 00:00:00,60,F,west,71,102.41,7271.11,6,month-to-month,electronic_check,2,82.2,1,0,1,0
2014,2024-11-03 00:00:00,39,M,south,54,92.27,4982.58,6,month-to-month,electronic_check,0,217.1,0,1,1,0
2015,2024-04-17 00:00:00,63,F,south,20,36.03,720.6,1,month-to-month,bank_transfer,1,432.1,1,0,0,0
2016,2023-08-21 00:00:00,27,F,west,23,68.96,1586.08,6,month-to-month,mailed_check,3,381.3,0,0,1,0
2017,2023-10-30 00:00:00,38,F,east,54,36.04,1946.16,3,one_year,bank_transfer,1,93.3,0,0,0,0
2018,2024-06-14 00:00:00,58,M,south,29,80.26,2327.54,4,one_year,bank_transfer,1,143.7,0,0,0,0
2019,2024-06-09 00:00:00,24,F,south,53,84.76,4492.28,2,one_year,credit_card,0,189.3,0,0,0,0
2020,2023-12-03 00:00:00,35,F,south,70,47.67,3336.9,4,one_year,mailed_check,1,430.0,0,1,1,0
2021,2023-08-10 00:00:00,57,M,west,29,98.08,2844.32,4,month-to-month,credit_card,0,489.2,1,0,0,0
2022,2024-04-26 00:00:00,49,F,north,41,67.36,2761.76,5,month-to-month,mailed_check,0,38.2,1,0,1,0
2023,2024-04-25 00:00:00,59,F,north,35,90.64,3172.4,3,month-to-month,bank_transfer,1,243.4,1,0,1,0
2024,2024-03-13 00:00:00,45,M,south,37,83.98,3107.26,1,one_year,mailed_check,1,181.2,1,0,1,0
2025,2023-02-23 00:00:00,63,F,south,5,65.08,325.4,4,month-to-month,credit_card,1,160.9,1,0,0,1
2026,2023-12-12 00:00:00,64,F,west,72,49.27,3547.44,5,month-to-month,mailed_check,1,249.5,1,0,0,0
2027,2024-03-24 00:00:00,69,F,north,39,40.43,1576.77,1,month-to-month,bank_transfer,2,359.3,0,1,0,0
2028,2024-11-24 00:00:00,24,F,west,16,94.59,1513.44,5,one_year,bank_transfer,0,295.2,0,0,1,0
2029,2024-01-19 00:00:00,49,M,west,41,84.19,3451.79,5,two_year,credit_card,1,212.2,1,0,0,0
2030,2023-09-08 00:00:00,24,M,south,29,48.09,1394.61,4,two_year,electronic_check,1,361.1,1,1,1,0
2031,2024-02-10 00:00:00,30,M,west,59,116.71,6885.89,6,month-to-month,bank_transfer,1,205.7,1,1,0,0
2032,2023-05-10 00:00:00,33,F,west,55,101.03,5556.65,3,month-to-month,electronic_check,0,325.8,1,0,1,0
2033,2023-03-08 00:00:00,52,M,west,27,32.68,882.36,1,month-to-month,credit_card,2,84.0,1,1,1,1
2034,2024-05-10 00:00:00,40,F,south,52,36.26,1885.52,4,one_year,bank_transfer,1,169.8,1,0,0,0
2035,2024-12-20 00:00:00,63,M,south,2,74.4,148.8,4,month-to-month,bank_transfer,1,284.3,1,1,1,0
2036,2024-09-09 00:00:00,33,M,west,70,30.24,2116.8,6,month-to-month,mailed_check,0,459.0,0,1,0,0
2037,2024-03-02 00:00:00,50,F,south,37,116.43,4307.91,2,month-to-month,bank_transfer,1,9.6,0,1,0,0
2038,2023-01-30 00:00:00,58,F,north,47,83.8,3938.6,1,month-to-month,mailed_check,2,363.4,0,0,1,0
2039,2024-12-22 00:00:00,69,M,east,47,26.62,1251.14,5,two_year,electronic_check,2,242.0,0,0,1,0
2040,2023-11-25 00:00:00,30,M,south,22,64.35,1415.7,2,month-to-month,credit_card,0,372.4,0,1,1,0
2041,2023-07-31 00:00:00,56,M,west,50,42.2,2110.0,2,two_year,mailed_check,0,57.4,0,1,1,0
2042,2024-10-13 00:00:00,22,M,west,29,69.05,2002.45,5,month-to-month,electronic_check,1,295.9,0,0,0,1
2043,2024-06-28 00:00:00,46,M,north,49,44.7,2190.3,2,month-to-month,bank_transfer,1,210.9,1,0,1,0
2044,2024-07-01 00:00:00,39,F,west,6,103.18,619.08,5,one_year,electronic_check,2,155.8,1,0,1,1
2045,2023-07-22 00:00:00,68,M,west,10,92.11,921.1,2,month-to-month,bank_transfer,4,16.2,0,0,1,1
2046,2024-12-25 00:00:00,58,M,west,67,110.66,7414.22,4,two_year,mailed_check,1,262.7,1,1,0,0
2047,2023-11-27 00:00:00,67,M,south,53,39.8,2109.4,4,month-to-month,bank_transfer,1,170.9,0,1,0,0
2048,2024-01-23 00:00:00,63,M,east,9,58.54,526.86,4,month-to-month,electronic_check,1,461.0,0,0,1,0
2049,2024-07-02 00:00:00,39,F,west,15,100.55,1508.25,2,month-to-month,bank_transfer,1,375.5,0,0,0,1
2050,2024-04-26 00:00:00,56,M,west,39,57.38,2237.82,1,two_year,bank_transfer,2,43.5,1,0,0,0
2051,2023-05-06 00:00:00,19,M,south,0,57.91,0.0,4,one_year,bank_transfer,1,155.0,1,1,1,0
2052,2023-08-09 00:00:00,47,F,east,29,118.6,3439.4,3,one_year,mailed_check,4,129.9,1,1,0,0
2053,2023-09-21 00:00:00,20,F,south,23,97.09,2233.07,6,one_year,bank_transfer,1,342.0,1,1,0,0
2054,2024-11-22 00:00:00,56,F,south,9,106.08,954.72,6,month-to-month,mailed_check,1,287.6,1,0,0,1
2055,2024-06-05 00:00:00,69,F,east,21,60.7,1274.7,1,two_year,electronic_check,1,179.5,1,1,0,0
2056,2023-09-25 00:00:00,54,F,south,21,78.59,1650.39,3,month-to-month,electronic_check,0,110.9,0,0,0,0
2057,2024-06-20 00:00:00,62,F,north,4,65.06,260.24,3,two_year,mailed_check,2,220.2,0,0,1,0
2058,2024-06-23 00:00:00,30,F,east,46,65.03,2991.38,3,one_year,credit_card,2,125.5,1,1,1,0
2059,2023-10-15 00:00:00,70,M,south,19,32.77,622.63,5,month-to-month,electronic_check,2,94.7,1,0,1,1
2060,2023-10-22 00:00:00,47,F,east,2,104.21,208.42,3,one_year,bank_transfer,0,407.8,0,1,1,0
2061,2024-10-14 00:00:00,53,F,south,1,59.05,59.05,1,one_year,bank_transfer,2,484.2,1,1,1,0
2062,2024-02-15 00:00:00,58,F,west,70,78.18,5472.6,3,month-to-month,mailed_check,2,377.5,1,1,0,0
2063,2023-04-20 00:00:00,51,M,west,8,105.71,845.68,5,one_year,electronic_check,0,31.2,1,0,0,0
2064,2024-06-09 00:00:00,34,F,south,66,97.35,6425.1,3,month-to-month,mailed_check,1,469.3,0,0,0,0
2065,2024-03-06 00:00:00,50,M,east,12,39.82,477.84,2,two_year,mailed_check,0,226.8,0,1,1,0
2066,2024-01-07 00:00:00,52,F,north,6,81.85,491.1,5,two_year,electronic_check,2,132.7,0,1,1,0
2067,2024-06-13 00:00:00,63,M,west,39,69.57,2713.23,1,month-to-month,credit_card,1,385.9,0,1,0,1
2068,2024-10-24 00:00:00,43,F,north,63,46.02,2899.26,3,month-to-month,credit_card,1,1.9,1,1,1,0
2069,2023-08-30 00:00:00,44,F,west,5,24.09,120.45,1,month-to-month,electronic_check,1,15.2,0,1,0,0
2070,2023-11-03 00:00:00,44,M,west,23,82.98,1908.54,4,one_year,electronic_check,1,379.3,0,1,0,0
2071,2023-05-19 00:00:00,24,M,north,54,97.99,5291.46,6,two_year,bank_transfer,2,80.2,1,0,0,0
2072,2024-04-17 00:00:00,22,M,north,4,114.17,456.68,3,one_year,credit_card,0,236.2,1,1,1,0
2073,2023-10-21 00:00:00,19,F,east,12,55.5,666.0,6,two_year,credit_card,0,262.4,0,0,0,0
2074,2023-09-07 00:00:00,53,F,west,22,59.92,1318.24,6,one_year,credit_card,0,496.9,0,1,1,0
2075,2024-05-23 00:00:00,40,F,east,58,36.3,2105.4,5,month-to-month,mailed_check,1,164.7,0,1,1,0
2076,2023-10-25 00:00:00,63,M,north,59,118.46,6989.14,2,two_year,credit_card,2,151.9,0,1,0,0
2077,2023-12-05 00:00:00,55,F,east,51,104.96,5352.96,1,month-to-month,mailed_check,0,236.9,1,1,0,0
2078,2023-11-18 00:00:00,25,F,south,48,115.76,5556.48,1,month-to-month,electronic_check,0,242.0,0,1,1,0
2079,2023-07-08 00:00:00,23,M,west,1,69.53,69.53,3,month-to-month,bank_transfer,2,274.2,0,1,1,0
2080,2023-04-02 00:00:00,37,M,west,17,40.98,696.66,3,month-to-month,mailed_check,0,439.1,0,0,0,0
2081,2024-08-26 00:00:00,66,M,west,67,77.32,5180.44,2,one_year,bank_transfer,2,354.5,1,1,1,0
2082,2023-03-08 00:00:00,20,M,south,52,57.21,2974.92,6,month-to-month,bank_transfer,1,431.0,1,0,0,0
2083,2023-08-26 00:00:00,27,M,south,17,54.79,931.43,5,month-to-month,credit_card,2,193.3,1,1,1,0
2084,2024-05-02 00:00:00,19,M,west,51,28.24,1440.24,5,month-to-month,mailed_check,0,385.5,1,0,1,0
2085,2023-04-06 00:00:00,39,M,north,52,27.31,1420.12,4,month-to-month,electronic_check,1,480.6,1,1,0,0
2086,2024-04-23 00:00:00,70,M,north,54,57.88,3125.52,4,month-to-month,bank_transfer,3,39.4,1,1,1,0
2087,2024-06-19 00:00:00,54,M,north,71,112.62,7996.02,6,two_year,mailed_check,1,217.6,1,1,0,0
2088,2024-04-28 00:00:00,44,F,east,39,92.3,3599.7,3,month-to-month,electronic_check,3,298.2,1,1,0,0
2089,2023-08-11 00:00:00,25,F,north,4,96.06,384.24,1,one_year,mailed_check,1,292.9,0,1,0,0
2090,2023-01-15 00:00:00,36,M,east,59,43.43,2562.37,2,month-to-month,credit_card,0,256.5,0,0,1,0
2091,2024-10-09 00:00:00,45,F,north,1,93.45,93.45,2,month-to-month,credit_card,2,411.2,0,0,0,0
2092,2023-08-27 00:00:00,32,F,west,46,60.63,2788.98,6,one_year,bank_transfer,1,105.2,1,1,1,0
2093,2024-08-10 00:00:00,55,M,south,58,25.94,1504.52,4,month-to-month,bank_transfer,0,482.8,0,0,1,0
2094,2023-05-25 00:00:00,69,M,north,9,59.48,535.32,3,month-to-month,credit_card,2,404.4,0,1,1,1
2095,2023-04-29 00:00:00,28,M,east,58,33.13,1921.54,1,month-to-month,electronic_check,2,146.5,0,1,1,0
2096,2024-07-22 00:00:00,31,F,south,59,105.37,6216.83,5,one_year,bank_transfer,0,16.3,1,1,1,0
2097,2024-11-17 00:00:00,24,M,south,47,104.03,4889.41,4,two_year,bank_transfer,2,360.5,1,1,0,0
2098,2024-09-20 00:00:00,56,M,east,23,48.75,1121.25,5,month-to-month,credit_card,1,13.2,1,1,1,0
2099,2024-07-02 00:00:00,42,F,west,14,81.19,1136.66,1,one_year,electronic_check,2,243.3,1,0,1,0
2100,2023-06-30 00:00:00,33,F,west,51,56.38,2875.38,4,month-to-month,credit_card,1,291.0,0,0,1,0
2101,2024-10-28 00:00:00,29,M,south,11,35.42,389.62,3,one_year,bank_transfer,2,489.4,0,1,0,0
2102,2024-05-02 00:00:00,21,F,west,49,84.94,4162.06,2,two_year,electronic_check,5,157.0,0,0,0,0
2103,2023-05-06 00:00:00,43,M,north,12,96.01,1152.12,2,month-to-month,mailed_check,1,359.2,1,0,1,0
2104,2023-04-05 00:00:00,54,F,west,24,97.47,2339.28,2,month-to-month,electronic_check,2,477.2,0,0,0,1
2105,2024-09-27 00:00:00,30,F,west,36,34.92,1257.12,5,one_year,bank_transfer,2,231.5,0,0,0,0
2106,2023-07-20 00:00:00,18,F,east,11,71.26,783.86,1,month-to-month,mailed_check,1,60.4,1,1,1,0
2107,2024-07-13 00:00:00,43,M,east,58,22.39,1298.62,6,two_year,bank_transfer,3,61.6,1,1,0,0
2108,2023-04-12 00:00:00,53,M,east,50,29.02,1451.0,6,one_year,bank_transfer,3,194.8,1,1,1,0
2109,2023-07-24 00:00:00,36,F,north,1,28.11,28.11,6,two_year,bank_transfer,1,162.3,0,1,1,0
2110,2023-07-26 00:00:00,31,M,west,61,25.72,1568.92,6,month-to-month,mailed_check,3,158.2,1,0,0,0
2111,2023-07-25 00:00:00,26,F,east,52,53.38,2775.76,2,one_year,credit_card,1,242.3,0,1,1,0
2112,2024-05-07 00:00:00,57,M,west,61,55.77,3401.97,3,month-to-month,credit_card,1,268.7,1,1,1,0
2113,2024-10-29 00:00:00,63,M,north,43,89.79,3860.97,1,one_year,bank_transfer,0,132.7,1,0,1,0
2114,2024-10-26 00:00:00,58,M,west,45,52.99,2384.55,6,two_year,electronic_check,0,220.1,1,0,0,0
2115,2024-06-25 00:00:00,45,M,south,27,34.04,919.08,5,one_year,credit_card,2,325.8,0,0,1,0
2116,2023-05-28 00:00:00,56,F,west,16,114.69,1835.04,1,one_year,credit_card,1,278.5,1,0,1,0
2117,2024-12-02 00:00:00,39,M,west,17,107.55,1828.35,6,month-to-month,credit_card,0,377.5,1,1,0,1
2118,2024-01-31 00:00:00,19,F,west,23,32.42,745.66,1,month-to-month,electronic_check,0,137.0,0,1,0,0
2119,2024-02-03 00:00:00,37,F,west,21,56.28,1181.88,5,one_year,credit_card,1,188.4,0,0,1,0
2120,2024-05-27 00:00:00,55,F,north,55,36.81,2024.55,1,month-to-month,electronic_check,1,276.7,1,1,1,0
2121,2024-07-15 00:00:00,52,F,south,38,115.91,4404.58,5,month-to-month,mailed_check,2,454.0,1,1,0,1
2122,2024-11-26 00:00:00,70,F,south,29,55.6,1612.4,6,one_year,bank_transfer,1,306.0,1,1,1,0
2123,2024-03-01 00:00:00,70,F,east,52,29.81,1550.12,6,one_year,mailed_check,2,143.9,0,0,1,0
2124,2024-03-21 00:00:00,30,M,west,53,92.68,4912.04,1,month-to-month,electronic_check,0,18.4,0,0,1,1
2125,2024-06-28 00:00:00,18,F,east,68,91.17,6199.56,1,month-to-month,mailed_check,0,257.3,0,1,1,0
2126,2023-07-06 00:00:00,32,F,east,22,44.1,970.2,1,month-to-month,electronic_check,0,475.3,1,0,0,0
2127,2023-08-13 00:00:00,64,M,west,17,52.15,886.55,5,one_year,bank_transfer,0,333.5,0,0,0,0
2128,2024-04-01 00:00:00,61,F,north,0,61.5,0.0,2,two_year,electronic_check,0,212.2,0,0,0,0
2129,2023-02-16 00:00:00,23,M,east,11,46.77,514.47,3,month-to-month,mailed_check,0,38.4,0,0,0,0
2130,2023-08-22 00:00:00,26,F,east,44,48.89,2151.16,3,month-to-month,bank_transfer,0,58.2,1,0,1,0
2131,2024-06-08 00:00:00,47,M,north,59,100.16,5909.44,3,two_year,credit_card,1,371.8,0,0,0,0
2132,2024-12-13 00:00:00,53,F,east,43,95.19,4093.17,3,month-to-month,mailed_check,2,157.9,0,1,0,0
2133,2024-01-15 00:00:00,70,M,west,72,89.26,6426.72,3,one_year,mailed_check,0,146.4,0,0,1,0
2134,2023-10-19 00:00:00,58,F,west,45,88.68,3990.6,2,month-to-month,credit_card,1,115.4,1,1,0,0
2135,2023-11-18 00:00:00,29,M,west,64,72.19,4620.16,3,two_year,credit_card,0,448.6,1,0,0,0
2136,2024-05-15 00:00:00,19,F,west,19,55.09,1046.71,5,one_year,bank_transfer,1,152.7,1,0,1,0
2137,2024-02-02 00:00:00,51,M,south,23,92.05,2117.15,1,month-to-month,mailed_check,2,88.5,0,1,1,0
2138,2023-01-17 00:00:00,47,F,north,59,31.64,1866.76,6,month-to-month,electronic_check,1,183.6,0,0,0,0
2139,2024-01-29 00:00:00,66,M,west,48,34.11,1637.28,3,month-to-month,bank_transfer,0,355.2,1,0,0,0
2140,2023-10-20 00:00:00,48,M,south,35,32.63,1142.05,2,month-to-month,credit_card,1,207.1,1,1,0,0
2141,2024-05-26 00:00:00,44,M,east,69,93.27,6435.63,3,month-to-month,credit_card,2,382.6,1,0,1,0
2142,2024-09-30 00:00:00,34,F,north,55,79.15,4353.25,6,month-to-month,electronic_check,1,341.0,1,1,1,0
2143,2024-12-03 00:00:00,22,M,west,21,65.02,1365.42,5,one_year,electronic_check,1,177.8,1,0,0,0
2144,2024-03-21 00:00:00,64,F,west,44,67.62,2975.28,5,month-to-month,credit_card,2,437.6,1,0,1,0
2145,2023-09-22 00:00:00,61,M,west,28,102.76,2877.28,2,month-to-month,credit_card,2,36.9,0,0,0,1
2146,2023-11-21 00:00:00,26,F,north,30,32.17,965.1,6,two_year,bank_transfer,1,367.6,1,1,0,0
2147,2023-05-09 00:00:00,55,M,west,58,58.32,3382.56,5,month-to-month,electronic_check,2,253.9,1,0,1,0
2148,2024-11-14 00:00:00,37,M,east,49,96.02,4704.98,1,month-to-month,bank_transfer,0,160.3,1,0,1,0
2149,2024-09-10 00:00:00,41,M,north,0,85.78,0.0,3,one_year,mailed_check,0,204.3,1,0,0,0
2150,2024-09-15 00:00:00,62,M,east,41,63.51,2603.91,6,one_year,mailed_check,0,293.9,1,1,0,0
2151,2023-08-28 00:00:00,62,M,south,47,42.43,1994.21,4,month-to-month,electronic_check,2,136.7,0,0,0,1
2152,2023-08-24 00:00:00,28,M,east,37,114.64,4241.68,4,two_year,electronic_check,1,303.5,0,1,0,1
2153,2024-09-17 00:00:00,34,F,north,21,60.79,1276.59,3,month-to-month,mailed_check,2,265.0,1,1,0,0
2154,2024-02-02 00:00:00,61,F,east,47,107.78,5065.66,1,month-to-month,electronic_check,0,384.4,0,1,0,0
2155,2024-05-29 00:00:00,66,M,east,69,97.78,6746.82,6,month-to-month,mailed_check,2,89.7,0,1,1,0
2156,2023-12-24 00:00:00,22,F,east,6,106.15,636.9,5,month-to-month,electronic_check,1,178.3,1,0,0,0
2157,2023-11-20 00:00:00,62,M,west,44,21.69,954.36,2,month-to-month,mailed_check,2,255.4,1,0,1,0
2158,2024-04-06 00:00:00,43,M,east,66,67.74,4470.84,2,month-to-month,credit_card,2,363.8,0,0,1,0
2159,2024-08-16 00:00:00,49,M,east,29,45.94,1332.26,4,one_year,bank_transfer,2,168.0,1,1,0,0
2160,2023-09-01 00:00:00,21,M,north,24,47.4,1137.6,5,month-to-month,electronic_check,2,152.8,0,1,1,0
2161,2024-08-13 00:00:00,54,M,west,18,46.98,845.64,1,two_year,bank_transfer,2,446.5,1,0,1,0
2162,2023-06-28 00:00:00,53,F,south,16,58.93,942.88,4,month-to-month,electronic_check,0,54.5,1,0,0,0
2163,2023-10-22 00:00:00,53,F,east,28,61.07,1709.96,6,one_year,mailed_check,3,363.6,1,1,0,0
2164,2024-10-28 00:00:00,59,F,east,56,83.4,4670.4,3,month-to-month,electronic_check,1,402.2,1,0,1,0
2165,2024-11-27 00:00:00,68,M,west,13,50.04,650.52,1,month-to-month,credit_card,1,130.7,1,1,0,0
2166,2024-11-05 00:00:00,63,M,south,16,47.28,756.48,1,one_year,electronic_check,3,218.6,0,0,1,0
2167,2023-08-19 00:00:00,57,F,south,72,56.06,4036.32,1,month-to-month,credit_card,1,259.9,0,1,0,0
2168,2024-09-07 00:00:00,70,M,west,72,88.65,6382.8,6,one_year,bank_transfer,2,385.3,0,1,0,0
2169,2024-11-14 00:00:00,53,M,east,16,20.02,320.32,3,one_year,mailed_check,1,437.0,1,1,1,0
2170,2024-12-15 00:00:00,53,M,south,30,94.69,2840.7,1,one_year,credit_card,1,196.3,1,0,0,0
2171,2023-01-16 00:00:00,46,M,south,29,53.9,1563.1,6,one_year,mailed_check,0,174.2,0,0,0,0
2172,2024-06-27 00:00:00,58,F,west,21,77.62,1630.02,5,two_year,bank_transfer,2,175.6,0,0,0,0
2173,2024-12-28 00:00:00,21,M,west,11,96.15,1057.65,1,month-to-month,bank_transfer,1,97.8,1,0,0,0
2174,2024-07-12 00:00:00,44,M,north,4,71.08,284.32,5,two_year,electronic_check,0,27.8,0,0,0,1
2175,2023-06-20 00:00:00,40,F,south,44,84.72,3727.68,2,month-to-month,electronic_check,1,444.5,0,0,1,0
2176,2024-07-10 00:00:00,66,F,west,3,111.99,335.97,1,month-to-month,credit_card,0,156.0,0,0,0,1
2177,2023-03-18 00:00:00,21,M,north,45,22.99,1034.55,1,two_year,electronic_check,0,5.6,0,1,0,0
2178,2023-12-17 00:00:00,52,M,north,6,54.95,329.7,4,month-to-month,credit_card,1,72.6,0,1,0,0
2179,2024-04-02 00:00:00,27,F,north,11,112.69,1239.59,6,two_year,electronic_check,1,471.2,0,1,1,0
2180,2023-11-30 00:00:00,64,M,east,0,103.74,0.0,6,one_year,mailed_check,1,30.5,1,1,1,0
2181,2024-05-25 00:00:00,63,M,south,29,81.68,2368.72,5,two_year,mailed_check,3,346.0,0,0,1,0
2182,2023-06-25 00:00:00,30,M,south,23,42.93,987.39,6,month-to-month,mailed_check,0,390.4,1,0,0,1
2183,2024-03-18 00:00:00,64,M,north,24,53.05,1273.2,2,one_year,credit_card,0,374.1,1,0,0,0
2184,2024-04-15 00:00:00,44,F,east,22,105.8,2327.6,1,month-to-month,electronic_check,1,166.7,1,0,0,0
2185,2024-04-07 00:00:00,69,F,west,68,89.83,6108.44,1,month-to-month,bank_transfer,1,319.8,0,1,0,0
2186,2023-07-31 00:00:00,56,F,north,31,48.57,1505.67,2,one_year,electronic_check,1,140.9,0,1,0,0
2187,2023-08-11 00:00:00,19,F,east,59,33.22,1959.98,5,one_year,electronic_check,0,208.3,1,0,0,0
2188,2023-07-08 00:00:00,28,F,west,17,98.08,1667.36,1,one_year,electronic_check,3,415.5,1,1,1,0
2189,2023-12-04 00:00:00,39,F,east,35,77.62,2716.7,3,one_year,mailed_check,1,303.3,1,0,1,0
2190,2024-03-03 00:00:00,29,F,east,4,116.34,465.36,5,one_year,bank_transfer,1,234.3,1,1,0,0
2191,2023-09-22 00:00:00,25,M,north,18,60.65,1091.7,6,month-to-month,electronic_check,2,343.5,1,0,1,1
2192,2023-10-27 00:00:00,69,M,west,5,54.9,274.5,1,month-to-month,credit_card,1,370.1,0,0,0,1
2193,2023-07-29 00:00:00,64,F,west,1,49.08,49.08,2,one_year,mailed_check,2,465.0,0,1,1,0
2194,2023-06-09 00:00:00,41,M,east,13,68.19,886.47,1,one_year,credit_card,0,384.2,0,0,1,0
2195,2024-04-24 00:00:00,29,M,west,11,52.27,574.97,1,month-to-month,electronic_check,2,239.4,1,1,1,0
2196,2024-08-18 00:00:00,27,M,east,23,27.32,628.36,3,month-to-month,bank_transfer,1,109.0,0,0,0,0
2197,2023-08-01 00:00:00,66,F,east,54,51.21,2765.34,2,month-to-month,electronic_check,0,235.2,0,1,1,0
2198,2024-09-20 00:00:00,35,M,west,10,41.89,418.9,6,one_year,mailed_check,2,219.9,1,0,0,0
2199,2024-02-21 00:00:00,18,M,north,44,101.54,4467.76,3,month-to-month,credit_card,0,299.5,1,0,0,0
2200,2023-05-03 00:00:00,39,M,north,26,43.56,1132.56,2,one_year,bank_transfer,4,312.7,1,0,0,0
2201,2023-09-25 00:00:00,42,M,north,29,65.89,1910.81,3,one_year,mailed_check,2,108.4,1,1,1,0
2202,2023-01-06 00:00:00,51,F,east,67,87.27,5847.09,5,two_year,bank_transfer,1,403.1,1,0,1,0
2203,2023-01-29 00:00:00,35,M,north,33,34.92,1152.36,3,month-to-month,mailed_check,1,206.6,1,1,1,0
2204,2023-09-03 00:00:00,66,M,south,19,73.13,1389.47,1,two_year,electronic_check,1,393.6,1,1,1,0
2205,2023-11-28 00:00:00,52,M,south,17,104.72,1780.24,3,one_year,bank_transfer,0,7.8,0,0,0,0
2206,2024-08-05 00:00:00,70,F,east,12,78.41,940.92,4,month-to-month,credit_card,2,384.9,1,0,1,1
2207,2023-04-09 00:00:00,37,F,east,58,68.24,3957.92,2,month-to-month,electronic_check,0,274.6,0,1,0,0
2208,2024-09-04 00:00:00,52,M,north,48,103.89,4986.72,4,month-to-month,bank_transfer,2,211.6,1,0,1,0
2209,2023-06-21 00:00:00,37,M,east,19,114.73,2179.87,2,month-to-month,credit_card,0,71.3,1,0,0,0
2210,2023-04-11 00:00:00,55,F,south,35,102.1,3573.5,6,month-to-month,bank_transfer,2,443.3,1,0,1,0
2211,2024-05-25 00:00:00,57,F,north,36,60.84,2190.24,6,month-to-month,mailed_check,1,26.5,1,1,1,0
2212,2024-07-19 00:00:00,35,M,east,3,81.17,243.51,5,two_year,electronic_check,0,56.8,1,1,0,1
2213,2024-03-17 00:00:00,67,M,south,66,72.66,4795.56,6,month-to-month,electronic_check,2,423.0,1,1,1,0
2214,2023-03-26 00:00:00,63,M,south,57,50.33,2868.81,1,month-to-month,mailed_check,1,344.3,0,1,1,0
2215,2023-03-26 00:00:00,65,M,west,39,63.53,2477.67,4,one_year,bank_transfer,1,422.0,0,1,1,0
2216,2023-10-12 00:00:00,29,F,north,52,102.93,5352.36,3,two_year,electronic_check,0,485.9,0,0,0,0
2217,2023-11-25 00:00:00,56,F,west,7,50.05,350.35,5,two_year,mailed_check,0,170.1,0,1,0,0
2218,2024-12-29 00:00:00,23,F,south,71,108.96,7736.16,1,two_year,bank_transfer,1,404.5,1,1,0,0
2219,2023-07-29 00:00:00,23,F,west,46,119.14,5480.44,2,two_year,electronic_check,1,19.2,1,0,1,0
2220,2023-05-21 00:00:00,69,M,west,68,50.68,3446.24,2,month-to-month,bank_transfer,3,455.8,0,0,0,0
2221,2024-11-21 00:00:00,26,F,west,63,32.27,2033.01,4,month-to-month,bank_transfer,0,318.5,0,0,1,0
2222,2023-04-23 00:00:00,63,M,north,42,115.72,4860.24,6,month-to-month,bank_transfer,4,451.7,1,1,0,0
2223,2023-01-20 00:00:00,40,M,west,21,37.11,779.31,6,two_year,mailed_check,0,282.0,0,0,0,0
2224,2023-11-05 00:00:00,34,F,south,50,97.15,4857.5,3,month-to-month,mailed_check,2,315.5,1,1,1,0
2225,2023-10-20 00:00:00,21,M,west,37,23.91,884.67,1,one_year,mailed_check,2,465.0,1,0,1,0
2226,2024-03-28 00:00:00,53,F,west,29,43.56,1263.24,6,month-to-month,bank_transfer,1,151.2,1,1,0,0
2227,2024-10-02 00:00:00,56,F,east,51,46.02,2347.02,4,two_year,bank_transfer,0,172.2,1,0,1,0
2228,2024-11-12 00:00:00,42,F,west,64,49.72,3182.08,1,month-to-month,bank_transfer,2,425.9,0,0,1,0
2229,2023-07-31 00:00:00,60,F,east,12,111.93,1343.16,4,two_year,electronic_check,2,482.5,0,1,0,1
2230,2024-12-16 00:00:00,35,M,north,40,37.53,1501.2,6,two_year,bank_transfer,2,333.9,0,1,1,0
2231,2024-04-06 00:00:00,47,M,west,56,37.36,2092.16,6,month-to-month,electronic_check,3,215.0,0,0,1,0
2232,2023-02-20 00:00:00,33,F,east,23,89.17,2050.91,6,one_year,electronic_check,1,55.6,1,1,1,0
2233,2024-11-16 00:00:00,48,F,north,24,115.23,2765.52,6,month-to-month,electronic_check,1,303.7,0,0,0,0
2234,2023-04-11 00:00:00,25,F,north,0,58.93,0.0,4,month-to-month,credit_card,2,412.1,1,0,0,0
2235,2024-03-05 00:00:00,43,M,east,23,97.31,2238.13,4,month-to-month,bank_transfer,0,54.9,1,0,0,1
2236,2024-07-31 00:00:00,47,M,west,42,23.1,970.2,1,one_year,credit_card,1,145.3,1,1,0,0
2237,2023-07-02 00:00:00,47,M,east,70,102.41,7168.7,4,month-to-month,bank_transfer,0,50.9,0,1,1,0
2238,2023-07-17 00:00:00,41,F,south,38,92.34,3508.92,6,one_year,credit_card,2,169.4,1,1,1,0
2239,2023-12-14 00:00:00,52,F,south,21,109.66,2302.86,5,one_year,mailed_check,2,288.6,0,0,1,0
2240,2024-10-07 00:00:00,45,F,south,59,83.75,4941.25,6,month-to-month,bank_transfer,1,65.0,0,1,0,0
2241,2023-06-13 00:00:00,33,M,south,13,114.13,1483.69,2,month-to-month,electronic_check,2,236.8,1,0,0,0
2242,2024-04-29 00:00:00,29,M,south,13,58.99,766.87,2,month-to-month,bank_transfer,0,6.8,1,1,0,0
2243,2023-11-27 00:00:00,52,M,north,38,93.25,3543.5,6,month-to-month,bank_transfer,0,412.1,1,0,1,0
2244,2023-03-23 00:00:00,67,M,east,59,92.56,5461.04,6,two_year,electronic_check,4,337.9,1,1,0,0
2245,2024-06-02 00:00:00,57,M,north,15,46.86,702.9,4,month-to-month,electronic_check,1,324.5,0,1,0,0
2246,2024-08-30 00:00:00,51,F,north,1,112.06,112.06,6,one_year,mailed_check,1,423.9,0,1,0,0
2247,2024-02-25 00:00:00,66,M,south,52,97.92,5091.84,5,two_year,electronic_check,1,69.4,1,1,0,0
2248,2023-05-09 00:00:00,65,M,west,42,106.64,4478.88,2,month-to-month,bank_transfer,1,483.8,1,1,0,0
2249,2023-04-24 00:00:00,44,F,east,50,56.26,2813.0,4,one_year,mailed_check,0,23.5,0,1,0,0
2250,2023-11-06 00:00:00,23,F,south,28,104.13,2915.64,3,two_year,credit_card,0,222.8,0,1,1,0
2251,2024-01-05 00:00:00,51,M,east,8,51.5,412.0,5,one_year,mailed_check,2,0.9,0,1,0,0
2252,2024-02-08 00:00:00,51,M,east,24,116.44,2794.56,3,month-to-month,bank_transfer,2,460.4,0,0,0,1
2253,2023-06-27 00:00:00,32,F,south,34,22.39,761.26,2,one_year,bank_transfer,0,238.7,1,1,0,0
2254,2024-01-01 00:00:00,63,F,west,31,81.92,2539.52,3,two_year,bank_transfer,1,136.7,0,0,1,0
2255,2023-08-04 00:00:00,64,F,east,64,31.22,1998.08,3,one_year,electronic_check,3,222.0,0,0,1,0
2256,2024-05-15 00:00:00,35,M,north,16,91.87,1469.92,6,one_year,mailed_check,0,475.6,0,0,0,1
2257,2024-08-04 00:00:00,43,F,west,22,56.37,1240.14,1,one_year,electronic_check,2,115.1,1,0,0,0
2258,2024-04-21 00:00:00,28,F,north,13,107.06,1391.78,6,one_year,bank_transfer,1,172.6,1,1,0,0
2259,2023-01-01 00:00:00,27,M,north,41,107.27,4398.07,2,month-to-month,electronic_check,1,5.2,1,1,1,0
2260,2024-12-25 00:00:00,32,M,south,58,56.81,3294.98,2,two_year,mailed_check,2,109.7,1,0,1,0
2261,2023-01-18 00:00:00,37,F,south,64,101.0,6464.0,3,month-to-month,credit_card,1,442.1,0,0,1,0
2262,2024-12-30 00:00:00,32,M,west,16,88.11,1409.76,4,two_year,bank_transfer,0,239.7,0,0,1,0
2263,2023-01-24 00:00:00,26,F,east,31,62.66,1942.46,6,month-to-month,electronic_check,4,49.4,0,1,0,1
2264,2024-01-13 00:00:00,41,F,north,53,54.32,2878.96,4,one_year,mailed_check,2,415.8,1,0,1,0
2265,2023-03-19 00:00:00,51,M,south,3,41.03,123.09,1,two_year,bank_transfer,1,423.3,1,0,0,0
2266,2023-03-11 00:00:00,35,F,west,51,26.32,1342.32,3,one_year,credit_card,0,489.1,1,1,1,0
2267,2024-05-13 00:00:00,46,M,east,9,71.74,645.66,6,month-to-month,bank_transfer,4,30.6,0,1,1,1
2268,2024-06-15 00:00:00,32,F,east,2,74.0,148.0,5,one_year,electronic_check,1,220.0,1,1,0,0
2269,2023-03-28 00:00:00,55,F,east,8,64.4,515.2,2,month-to-month,credit_card,0,442.6,0,0,1,0
2270,2024-12-13 00:00:00,52,F,east,64,115.06,7363.84,4,month-to-month,electronic_check,1,59.4,1,0,0,0
2271,2023-08-22 00:00:00,68,M,north,49,21.37,1047.13,5,month-to-month,electronic_check,2,181.2,0,0,0,0
2272,2023-08-21 00:00:00,20,F,east,57,105.03,5986.71,2,two_year,electronic_check,0,452.8,1,1,0,0
2273,2023-08-05 00:00:00,63,F,east,50,100.08,5004.0,4,two_year,electronic_check,4,46.1,0,1,0,0
2274,2023-12-03 00:00:00,36,F,north,58,95.88,5561.04,3,one_year,mailed_check,2,362.8,1,1,1,0
2275,2023-05-10 00:00:00,21,F,east,36,72.49,2609.64,2,one_year,electronic_check,4,474.8,1,1,1,0
2276,2023-11-07 00:00:00,54,M,north,59,39.04,2303.36,6,month-to-month,electronic_check,1,301.0,1,0,1,0
2277,2023-06-03 00:00:00,27,F,north,4,106.29,425.16,2,month-to-month,electronic_check,1,439.6,0,1,1,0
2278,2023-02-07 00:00:00,27,M,west,42,94.46,3967.32,2,one_year,credit_card,1,399.7,0,0,1,0
2279,2023-09-27 00:00:00,69,M,south,55,103.28,5680.4,1,one_year,bank_transfer,1,403.2,1,0,0,0
2280,2024-05-05 00:00:00,29,F,south,72,43.58,3137.76,3,one_year,bank_transfer,0,314.8,0,0,1,0
2281,2024-07-11 00:00:00,46,F,east,26,75.44,1961.44,4,month-to-month,bank_transfer,0,35.1,0,0,0,0
2282,2023-09-15 00:00:00,28,F,east,13,61.6,800.8,6,month-to-month,bank_transfer,1,199.8,0,0,0,1
2283,2023-08-25 00:00:00,24,M,east,52,83.97,4366.44,5,month-to-month,electronic_check,3,416.7,0,0,0,0
2284,2024-07-28 00:00:00,18,M,west,5,95.26,476.3,6,one_year,credit_card,0,101.8,1,0,1,0
2285,2024-05-12 00:00:00,18,M,east,56,37.37,2092.72,6,month-to-month,mailed_check,2,150.3,0,0,1,0
2286,2024-08-30 00:00:00,43,M,north,51,37.4,1907.4,5,month-to-month,mailed_check,0,256.4,0,0,0,0
2287,2024-10-23 00:00:00,41,F,north,50,24.36,1218.0,6,one_year,credit_card,1,211.3,0,0,1,0
2288,2024-08-22 00:00:00,20,F,south,21,35.72,750.12,2,month-to-month,electronic_check,2,408.7,0,1,0,0
2289,2024-11-14 00:00:00,36,M,south,8,44.02,352.16,5,month-to-month,electronic_check,2,486.7,0,1,0,1
2290,2023-11-01 00:00:00,32,M,south,44,27.25,1199.0,4,one_year,credit_card,1,53.4,0,1,0,0
2291,2023-10-16 00:00:00,48,M,north,26,55.57,1444.82,3,month-to-month,mailed_check,2,9.1,0,0,0,1
2292,2023-08-23 00:00:00,70,F,north,28,87.52,2450.56,4,one_year,mailed_check,1,387.2,0,0,1,0
2293,2023-06-21 00:00:00,54,F,north,13,99.31,1291.03,5,two_year,credit_card,2,37.3,0,1,1,0
2294,2024-06-30 00:00:00,66,M,west,24,54.58,1309.92,3,month-to-month,credit_card,0,119.9,0,0,1,0
2295,2024-06-05 00:00:00,28,M,south,60,28.38,1702.8,6,month-to-month,credit_card,0,174.7,0,0,1,0
2296,2024-08-08 00:00:00,29,M,west,65,95.94,6236.1,1,one_year,electronic_check,1,149.3,1,0,1,0
2297,2023-05-03 00:00:00,57,M,south,25,59.12,1478.0,2,one_year,credit_card,1,324.4,1,1,0,0
2298,2023-12-25 00:00:00,34,F,south,10,45.14,451.4,3,two_year,bank_transfer,1,138.5,1,0,1,0
2299,2023-06-12 00:00:00,62,F,south,2,67.07,134.14,5,month-to-month,bank_transfer,3,303.6,0,0,0,1
2300,2024-10-13 00:00:00,42,M,west,13,116.99,1520.87,4,two_year,electronic_check,1,347.9,1,0,1,0
2301,2023-07-15 00:00:00,28,F,east,0,57.26,0.0,6,month-to-month,mailed_check,0,10.9,0,0,1,0
2302,2023-04-16 00:00:00,62,M,north,48,115.95,5565.6,6,month-to-month,electronic_check,1,183.7,0,0,1,0
2303,2024-02-21 00:00:00,47,M,south,46,45.32,2084.72,3,month-to-month,credit_card,0,25.7,0,1,0,0
2304,2024-10-03 00:00:00,60,F,west,57,30.55,1741.35,5,month-to-month,bank_transfer,0,382.8,1,0,0,0
2305,2024-10-30 00:00:00,41,M,north,24,35.72,857.28,2,month-to-month,bank_transfer,1,29.3,0,0,0,0
2306,2023-03-12 00:00:00,24,M,west,60,97.38,5842.8,1,month-to-month,electronic_check,1,430.7,0,1,1,0
2307,2023-08-26 00:00:00,54,F,west,12,73.76,885.12,3,month-to-month,mailed_check,1,423.8,0,0,1,0
2308,2023-04-23 00:00:00,24,F,north,16,78.19,1251.04,2,one_year,mailed_check,2,258.4,0,1,0,0
2309,2023-08-13 00:00:00,53,M,east,66,116.77,7706.82,5,month-to-month,credit_card,3,471.4,0,1,0,0
2310,2024-01-25 00:00:00,40,F,east,64,70.48,4510.72,4,month-to-month,bank_transfer,0,183.3,0,0,0,0
2311,2023-07-24 00:00:00,59,M,west,43,31.7,1363.1,1,month-to-month,electronic_check,1,151.3,1,0,0,1
2312,2023-02-19 00:00:00,64,F,west,44,91.85,4041.4,3,one_year,mailed_check,2,57.0,0,0,1,0
2313,2024-01-08 00:00:00,39,M,north,51,40.79,2080.29,3,two_year,electronic_check,0,363.8,1,1,0,0
2314,2023-02-08 00:00:00,64,F,south,60,78.15,4689.0,1,month-to-month,mailed_check,0,212.7,0,0,0,0
2315,2023-06-15 00:00:00,23,M,west,16,105.44,1687.04,4,two_year,mailed_check,0,489.3,0,0,0,0
2316,2023-01-01 00:00:00,23,F,south,5,67.71,338.55,6,one_year,electronic_check,2,435.1,0,0,1,0
2317,2023-03-05 00:00:00,70,F,north,13,51.43,668.59,6,two_year,electronic_check,0,256.3,0,0,1,0
2318,2023-11-15 00:00:00,48,M,east,26,77.55,2016.3,6,month-to-month,bank_transfer,1,225.8,0,0,1,0
2319,2024-09-13 00:00:00,41,F,north,17,32.7,555.9,6,month-to-month,mailed_check,1,117.7,1,0,1,0
2320,2024-07-19 00:00:00,26,M,north,38,50.76,1928.88,6,one_year,electronic_check,2,76.3,1,0,1,0
2321,2023-03-14 00:00:00,33,F,west,10,70.41,704.1,1,one_year,bank_transfer,1,120.9,0,1,0,0
2322,2023-01-26 00:00:00,54,M,north,42,45.42,1907.64,3,two_year,mailed_check,0,275.3,1,1,1,0
2323,2023-09-04 00:00:00,61,M,west,51,23.93,1220.43,4,two_year,electronic_check,1,71.0,1,1,0,0
2324,2024-04-21 00:00:00,66,F,north,7,78.51,549.57,6,month-to-month,electronic_check,1,442.1,1,1,1,0
2325,2024-06-29 00:00:00,39,M,north,20,60.12,1202.4,3,one_year,electronic_check,1,483.9,1,0,0,0
2326,2024-08-23 00:00:00,42,F,east,39,59.06,2303.34,5,month-to-month,bank_transfer,0,133.2,1,1,1,0
2327,2023-09-07 00:00:00,26,F,north,4,119.68,478.72,5,one_year,electronic_check,0,322.2,0,1,1,0
2328,2023-05-03 00:00:00,22,M,south,48,31.18,1496.64,4,one_year,credit_card,1,205.1,1,1,1,0
2329,2023-01-20 00:00:00,41,M,south,55,35.42,1948.1,2,one_year,mailed_check,0,261.7,0,1,0,0
2330,2023-04-18 00:00:00,48,F,east,26,107.63,2798.38,1,month-to-month,bank_transfer,2,385.2,1,1,0,0
2331,2023-02-17 00:00:00,23,F,south,0,33.03,0.0,3,two_year,credit_card,1,304.6,0,0,0,0
2332,2024-09-20 00:00:00,39,M,north,36,111.76,4023.36,2,month-to-month,electronic_check,1,332.7,1,0,1,0
2333,2023-07-15 00:00:00,52,M,north,63,87.2,5493.6,4,month-to-month,bank_transfer,0,72.6,0,1,1,0
2334,2024-08-23 00:00:00,60,F,north,21,72.82,1529.22,2,month-to-month,mailed_check,0,119.7,0,0,0,0
2335,2024-02-08 00:00:00,67,F,north,61,47.84,2918.24,6,month-to-month,electronic_check,1,432.4,0,1,1,0
2336,2024-01-29 00:00:00,36,F,east,63,55.95,3524.85,6,month-to-month,bank_transfer,2,484.7,1,1,0,0
2337,2023-11-28 00:00:00,38,M,south,20,102.6,2052.0,6,month-to-month,electronic_check,1,277.5,1,0,1,0
2338,2024-08-21 00:00:00,64,F,north,43,25.75,1107.25,4,month-to-month,credit_card,0,103.8,0,1,1,0
2339,2023-02-01 00:00:00,54,F,south,3,96.85,290.55,1,month-to-month,bank_transfer,0,255.6,1,0,0,1
2340,2023-03-09 00:00:00,32,M,east,40,102.78,4111.2,6,month-to-month,bank_transfer,0,237.5,0,1,0,0
2341,2023-11-06 00:00:00,54,M,south,64,90.6,5798.4,1,two_year,bank_transfer,0,331.6,1,1,1,0
2342,2023-10-15 00:00:00,26,M,south,68,25.45,1730.6,4,month-to-month,credit_card,0,163.9,1,0,0,0
2343,2024-02-03 00:00:00,41,F,east,14,94.27,1319.78,5,month-to-month,electronic_check,1,440.3,0,1,1,1
2344,2024-06-22 00:00:00,34,M,east,48,92.32,4431.36,1,one_year,bank_transfer,2,489.2,1,1,1,0
2345,2024-03-04 00:00:00,70,F,east,4,21.31,85.24,3,one_year,electronic_check,0,455.6,0,0,0,0
2346,2023-07-07 00:00:00,19,F,south,20,109.23,2184.6,3,month-to-month,electronic_check,2,494.3,1,1,1,1
2347,2023-08-27 00:00:00,63,M,south,60,33.22,1993.2,2,month-to-month,electronic_check,2,68.9,1,1,1,0
2348,2024-07-03 00:00:00,32,F,west,46,116.08,5339.68,1,one_year,electronic_check,1,125.9,0,0,1,0
2349,2023-05-28 00:00:00,19,F,west,28,27.08,758.24,6,month-to-month,electronic_check,1,382.5,0,0,1,0
2350,2024-01-04 00:00:00,52,M,north,70,43.8,3066.0,6,month-to-month,bank_transfer,1,233.2,0,0,0,0
2351,2024-01-29 00:00:00,53,F,west,55,89.02,4896.1,1,two_year,mailed_check,1,480.4,1,0,0,0
2352,2024-07-01 00:00:00,25,M,west,1,33.72,33.72,2,month-to-month,credit_card,1,74.4,1,1,1,1
2353,2024-06-05 00:00:00,20,M,west,5,38.5,192.5,3,month-to-month,bank_transfer,1,153.8,0,1,1,1
2354,2023-12-06 00:00:00,23,F,south,45,21.12,950.4,2,month-to-month,credit_card,3,323.0,1,1,0,0
2355,2023-08-14 00:00:00,39,F,east,64,102.65,6569.6,1,one_year,credit_card,3,204.9,0,0,0,0
2356,2023-09-26 00:00:00,25,M,north,11,23.76,261.36,4,month-to-month,credit_card,3,181.0,0,1,1,0
2357,2023-10-28 00:00:00,55,F,north,39,83.26,3247.14,3,month-to-month,electronic_check,0,275.8,0,0,1,0
2358,2023-06-10 00:00:00,22,F,east,59,78.23,4615.57,5,month-to-month,electronic_check,0,402.4,0,1,0,1
2359,2024-04-01 00:00:00,59,F,north,62,71.12,4409.44,2,month-to-month,mailed_check,0,216.5,0,0,0,0
2360,2023-06-02 00:00:00,64,M,north,46,57.52,2645.92,4,month-to-month,electronic_check,2,17.2,1,1,0,0
2361,2024-04-18 00:00:00,55,M,south,72,49.96,3597.12,2,month-to-month,credit_card,2,391.0,1,1,0,0
2362,2024-07-02 00:00:00,68,M,south,68,115.69,7866.92,1,month-to-month,mailed_check,0,360.9,1,0,1,0
2363,2024-12-03 00:00:00,67,F,north,60,98.54,5912.4,5,month-to-month,credit_card,1,252.8,1,0,1,0
2364,2023-03-28 00:00:00,20,M,west,48,112.27,5388.96,5,two_year,mailed_check,3,301.6,1,0,0,1
2365,2024-07-08 00:00:00,36,F,east,71,93.39,6630.69,4,one_year,credit_card,1,184.2,0,0,0,0
2366,2023-03-04 00:00:00,58,M,west,1,102.9,102.9,1,month-to-month,electronic_check,4,52.9,0,1,1,1
2367,2023-09-04 00:00:00,36,F,west,6,116.42,698.52,5,month-to-month,mailed_check,2,398.6,0,1,1,1
2368,2023-05-09 00:00:00,57,F,east,37,65.36,2418.32,4,one_year,credit_card,1,196.6,0,0,0,0
2369,2023-04-29 00:00:00,59,F,south,48,110.69,5313.12,3,one_year,mailed_check,2,492.7,1,0,1,0
2370,2023-05-09 00:00:00,70,F,west,65,24.31,1580.15,4,month-to-month,bank_transfer,3,488.6,0,1,0,0
2371,2023-02-02 00:00:00,35,F,east,49,30.79,1508.71,1,month-to-month,mailed_check,2,159.7,0,1,1,0
2372,2024-08-23 00:00:00,36,M,south,16,69.04,1104.64,2,month-to-month,credit_card,3,97.5,0,0,1,0
2373,2023-02-14 00:00:00,19,F,south,66,65.4,4316.4,1,month-to-month,bank_transfer,0,379.7,1,1,0,0
2374,2023-10-18 00:00:00,33,F,north,6,63.82,382.92,3,month-to-month,credit_card,2,382.3,0,0,0,1
2375,2024-05-25 00:00:00,32,F,west,6,73.72,442.32,6,month-to-month,mailed_check,3,15.8,1,0,0,0
2376,2024-12-23 00:00:00,42,M,west,52,73.84,3839.68,1,one_year,bank_transfer,0,268.6,0,0,0,0
2377,2024-09-15 00:00:00,40,F,east,70,107.06,7494.2,3,month-to-month,mailed_check,0,141.9,1,0,1,0
2378,2023-04-11 00:00:00,63,M,north,36,54.59,1965.24,2,month-to-month,bank_transfer,1,25.0,0,1,0,0
2379,2024-12-22 00:00:00,59,M,west,9,51.62,464.58,6,month-to-month,bank_transfer,1,215.2,1,1,0,1
2380,2024-04-22 00:00:00,56,M,north,3,90.19,270.57,4,one_year,electronic_check,1,66.6,0,1,0,1
2381,2023-05-12 00:00:00,18,M,north,71,84.85,6024.35,2,month-to-month,bank_transfer,3,141.6,0,0,0,0
2382,2023-11-24 00:00:00,42,M,north,20,102.98,2059.6,2,one_year,mailed_check,4,283.2,0,0,1,0
2383,2024-11-01 00:00:00,56,M,south,46,50.93,2342.78,4,one_year,electronic_check,1,124.0,1,0,1,0
2384,2023-10-14 00:00:00,30,F,south,23,20.64,474.72,1,month-to-month,bank_transfer,1,181.5,1,0,0,0
2385,2023-05-15 00:00:00,40,M,west,15,114.41,1716.15,1,month-to-month,bank_transfer,2,354.5,1,0,0,1
2386,2024-09-30 00:00:00,56,M,south,48,24.42,1172.16,5,two_year,bank_transfer,1,403.5,1,0,1,0
2387,2024-11-26 00:00:00,60,F,west,53,88.0,4664.0,5,two_year,credit_card,0,229.9,1,1,1,0
2388,2024-12-13 00:00:00,63,F,south,34,52.18,1774.12,5,month-to-month,mailed_check,1,294.9,0,1,0,0
2389,2024-11-28 00:00:00,40,M,east,37,62.35,2306.95,2,one_year,credit_card,0,165.2,1,0,0,0
2390,2024-09-29 00:00:00,39,M,east,35,103.8,3633.0,6,month-to-month,bank_transfer,1,442.5,0,0,1,0
2391,2023-11-28 00:00:00,38,F,west,43,61.96,2664.28,2,month-to-month,mailed_check,0,40.6,0,0,1,0
2392,2023-05-21 00:00:00,53,F,west,58,34.44,1997.52,6,month-to-month,bank_transfer,2,48.7,0,0,1,0
2393,2024-03-26 00:00:00,40,F,west,51,95.44,4867.44,2,one_year,electronic_check,1,18.9,0,1,1,0
2394,2023-06-11 00:00:00,39,M,west,20,22.02,440.4,3,two_year,credit_card,2,51.0,1,0,0,0
2395,2023-12-12 00:00:00,26,F,north,18,47.47,854.46,6,one_year,mailed_check,1,314.4,0,1,0,0
2396,2024-04-23 00:00:00,43,F,north,49,73.81,3616.69,3,one_year,electronic_check,1,499.2,0,0,0,0
2397,2024-11-22 00:00:00,30,F,south,47,63.78,2997.66,5,month-to-month,bank_transfer,2,300.8,1,1,0,0
2398,2023-07-31 00:00:00,45,F,north,26,82.02,2132.52,4,two_year,electronic_check,1,127.4,0,0,0,0
2399,2023-07-03 00:00:00,65,F,south,61,58.13,3545.93,1,month-to-month,electronic_check,0,409.1,1,0,1,0
2400,2024-06-20 00:00:00,59,F,east,30,59.06,1771.8,5,two_year,electronic_check,2,177.3,0,1,1,0
2401,2023-01-05 00:00:00,43,F,south,24,54.87,1316.88,3,month-to-month,credit_card,1,297.0,1,0,1,0
2402,2024-02-18 00:00:00,69,F,north,40,108.73,4349.2,3,month-to-month,electronic_check,2,220.2,1,1,1,0
2403,2024-06-28 00:00:00,69,F,west,14,21.73,304.22,2,one_year,mailed_check,1,255.5,0,1,0,1
2404,2024-02-07 00:00:00,41,M,south,50,113.96,5698.0,6,month-to-month,mailed_check,0,52.8,0,0,0,0
2405,2023-10-08 00:00:00,58,F,west,65,55.82,3628.3,4,month-to-month,credit_card,2,465.2,1,0,0,0
2406,2024-08-27 00:00:00,36,F,east,68,56.49,3841.32,4,one_year,credit_card,0,152.7,0,0,1,0
2407,2023-09-28 00:00:00,64,M,east,32,92.59,2962.88,4,one_year,credit_card,2,300.5,1,1,1,0
2408,2024-06-02 00:00:00,37,M,west,19,58.83,1117.77,2,month-to-month,mailed_check,1,3.7,1,0,1,0
2409,2023-12-05 00:00:00,31,F,south,34,81.66,2776.44,4,month-to-month,mailed_check,1,230.0,1,1,0,0
2410,2023-01-20 00:00:00,25,F,north,7,110.36,772.52,5,one_year,credit_card,2,383.4,1,0,0,1
2411,2024-01-23 00:00:00,62,M,west,48,104.62,5021.76,1,month-to-month,electronic_check,1,306.2,0,0,0,0
2412,2023-02-06 00:00:00,33,M,east,31,71.54,2217.74,1,month-to-month,electronic_check,1,159.2,1,0,0,0
2413,2024-11-10 00:00:00,61,M,south,8,91.67,733.36,1,one_year,credit_card,2,325.3,1,0,0,0
2414,2024-03-15 00:00:00,22,F,east,39,59.24,2310.36,6,two_year,electronic_check,0,397.8,0,0,0,0
2415,2023-09-29 00:00:00,44,F,south,52,97.6,5075.2,4,month-to-month,mailed_check,0,79.1,1,0,1,0
2416,2023-12-21 00:00:00,40,F,west,16,37.02,592.32,3,one_year,electronic_check,1,32.9,1,0,0,0
2417,2024-03-28 00:00:00,41,M,east,29,24.56,712.24,2,month-to-month,electronic_check,3,230.8,0,1,1,0
2418,2023-07-09 00:00:00,26,F,south,65,74.07,4814.55,5,one_year,credit_card,2,218.7,0,0,1,0
2419,2023-07-30 00:00:00,21,F,east,51,41.53,2118.03,4,one_year,electronic_check,3,23.4,0,0,0,0
2420,2023-11-02 00:00:00,36,F,west,58,92.87,5386.46,4,month-to-month,mailed_check,1,339.9,0,0,1,0
2421,2023-07-08 00:00:00,42,M,south,32,30.13,964.16,5,month-to-month,electronic_check,2,290.7,0,1,1,0
2422,2024-07-07 00:00:00,60,M,west,36,20.85,750.6,1,two_year,mailed_check,0,156.4,0,1,1,0
2423,2023-03-17 00:00:00,42,F,north,36,87.57,3152.52,5,one_year,bank_transfer,1,138.6,1,0,0,0
2424,2024-08-26 00:00:00,31,M,north,32,70.08,2242.56,5,one_year,bank_transfer,1,144.4,0,1,1,0
2425,2023-09-12 00:00:00,31,F,west,10,115.2,1152.0,2,month-to-month,bank_transfer,1,56.8,1,0,0,1
2426,2024-02-14 00:00:00,50,F,east,2,44.75,89.5,2,month-to-month,mailed_check,0,464.2,1,0,1,0
2427,2023-04-26 00:00:00,41,M,north,60,32.33,1939.8,4,month-to-month,electronic_check,1,30.1,1,1,0,0
2428,2023-10-09 00:00:00,65,M,east,39,22.31,870.09,3,month-to-month,mailed_check,3,21.7,0,1,0,0
2429,2024-07-04 00:00:00,41,F,south,38,64.42,2447.96,6,month-to-month,credit_card,1,391.2,1,0,0,0
2430,2023-07-17 00:00:00,48,F,south,43,30.08,1293.44,1,month-to-month,credit_card,1,229.7,1,0,0,0
2431,2023-04-07 00:00:00,21,M,south,30,97.56,2926.8,2,one_year,electronic_check,0,405.6,1,0,1,0
2432,2024-01-17 00:00:00,28,M,south,65,27.2,1768.0,5,month-to-month,credit_card,1,254.8,0,0,0,0
2433,2023-04-29 00:00:00,63,F,west,34,112.08,3810.72,5,one_year,credit_card,1,449.4,0,0,1,0
2434,2023-08-18 00:00:00,36,M,south,36,74.09,2667.24,6,month-to-month,credit_card,0,174.5,1,1,0,1
2435,2023-11-25 00:00:00,40,F,south,38,89.64,3406.32,1,month-to-month,credit_card,0,292.7,1,0,1,0
2436,2024-02-16 00:00:00,49,F,west,11,33.09,363.99,1,month-to-month,credit_card,1,110.0,0,0,0,0
2437,2024-04-11 00:00:00,21,M,east,12,28.95,347.4,6,one_year,electronic_check,3,224.2,1,1,0,0
2438,2024-05-08 00:00:00,44,F,north,13,55.37,719.81,5,one_year,mailed_check,0,66.4,1,1,1,0
2439,2024-09-08 00:00:00,36,M,east,18,72.04,1296.72,5,month-to-month,credit_card,3,249.2,1,1,0,1
2440,2023-02-18 00:00:00,25,M,east,11,77.55,853.05,6,two_year,mailed_check,1,229.9,1,0,0,0
2441,2023-09-22 00:00:00,40,F,east,16,52.98,847.68,2,month-to-month,bank_transfer,0,13.2,1,0,1,0
2442,2023-01-01 00:00:00,41,F,north,68,47.27,3214.36,1,month-to-month,mailed_check,5,45.3,1,0,0,0
2443,2023-01-07 00:00:00,27,F,south,26,118.14,3071.64,2,one_year,electronic_check,2,281.7,1,1,1,0
2444,2023-06-04 00:00:00,46,M,east,57,47.27,2694.39,6,month-to-month,credit_card,2,358.3,0,1,0,0
2445,2024-03-12 00:00:00,57,F,east,28,33.79,946.12,4,one_year,mailed_check,2,330.8,1,1,1,0
2446,2024-10-14 00:00:00,32,M,east,60,55.95,3357.0,1,two_year,bank_transfer,0,360.0,1,1,1,0
2447,2024-07-18 00:00:00,69,F,west,54,50.39,2721.06,5,one_year,electronic_check,2,239.2,0,1,0,0
2448,2024-04-16 00:00:00,50,F,east,61,62.17,3792.37,6,month-to-month,credit_card,0,170.2,1,1,0,0
2449,2024-07-22 00:00:00,58,M,south,21,82.37,1729.77,1,month-to-month,electronic_check,2,343.5,0,0,0,1
2450,2023-05-06 00:00:00,21,M,east,6,80.31,481.86,4,two_year,credit_card,1,135.3,0,0,0,0
2451,2024-09-05 00:00:00,58,F,south,22,89.83,1976.26,5,month-to-month,electronic_check,4,314.6,0,0,1,1
2452,2024-10-11 00:00:00,35,M,south,51,35.67,1819.17,6,month-to-month,credit_card,0,45.6,0,1,1,0
2453,2023-03-11 00:00:00,55,F,east,47,24.59,1155.73,4,two_year,mailed_check,1,268.9,1,0,1,0
2454,2023-12-10 00:00:00,60,F,south,51,99.08,5053.08,3,one_year,credit_card,2,359.5,1,0,0,0
2455,2024-08-28 00:00:00,31,F,east,72,41.72,3003.84,6,month-to-month,bank_transfer,1,158.2,1,0,0,0
2456,2023-12-14 00:00:00,31,M,east,16,51.57,825.12,3,one_year,electronic_check,1,459.2,1,1,0,0
2457,2024-09-05 00:00:00,21,M,west,32,65.57,2098.24,4,month-to-month,electronic_check,1,36.5,0,0,0,0
2458,2024-11-13 00:00:00,50,M,north,35,91.63,3207.05,6,two_year,bank_transfer,2,132.8,1,0,0,0
2459,2023-12-13 00:00:00,59,F,south,10,36.36,363.6,4,one_year,bank_transfer,0,338.2,0,1,0,0
2460,2023-02-13 00:00:00,39,F,west,48,110.24,5291.52,5,month-to-month,mailed_check,1,413.0,1,1,1,0
2461,2023-09-06 00:00:00,26,F,south,3,52.15,156.45,6,month-to-month,electronic_check,0,56.7,0,1,0,1
2462,2023-06-07 00:00:00,34,M,east,65,118.27,7687.55,4,month-to-month,credit_card,2,49.5,0,1,0,0
2463,2023-12-13 00:00:00,39,M,east,6,48.54,291.24,3,month-to-month,bank_transfer,2,232.6,0,1,0,0
2464,2024-03-03 00:00:00,66,M,west,8,92.57,740.56,4,one_year,bank_transfer,2,172.7,0,0,1,0
2465,2023-12-05 00:00:00,24,F,north,12,57.67,692.04,3,month-to-month,mailed_check,0,274.9,0,0,1,0
2466,2023-05-23 00:00:00,36,M,south,65,103.66,6737.9,5,two_year,mailed_check,0,421.3,0,0,0,0
2467,2023-08-08 00:00:00,51,M,south,62,66.24,4106.88,1,month-to-month,mailed_check,2,144.4,0,1,0,0
2468,2024-05-11 00:00:00,30,F,east,67,107.05,7172.35,1,month-to-month,electronic_check,0,5.1,1,1,1,0
2469,2023-01-20 00:00:00,64,F,west,60,95.39,5723.4,3,one_year,credit_card,1,335.4,0,1,1,0
2470,2023-06-06 00:00:00,66,M,north,67,78.6,5266.2,1,one_year,mailed_check,4,281.4,1,0,1,0
2471,2024-10-13 00:00:00,38,F,north,34,45.0,1530.0,5,month-to-month,mailed_check,1,257.8,0,0,0,0
2472,2023-03-14 00:00:00,57,M,west,0,45.99,0.0,2,month-to-month,mailed_check,0,392.1,0,0,1,0
2473,2023-10-30 00:00:00,58,M,east,31,119.14,3693.34,3,month-to-month,mailed_check,0,425.0,0,1,1,0
2474,2023-06-01 00:00:00,54,M,east,16,112.54,1800.64,2,one_year,bank_transfer,1,72.2,1,1,1,0
2475,2023-03-18 00:00:00,27,M,north,17,33.84,575.28,6,two_year,bank_transfer,1,416.0,0,1,1,0
2476,2023-11-05 00:00:00,20,F,east,50,40.41,2020.5,6,two_year,credit_card,1,270.4,1,1,1,0
2477,2024-01-16 00:00:00,36,F,south,12,30.68,368.16,1,one_year,electronic_check,0,435.5,1,1,0,0
2478,2023-05-09 00:00:00,24,F,east,23,40.13,922.99,3,one_year,credit_card,0,283.9,1,1,0,1
2479,2023-02-26 00:00:00,33,M,north,28,49.02,1372.56,6,one_year,credit_card,1,447.1,0,0,1,0
2480,2023-04-09 00:00:00,51,F,south,4,103.76,415.04,3,one_year,credit_card,0,416.2,1,1,1,0
2481,2024-04-20 00:00:00,49,F,east,51,29.52,1505.52,6,month-to-month,electronic_check,0,162.9,0,1,1,0
2482,2024-09-20 00:00:00,29,M,east,55,108.21,5951.55,1,month-to-month,mailed_check,3,321.6,1,1,1,0
2483,2023-05-12 00:00:00,18,F,west,40,117.19,4687.6,3,two_year,credit_card,2,284.0,0,0,1,0
2484,2023-08-22 00:00:00,29,F,west,2,48.17,96.34,6,two_year,bank_transfer,2,267.5,1,1,0,1
2485,2023-09-08 00:00:00,42,F,north,57,65.62,3740.34,2,one_year,electronic_check,2,54.9,1,1,0,0
2486,2023-09-21 00:00:00,59,M,north,32,72.93,2333.76,1,month-to-month,credit_card,0,11.8,1,1,0,0
2487,2023-06-28 00:00:00,37,F,south,19,40.57,770.83,5,one_year,credit_card,0,171.2,1,0,0,0
2488,2023-02-10 00:00:00,33,M,west,69,93.16,6428.04,1,month-to-month,bank_transfer,0,248.9,1,0,0,0
2489,2024-01-19 00:00:00,47,F,south,62,78.0,4836.0,2,month-to-month,mailed_check,0,276.2,1,1,1,0
2490,2023-09-18 00:00:00,21,F,west,32,31.22,999.04,5,month-to-month,bank_transfer,2,258.9,1,0,1,0
2491,2023-09-07 00:00:00,29,M,north,32,109.6,3507.2,6,one_year,bank_transfer,4,72.9,1,1,0,0
2492,2023-07-13 00:00:00,19,F,west,66,50.22,3314.52,1,month-to-month,mailed_check,0,408.7,1,1,1,0
2493,2024-11-09 00:00:00,45,F,north,13,35.62,463.06,3,one_year,bank_transfer,0,360.0,1,1,1,0
2494,2024-03-21 00:00:00,41,F,west,29,118.19,3427.51,5,one_year,electronic_check,2,431.7,0,1,1,0
2495,2023-11-02 00:00:00,48,M,west,41,30.29,1241.89,3,month-to-month,electronic_check,4,441.6,0,0,1,0
2496,2023-05-30 00:00:00,50,M,south,25,25.97,649.25,3,month-to-month,credit_card,0,416.1,1,0,0,0
2497,2024-08-07 00:00:00,38,M,south,23,43.76,1006.48,4,one_year,electronic_check,0,332.1,1,0,1,0
2498,2024-10-10 00:00:00,64,M,east,7,51.93,363.51,5,two_year,electronic_check,0,220.0,0,0,1,0
2499,2023-01-24 00:00:00,66,F,east,19,63.38,1204.22,1,two_year,credit_card,3,317.6,1,0,1,0
2500,2024-11-09 00:00:00,23,M,north,26,88.52,2301.52,1,month-to-month,bank_transfer,1,123.8,1,1,0,0
2501,2024-05-25 00:00:00,66,F,north,61,56.57,3450.77,1,one_year,credit_card,2,461.0,0,1,1,0
2502,2023-03-14 00:00:00,28,F,west,24,75.93,1822.32,3,two_year,mailed_check,2,316.3,1,0,1,0
2503,2024-07-03 00:00:00,31,F,west,11,20.58,226.38,2,month-to-month,bank_transfer,0,299.4,1,1,0,0
2504,2023-03-20 00:00:00,46,M,north,61,58.49,3567.89,3,one_year,electronic_check,1,290.3,1,1,0,0
2505,2023-02-07 00:00:00,19,F,west,25,114.5,2862.5,2,month-to-month,electronic_check,0,341.8,1,0,0,1
2506,2023-03-26 00:00:00,37,F,west,67,97.48,6531.16,4,one_year,electronic_check,0,342.8,0,1,1,0
2507,2023-12-02 00:00:00,28,F,west,7,94.08,658.56,2,month-to-month,mailed_check,2,22.2,0,0,0,1
2508,2024-03-28 00:00:00,43,M,north,1,50.45,50.45,6,month-to-month,bank_transfer,1,212.1,0,0,1,1
2509,2023-10-25 00:00:00,61,F,east,67,68.82,4610.94,2,month-to-month,electronic_check,0,487.7,1,1,0,0
2510,2023-03-31 00:00:00,66,M,north,7,104.45,731.15,2,month-to-month,credit_card,1,379.2,1,1,0,1
2511,2023-05-26 00:00:00,29,F,north,0,108.02,0.0,6,month-to-month,credit_card,1,95.7,0,1,0,1
2512,2024-09-14 00:00:00,46,M,north,46,91.05,4188.3,4,month-to-month,electronic_check,2,213.9,0,1,0,0
2513,2024-12-03 00:00:00,43,M,south,23,65.65,1509.95,1,month-to-month,credit_card,1,230.9,1,1,0,0
2514,2024-07-04 00:00:00,40,F,east,35,27.32,956.2,1,month-to-month,bank_transfer,0,489.1,0,0,0,0
2515,2023-03-17 00:00:00,51,M,north,29,31.94,926.26,1,month-to-month,mailed_check,0,475.9,0,1,0,0
2516,2024-08-21 00:00:00,70,F,north,21,20.03,420.63,5,month-to-month,mailed_check,2,38.5,0,0,0,0
2517,2024-05-20 00:00:00,39,F,south,35,55.92,1957.2,4,two_year,bank_transfer,2,132.6,0,0,0,0
2518,2024-01-20 00:00:00,21,M,north,18,22.34,402.12,6,month-to-month,electronic_check,2,36.5,0,0,1,0
2519,2023-04-15 00:00:00,66,M,west,16,63.5,1016.0,2,one_year,bank_transfer,0,97.2,1,1,1,0
2520,2024-12-28 00:00:00,67,M,north,16,79.75,1276.0,1,month-to-month,electronic_check,1,224.6,0,1,1,0
2521,2023-11-20 00:00:00,35,F,south,8,79.59,636.72,3,month-to-month,electronic_check,2,300.2,1,0,1,1
2522,2023-02-02 00:00:00,44,F,south,38,75.53,2870.14,1,two_year,mailed_check,3,406.1,0,0,1,0
2523,2023-06-03 00:00:00,63,M,north,40,42.62,1704.8,1,one_year,electronic_check,2,43.5,1,1,0,0
2524,2023-10-20 00:00:00,44,M,west,1,71.92,71.92,5,one_year,bank_transfer,2,140.6,1,1,1,0
2525,2023-02-15 00:00:00,43,M,north,33,117.98,3893.34,3,month-to-month,bank_transfer,1,305.0,1,1,1,0
2526,2023-08-25 00:00:00,66,F,south,53,64.46,3416.38,6,month-to-month,electronic_check,2,229.8,0,1,0,0
2527,2023-12-08 00:00:00,61,M,east,0,107.45,0.0,4,month-to-month,credit_card,2,154.1,0,0,1,1
2528,2024-11-23 00:00:00,44,M,south,21,58.14,1220.94,4,month-to-month,mailed_check,0,88.9,1,1,0,0
2529,2023-03-05 00:00:00,26,F,south,70,82.3,5761.0,6,two_year,bank_transfer,1,354.2,0,1,0,0
2530,2024-02-26 00:00:00,41,M,north,31,68.18,2113.58,3,month-to-month,electronic_check,0,117.4,0,1,0,1
2531,2024-10-30 00:00:00,53,F,south,1,88.86,88.86,2,month-to-month,electronic_check,1,342.3,1,0,1,0
2532,2024-08-11 00:00:00,32,F,north,38,109.74,4170.12,5,month-to-month,credit_card,0,458.4,0,1,1,0
2533,2024-11-06 00:00:00,46,F,south,29,64.09,1858.61,5,month-to-month,credit_card,2,107.9,0,0,0,0
2534,2023-05-05 00:00:00,52,M,south,15,95.74,1436.1,2,month-to-month,mailed_check,0,360.9,1,1,1,0
2535,2024-08-07 00:00:00,22,F,south,5,108.25,541.25,5,month-to-month,electronic_check,0,400.4,1,1,0,1
2536,2024-12-15 00:00:00,48,M,north,64,98.95,6332.8,6,two_year,bank_transfer,1,316.5,1,1,1,0
2537,2023-08-27 00:00:00,57,F,west,59,22.46,1325.14,2,one_year,electronic_check,0,162.8,1,1,1,0
2538,2023-12-31 00:00:00,29,M,north,49,20.02,980.98,6,month-to-month,credit_card,5,120.0,0,1,0,0
2539,2024-01-23 00:00:00,47,F,north,1,108.3,108.3,1,month-to-month,electronic_check,0,393.6,0,1,1,0
2540,2023-12-27 00:00:00,55,M,north,63,92.93,5854.59,6,one_year,electronic_check,0,163.0,1,0,1,0
2541,2023-07-31 00:00:00,20,F,west,34,115.81,3937.54,6,month-to-month,electronic_check,0,403.0,1,0,0,0
2542,2024-12-09 00:00:00,52,F,south,34,49.25,1674.5,6,two_year,electronic_check,2,420.3,1,0,0,0
2543,2024-11-29 00:00:00,31,M,south,64,98.8,6323.2,3,one_year,credit_card,0,435.1,1,0,0,0
2544,2023-10-05 00:00:00,39,F,west,31,100.15,3104.65,6,month-to-month,bank_transfer,1,408.4,1,1,0,1
2545,2024-08-10 00:00:00,52,F,north,17,105.73,1797.41,4,one_year,electronic_check,3,450.2,0,1,0,0
2546,2023-10-18 00:00:00,18,M,north,17,89.2,1516.4,1,month-to-month,electronic_check,3,464.9,1,1,1,0
2547,2024-08-03 00:00:00,18,F,north,67,33.83,2266.61,6,month-to-month,electronic_check,2,246.8,1,1,0,0
2548,2024-03-02 00:00:00,41,F,east,39,88.09,3435.51,6,one_year,bank_transfer,0,145.6,1,1,1,0
2549,2023-12-10 00:00:00,68,F,west,42,80.45,3378.9,2,month-to-month,bank_transfer,0,94.6,0,1,1,0
2550,2023-04-04 00:00:00,18,M,east,43,53.37,2294.91,2,month-to-month,electronic_check,1,195.5,0,0,1,0
2551,2024-04-22 00:00:00,59,F,west,16,40.86,653.76,4,two_year,bank_transfer,1,126.6,0,1,1,0
2552,2023-08-23 00:00:00,21,M,west,30,108.51,3255.3,3,one_year,bank_transfer,1,421.1,1,0,0,0
2553,2023-06-08 00:00:00,43,F,south,69,34.19,2359.11,4,month-to-month,credit_card,1,420.7,0,0,0,0
2554,2023-05-22 00:00:00,40,M,north,10,62.22,622.2,3,two_year,mailed_check,0,221.4,1,0,0,0
2555,2024-12-17 00:00:00,42,M,north,69,82.28,5677.32,2,month-to-month,electronic_check,1,404.4,1,1,1,0
2556,2023-03-17 00:00:00,22,M,west,19,117.18,2226.42,2,two_year,electronic_check,1,320.5,0,1,1,0
2557,2024-08-05 00:00:00,57,M,east,21,87.1,1829.1,4,month-to-month,credit_card,1,287.2,0,0,1,0
2558,2024-09-24 00:00:00,32,F,west,1,50.49,50.49,3,month-to-month,electronic_check,0,405.5,1,1,1,0
2559,2023-01-23 00:00:00,58,F,east,48,26.07,1251.36,1,one_year,mailed_check,2,402.6,1,0,0,0
2560,2024-03-06 00:00:00,52,F,west,23,51.77,1190.71,4,month-to-month,mailed_check,0,399.8,1,1,1,0
2561,2024-02-26 00:00:00,47,F,west,33,49.28,1626.24,5,two_year,bank_transfer,2,272.8,0,0,1,0
2562,2023-09-19 00:00:00,34,M,west,42,101.91,4280.22,1,month-to-month,bank_transfer,3,160.4,0,1,0,0
2563,2024-05-01 00:00:00,52,M,west,46,57.66,2652.36,2,two_year,bank_transfer,3,201.6,0,1,0,0
2564,2023-10-26 00:00:00,70,F,north,69,29.84,2058.96,3,month-to-month,electronic_check,0,340.5,0,0,0,0
2565,2023-11-17 00:00:00,66,F,east,40,107.0,4280.0,6,month-to-month,bank_transfer,2,455.1,1,0,1,0
2566,2023-11-12 00:00:00,66,F,west,12,21.81,261.72,3,month-to-month,credit_card,0,361.3,1,0,1,0
2567,2024-08-07 00:00:00,29,M,south,51,20.3,1035.3,6,month-to-month,electronic_check,3,395.5,1,0,1,0
2568,2024-04-07 00:00:00,49,F,west,4,67.48,269.92,5,one_year,electronic_check,0,146.0,0,1,1,0
2569,2023-10-04 00:00:00,39,M,south,61,26.92,1642.12,6,one_year,credit_card,1,219.1,0,0,0,0
2570,2024-11-07 00:00:00,69,F,north,21,37.71,791.91,4,two_year,electronic_check,0,373.4,0,0,1,0
2571,2024-08-08 00:00:00,68,M,east,52,118.53,6163.56,2,month-to-month,mailed_check,3,435.4,1,0,0,0
2572,2024-11-11 00:00:00,64,F,north,11,104.44,1148.84,5,month-to-month,electronic_check,2,256.1,1,1,1,0
2573,2024-06-17 00:00:00,26,M,south,29,96.4,2795.6,1,month-to-month,mailed_check,1,9.1,0,0,1,0
2574,2023-10-13 00:00:00,34,F,west,50,87.08,4354.0,5,one_year,bank_transfer,1,442.8,0,0,1,0
2575,2024-07-18 00:00:00,55,M,north,45,24.78,1115.1,2,two_year,bank_transfer,0,48.6,1,1,0,0
2576,2023-08-29 00:00:00,57,F,north,0,103.59,0.0,5,month-to-month,mailed_check,2,264.8,0,0,1,1
2577,2023-07-17 00:00:00,36,M,west,2,67.12,134.24,4,month-to-month,electronic_check,4,239.6,0,1,1,1
2578,2023-11-26 00:00:00,25,F,west,71,29.83,2117.93,2,month-to-month,mailed_check,1,481.1,0,0,1,0
2579,2024-12-08 00:00:00,25,M,south,38,50.08,1903.04,3,month-to-month,mailed_check,3,62.4,1,1,1,0
2580,2024-02-19 00:00:00,54,M,south,62,70.2,4352.4,4,one_year,bank_transfer,0,332.1,1,1,1,0
2581,2023-10-08 00:00:00,42,F,west,5,21.37,106.85,5,month-to-month,bank_transfer,0,155.5,0,0,0,0
2582,2023-12-04 00:00:00,44,M,east,35,45.24,1583.4,3,two_year,credit_card,0,217.0,0,1,0,0
2583,2023-08-01 00:00:00,61,M,west,42,53.59,2250.78,1,month-to-month,electronic_check,1,208.2,0,0,1,0
2584,2024-04-25 00:00:00,18,F,north,67,66.38,4447.46,1,month-to-month,electronic_check,4,174.3,1,1,0,0
2585,2023-09-13 00:00:00,57,F,east,51,20.2,1030.2,4,month-to-month,bank_transfer,3,440.1,0,1,1,0
2586,2024-02-09 00:00:00,32,F,east,45,76.54,3444.3,6,month-to-month,bank_transfer,2,360.7,1,0,0,0
2587,2023-09-27 00:00:00,67,M,north,21,39.76,834.96,3,one_year,electronic_check,0,449.5,0,1,1,0
2588,2023-08-23 00:00:00,68,F,east,72,79.73,5740.56,1,two_year,credit_card,3,404.5,0,1,1,0
2589,2024-12-09 00:00:00,44,F,north,23,43.92,1010.16,2,month-to-month,bank_transfer,1,208.4,0,0,1,0
2590,2023-09-10 00:00:00,34,M,west,20,60.27,1205.4,6,month-to-month,mailed_check,1,30.8,1,0,1,0
2591,2023-02-21 00:00:00,30,F,east,52,82.36,4282.72,5,one_year,bank_transfer,1,149.4,0,0,0,0
2592,2023-10-04 00:00:00,27,M,north,72,85.66,6167.52,1,one_year,bank_transfer,2,172.9,1,0,0,0
2593,2024-01-24 00:00:00,70,F,east,62,23.06,1429.72,2,one_year,mailed_check,0,51.0,0,1,1,0
2594,2023-03-11 00:00:00,27,F,north,13,73.51,955.63,5,month-to-month,electronic_check,0,77.1,1,0,1,0
2595,2023-08-12 00:00:00,41,M,west,59,101.66,5997.94,4,one_year,mailed_check,1,11.5,0,0,0,0
2596,2023-05-02 00:00:00,43,M,north,25,40.64,1016.0,2,month-to-month,mailed_check,1,219.3,0,1,1,1
2597,2024-01-01 00:00:00,53,M,east,16,73.2,1171.2,5,month-to-month,bank_transfer,1,84.8,1,0,1,0
2598,2024-06-11 00:00:00,62,M,north,68,64.76,4403.68,6,two_year,mailed_check,3,135.7,0,1,1,0
2599,2024-12-07 00:00:00,47,F,north,69,104.99,7244.31,6,month-to-month,electronic_check,1,240.4,0,0,1,0
2600,2023-10-12 00:00:00,58,F,west,27,63.88,1724.76,5,month-to-month,bank_transfer,2,82.0,0,1,0,0
2601,2024-09-22 00:00:00,48,F,south,1,114.38,114.38,3,month-to-month,electronic_check,2,32.7,0,0,1,1
2602,2023-06-06 00:00:00,41,M,north,15,85.24,1278.6,1,month-to-month,credit_card,0,382.9,0,1,0,1
2603,2024-07-23 00:00:00,26,F,east,39,76.14,2969.46,3,two_year,bank_transfer,1,442.7,0,0,1,0
2604,2024-02-15 00:00:00,29,M,north,4,49.19,196.76,1,month-to-month,bank_transfer,1,168.8,0,0,0,0
2605,2024-07-07 00:00:00,40,M,east,16,79.65,1274.4,4,month-to-month,mailed_check,1,231.3,1,0,1,1
2606,2024-07-05 00:00:00,20,F,west,10,33.12,331.2,4,two_year,electronic_check,2,144.1,1,1,0,0
2607,2024-01-24 00:00:00,34,M,east,69,61.62,4251.78,3,month-to-month,bank_transfer,1,231.0,1,1,0,0
2608,2023-07-07 00:00:00,42,F,north,25,48.44,1211.0,1,month-to-month,electronic_check,2,44.5,0,0,0,0
2609,2024-01-20 00:00:00,43,F,north,27,87.03,2349.81,4,month-to-month,bank_transfer,3,229.7,1,0,1,0
2610,2024-08-26 00:00:00,61,M,north,30,96.4,2892.0,1,month-to-month,electronic_check,1,230.7,0,1,0,1
2611,2024-12-09 00:00:00,69,F,east,0,112.86,0.0,2,month-to-month,bank_transfer,5,153.5,1,1,1,1
2612,2024-11-08 00:00:00,56,F,east,39,42.21,1646.19,6,one_year,electronic_check,2,434.0,1,1,1,0
2613,2023-05-13 00:00:00,22,F,east,66,108.48,7159.68,6,month-to-month,electronic_check,0,210.1,1,0,0,1
2614,2024-03-12 00:00:00,39,M,south,59,104.6,6171.4,4,one_year,mailed_check,0,74.2,1,0,1,0
2615,2023-03-18 00:00:00,56,M,north,18,106.24,1912.32,3,two_year,bank_transfer,4,375.3,0,0,0,0
2616,2024-05-03 00:00:00,49,M,west,0,94.05,0.0,1,month-to-month,electronic_check,0,73.2,1,1,1,0
2617,2024-12-25 00:00:00,42,M,east,56,46.77,2619.12,4,month-to-month,mailed_check,3,42.7,1,1,0,1
2618,2023-02-08 00:00:00,41,M,east,61,107.79,6575.19,3,month-to-month,bank_transfer,4,184.4,0,0,0,0
2619,2024-04-24 00:00:00,39,F,north,67,79.95,5356.65,5,month-to-month,mailed_check,1,398.7,0,1,0,0
2620,2024-11-21 00:00:00,48,F,south,42,94.06,3950.52,1,month-to-month,bank_transfer,1,475.7,1,0,1,0
2621,2024-09-10 00:00:00,27,M,south,34,40.53,1378.02,5,month-to-month,electronic_check,2,329.0,1,1,0,0
2622,2023-10-14 00:00:00,45,F,east,55,35.74,1965.7,5,month-to-month,electronic_check,2,447.5,0,1,0,0
2623,2023-03-17 00:00:00,28,F,west,50,47.69,2384.5,3,month-to-month,electronic_check,2,284.3,1,1,1,0
2624,2024-11-05 00:00:00,54,F,west,55,71.14,3912.7,1,month-to-month,credit_card,2,95.2,1,0,1,0
2625,2024-11-03 00:00:00,63,F,east,20,61.66,1233.2,3,one_year,electronic_check,0,282.5,1,0,1,0
2626,2024-02-27 00:00:00,44,F,south,65,108.76,7069.4,3,month-to-month,electronic_check,0,368.2,1,1,1,0
2627,2024-12-15 00:00:00,38,M,south,2,21.3,42.6,5,one_year,electronic_check,1,37.5,1,0,1,0
2628,2023-01-04 00:00:00,67,M,east,6,28.0,168.0,2,one_year,bank_transfer,2,209.9,0,1,1,0
2629,2024-03-26 00:00:00,52,F,south,47,52.54,2469.38,1,month-to-month,mailed_check,2,42.1,0,0,1,0
2630,2023-01-29 00:00:00,40,F,south,41,36.77,1507.57,6,one_year,bank_transfer,2,198.3,0,1,0,0
2631,2024-11-14 00:00:00,19,F,west,40,60.68,2427.2,2,month-to-month,mailed_check,0,281.3,0,1,1,0
2632,2024-05-11 00:00:00,18,F,east,66,91.76,6056.16,1,one_year,bank_transfer,3,358.8,0,0,0,0
2633,2024-10-28 00:00:00,29,M,south,63,119.34,7518.42,6,month-to-month,credit_card,1,177.7,0,1,1,0
2634,2024-02-15 00:00:00,30,M,east,52,40.21,2090.92,5,month-to-month,mailed_check,1,61.2,1,1,1,0
2635,2023-03-02 00:00:00,56,F,south,12,46.6,559.2,2,month-to-month,credit_card,0,247.5,0,1,0,0
2636,2023-01-20 00:00:00,44,M,north,7,96.87,678.09,3,one_year,credit_card,1,64.6,1,1,1,0
2637,2023-09-02 00:00:00,70,F,west,10,47.2,472.0,5,one_year,electronic_check,0,48.4,0,1,1,0
2638,2024-06-26 00:00:00,46,F,south,44,90.37,3976.28,5,month-to-month,bank_transfer,4,366.2,1,0,1,0
2639,2023-04-21 00:00:00,65,F,south,52,78.35,4074.2,3,month-to-month,bank_transfer,0,304.3,1,0,0,0
2640,2024-09-14 00:00:00,47,M,north,58,105.49,6118.42,2,month-to-month,credit_card,0,265.3,1,0,0,0
2641,2023-06-24 00:00:00,36,F,west,7,23.33,163.31,1,month-to-month,bank_transfer,2,83.8,1,0,1,0
2642,2023-12-29 00:00:00,55,M,east,20,117.97,2359.4,6,month-to-month,bank_transfer,1,460.2,0,1,1,0
2643,2023-05-29 00:00:00,41,F,south,24,116.43,2794.32,5,one_year,electronic_check,3,430.2,0,1,1,0
2644,2023-12-07 00:00:00,32,M,east,46,22.24,1023.04,6,one_year,credit_card,1,421.4,0,0,0,0
2645,2023-11-27 00:00:00,43,F,south,3,69.95,209.85,5,two_year,electronic_check,2,32.6,0,0,1,0
2646,2023-01-04 00:00:00,53,M,south,61,60.14,3668.54,2,month-to-month,bank_transfer,0,36.1,0,0,0,0
2647,2024-02-19 00:00:00,37,M,south,5,45.42,227.1,2,one_year,electronic_check,1,235.7,0,1,0,0
2648,2024-07-28 00:00:00,55,M,north,38,117.78,4475.64,2,two_year,bank_transfer,0,144.1,1,0,0,1
2649,2024-11-14 00:00:00,69,M,west,68,37.46,2547.28,3,month-to-month,bank_transfer,0,168.1,0,1,1,0
2650,2023-08-30 00:00:00,39,M,west,14,46.36,649.04,6,one_year,electronic_check,1,354.8,1,0,1,0
2651,2024-10-04 00:00:00,33,F,west,50,20.82,1041.0,5,month-to-month,bank_transfer,2,467.7,0,0,1,0
2652,2024-10-03 00:00:00,39,F,south,40,78.02,3120.8,3,month-to-month,credit_card,1,301.6,1,0,1,0
2653,2024-12-22 00:00:00,62,M,west,59,106.08,6258.72,5,two_year,electronic_check,2,14.4,0,0,0,0
2654,2023-09-30 00:00:00,27,F,south,42,82.19,3451.98,6,month-to-month,mailed_check,1,20.1,0,1,0,0
2655,2024-09-13 00:00:00,69,F,west,61,85.16,5194.76,3,two_year,electronic_check,0,115.8,0,0,1,0
2656,2024-02-17 00:00:00,39,F,north,29,26.63,772.27,6,two_year,electronic_check,1,4.5,1,0,1,0
2657,2023-02-12 00:00:00,62,M,south,11,91.48,1006.28,1,two_year,credit_card,1,69.3,1,0,1,0
2658,2023-07-17 00:00:00,59,M,east,49,60.9,2984.1,2,one_year,electronic_check,2,26.6,1,1,1,0
2659,2024-05-05 00:00:00,59,F,west,70,67.37,4715.9,2,one_year,bank_transfer,3,138.8,0,0,0,0
2660,2023-04-28 00:00:00,66,M,south,31,78.5,2433.5,2,month-to-month,electronic_check,1,22.8,0,1,1,0
2661,2023-11-14 00:00:00,27,M,south,59,117.54,6934.86,2,month-to-month,electronic_check,1,455.7,1,1,1,0
2662,2024-07-19 00:00:00,49,F,west,64,94.82,6068.48,3,two_year,bank_transfer,1,261.6,1,0,0,0
2663,2023-04-20 00:00:00,23,M,south,47,88.39,4154.33,5,month-to-month,mailed_check,1,430.9,0,0,0,0
2664,2023-12-29 00:00:00,33,F,east,57,63.19,3601.83,4,month-to-month,credit_card,2,339.3,0,0,1,0
2665,2023-06-06 00:00:00,20,M,south,41,23.45,961.45,3,two_year,electronic_check,1,230.2,0,0,1,0
2666,2024-01-27 00:00:00,54,F,north,58,73.87,4284.46,3,month-to-month,bank_transfer,0,232.8,1,0,1,0
2667,2023-06-25 00:00:00,50,F,south,24,86.09,2066.16,2,two_year,bank_transfer,2,360.3,0,1,0,0
2668,2024-12-05 00:00:00,57,F,east,38,90.42,3435.96,5,month-to-month,bank_transfer,0,160.4,0,1,0,0
2669,2023-02-25 00:00:00,27,F,north,5,80.79,403.95,5,month-to-month,bank_transfer,1,265.5,1,0,0,1
2670,2024-12-04 00:00:00,35,F,north,14,50.04,700.56,4,one_year,electronic_check,0,58.7,1,0,1,0
2671,2024-08-01 00:00:00,53,M,west,42,42.1,1768.2,5,month-to-month,bank_transfer,2,392.4,1,1,1,0
2672,2024-09-16 00:00:00,61,F,north,52,29.01,1508.52,5,one_year,mailed_check,0,164.1,0,1,1,0
2673,2024-09-13 00:00:00,64,F,north,2,90.28,180.56,5,month-to-month,bank_transfer,1,89.3,0,0,1,1
2674,2023-05-17 00:00:00,21,F,east,5,117.08,585.4,1,month-to-month,electronic_check,0,370.4,1,1,1,1
2675,2024-11-10 00:00:00,39,M,east,0,72.5,0.0,1,two_year,electronic_check,1,46.6,0,0,1,0
2676,2024-03-09 00:00:00,18,M,north,37,87.32,3230.84,3,month-to-month,mailed_check,2,476.0,0,1,0,0
2677,2024-12-03 00:00:00,61,F,north,24,89.26,2142.24,1,month-to-month,mailed_check,1,344.7,0,1,1,0
2678,2024-10-03 00:00:00,24,F,west,3,36.14,108.42,1,month-to-month,electronic_check,0,370.2,1,1,1,0
2679,2024-02-28 00:00:00,61,M,east,57,39.18,2233.26,1,two_year,electronic_check,0,41.0,1,0,1,0
2680,2023-10-01 00:00:00,26,M,east,38,40.82,1551.16,1,two_year,electronic_check,1,281.9,1,0,0,0
2681,2023-03-27 00:00:00,18,F,north,0,113.28,0.0,2,month-to-month,electronic_check,2,15.0,0,0,0,1
2682,2023-03-15 00:00:00,64,M,north,50,21.56,1078.0,2,month-to-month,electronic_check,1,163.6,0,0,0,0
2683,2023-10-12 00:00:00,41,F,north,66,74.12,4891.92,5,two_year,credit_card,1,362.1,1,0,1,0
2684,2024-08-15 00:00:00,40,M,west,30,57.72,1731.6,6,two_year,credit_card,2,107.8,0,0,0,0
2685,2024-01-04 00:00:00,52,M,west,69,85.94,5929.86,2,month-to-month,mailed_check,0,348.6,0,1,1,0
2686,2023-12-18 00:00:00,32,M,east,30,42.05,1261.5,3,one_year,electronic_check,1,275.2,1,0,1,0
2687,2023-06-28 00:00:00,54,F,east,5,116.12,580.6,4,month-to-month,electronic_check,1,455.3,0,0,0,1
2688,2024-02-17 00:00:00,40,F,north,8,53.12,424.96,2,month-to-month,credit_card,0,248.4,0,0,0,1
2689,2024-04-10 00:00:00,32,M,west,4,112.59,450.36,2,one_year,credit_card,0,150.6,0,0,0,0
2690,2024-12-17 00:00:00,38,M,east,22,78.92,1736.24,5,one_year,electronic_check,0,437.5,0,0,0,0
2691,2024-06-16 00:00:00,18,M,east,28,61.45,1720.6,3,month-to-month,electronic_check,1,239.0,1,0,1,1
2692,2024-03-19 00:00:00,33,M,west,32,93.39,2988.48,5,two_year,electronic_check,2,144.0,0,0,1,0
2693,2024-10-26 00:00:00,49,F,north,35,75.31,2635.85,1,month-to-month,mailed_check,1,207.8,0,0,1,0
2694,2023-11-07 00:00:00,25,M,south,63,33.86,2133.18,3,two_year,electronic_check,2,221.5,1,0,1,0
2695,2024-11-13 00:00:00,24,F,north,0,90.45,0.0,2,month-to-month,bank_transfer,1,111.2,0,0,0,0
2696,2023-09-28 00:00:00,52,M,south,65,77.95,5066.75,2,two_year,electronic_check,0,398.7,0,0,1,0
2697,2023-04-04 00:00:00,40,M,south,17,76.56,1301.52,3,month-to-month,electronic_check,1,410.2,1,0,0,0
2698,2023-11-01 00:00:00,25,M,south,69,93.81,6472.89,2,month-to-month,bank_transfer,5,222.5,0,0,0,0
2699,2023-04-04 00:00:00,57,M,east,9,85.35,768.15,5,one_year,bank_transfer,2,8.5,0,0,0,0
2700,2023-03-28 00:00:00,59,M,south,7,56.62,396.34,2,month-to-month,electronic_check,1,51.5,0,1,1,1
2701,2024-10-05 00:00:00,19,M,north,8,51.85,414.8,6,month-to-month,bank_transfer,0,254.5,0,0,0,0
2702,2024-08-03 00:00:00,28,M,north,21,45.08,946.68,3,one_year,electronic_check,2,130.4,0,1,1,0
2703,2023-06-11 00:00:00,37,F,east,68,77.51,5270.68,4,month-to-month,electronic_check,3,165.4,0,1,1,0
2704,2024-09-03 00:00:00,56,M,east,33,49.99,1649.67,2,two_year,electronic_check,0,265.3,0,1,1,0
2705,2023-02-20 00:00:00,21,M,west,12,32.04,384.48,6,month-to-month,electronic_check,1,331.4,1,0,1,1
2706,2023-07-27 00:00:00,60,M,west,46,98.27,4520.42,4,month-to-month,electronic_check,0,93.6,0,1,0,0
2707,2024-05-30 00:00:00,34,F,north,37,40.91,1513.67,5,month-to-month,bank_transfer,0,343.5,0,1,1,0
2708,2023-08-10 00:00:00,24,F,east,51,36.49,1860.99,6,month-to-month,credit_card,1,54.5,0,1,0,0
2709,2024-06-17 00:00:00,63,F,north,54,104.9,5664.6,6,month-to-month,electronic_check,3,282.4,0,1,1,0
2710,2024-09-30 00:00:00,22,F,north,57,90.21,5141.97,2,month-to-month,electronic_check,3,335.0,0,0,1,0
2711,2023-02-18 00:00:00,24,F,west,11,96.62,1062.82,2,month-to-month,mailed_check,1,146.0,0,0,1,0
2712,2023-01-18 00:00:00,68,M,south,36,55.04,1981.44,2,month-to-month,mailed_check,1,418.2,0,0,1,0
2713,2024-11-17 00:00:00,45,F,west,46,81.74,3760.04,4,one_year,credit_card,1,394.1,1,0,1,0
2714,2024-01-15 00:00:00,42,F,north,40,113.22,4528.8,6,month-to-month,electronic_check,1,440.9,0,0,1,0
2715,2024-01-05 00:00:00,54,M,east,70,48.27,3378.9,5,month-to-month,bank_transfer,1,170.9,0,1,1,0
2716,2023-12-05 00:00:00,51,M,south,70,26.9,1883.0,4,month-to-month,mailed_check,0,466.6,1,0,0,0
2717,2023-11-13 00:00:00,50,M,west,59,37.09,2188.31,3,two_year,credit_card,1,242.1,1,1,0,0
2718,2024-05-18 00:00:00,19,M,east,17,109.75,1865.75,5,month-to-month,electronic_check,2,155.6,1,0,1,1
2719,2024-02-28 00:00:00,47,F,west,38,48.15,1829.7,3,two_year,electronic_check,0,311.5,1,1,1,0
2720,2023-04-30 00:00:00,32,M,south,58,69.13,4009.54,6,month-to-month,electronic_check,0,441.8,1,1,0,0
2721,2024-04-02 00:00:00,60,F,west,19,73.46,1395.74,4,two_year,bank_transfer,1,444.5,1,0,0,0
2722,2024-05-02 00:00:00,44,F,west,51,116.0,5916.0,4,month-to-month,mailed_check,0,121.4,0,0,0,1
2723,2023-03-24 00:00:00,24,M,west,18,50.15,902.7,5,month-to-month,bank_transfer,1,76.3,0,0,1,0
2724,2023-10-03 00:00:00,64,M,south,10,72.14,721.4,5,month-to-month,electronic_check,1,223.9,1,1,1,0
2725,2024-07-31 00:00:00,33,F,west,17,115.81,1968.77,3,two_year,electronic_check,0,469.3,0,0,0,0
2726,2024-03-27 00:00:00,32,F,east,67,40.13,2688.71,3,month-to-month,bank_transfer,2,482.6,0,0,1,0
2727,2023-04-10 00:00:00,67,M,north,72,79.79,5744.88,3,one_year,electronic_check,0,137.9,1,1,1,0
2728,2023-01-30 00:00:00,59,M,west,62,26.36,1634.32,6,month-to-month,credit_card,1,33.7,1,1,0,0
2729,2024-02-29 00:00:00,63,F,north,19,46.3,879.7,1,one_year,credit_card,1,354.7,0,1,1,0
2730,2023-12-04 00:00:00,53,F,east,56,26.92,1507.52,5,one_year,electronic_check,4,115.9,1,0,1,0
2731,2024-12-02 00:00:00,66,M,north,15,53.02,795.3,6,month-to-month,bank_transfer,0,105.5,0,1,1,0
2732,2024-01-17 00:00:00,24,M,west,9,40.64,365.76,1,one_year,electronic_check,1,367.8,1,1,0,0
2733,2024-11-10 00:00:00,49,F,east,18,99.84,1797.12,4,one_year,credit_card,0,100.5,1,1,0,0
2734,2023-06-06 00:00:00,33,M,west,10,66.34,663.4,4,month-to-month,bank_transfer,3,391.8,1,0,0,1
2735,2023-11-23 00:00:00,39,M,east,46,60.5,2783.0,3,month-to-month,electronic_check,0,463.0,0,1,0,0
2736,2023-04-12 00:00:00,30,F,east,49,89.23,4372.27,1,month-to-month,bank_transfer,0,76.8,0,1,0,0
2737,2024-02-24 00:00:00,28,M,west,2,114.72,229.44,5,one_year,electronic_check,1,273.6,1,1,0,0
2738,2023-05-18 00:00:00,41,M,south,7,50.15,351.05,4,month-to-month,electronic_check,3,350.1,0,0,1,0
2739,2023-12-26 00:00:00,66,F,east,34,26.68,907.12,5,one_year,electronic_check,0,267.5,1,0,1,0
2740,2023-09-09 00:00:00,51,F,south,8,30.98,247.84,1,month-to-month,mailed_check,0,454.9,0,1,1,0
2741,2023-05-16 00:00:00,36,M,north,60,105.72,6343.2,6,two_year,electronic_check,2,33.9,1,1,0,0
2742,2023-03-12 00:00:00,40,M,west,29,104.59,3033.11,4,one_year,credit_card,2,497.3,0,1,0,0
2743,2024-01-09 00:00:00,46,F,south,30,67.54,2026.2,3,month-to-month,mailed_check,0,280.3,0,1,1,0
2744,2024-11-22 00:00:00,30,F,north,0,34.76,0.0,3,two_year,credit_card,2,106.7,1,1,0,0
2745,2023-05-26 00:00:00,45,F,west,51,72.65,3705.15,6,one_year,electronic_check,0,316.4,1,1,1,0
2746,2023-10-23 00:00:00,54,F,west,52,86.84,4515.68,4,month-to-month,credit_card,1,332.3,0,0,0,0
2747,2023-06-13 00:00:00,30,F,east,55,53.22,2927.1,4,month-to-month,bank_transfer,1,2.5,0,1,0,0
2748,2024-08-13 00:00:00,48,F,south,39,28.25,1101.75,4,month-to-month,bank_transfer,0,418.5,0,1,1,0
2749,2023-10-30 00:00:00,55,F,west,19,52.19,991.61,2,month-to-month,credit_card,2,35.6,0,1,1,0
2750,2024-12-12 00:00:00,45,M,east,5,89.06,445.3,2,month-to-month,mailed_check,0,107.4,1,0,0,0
2751,2023-06-28 00:00:00,33,F,south,23,117.84,2710.32,5,month-to-month,bank_transfer,0,298.0,1,1,0,1
2752,2023-02-28 00:00:00,47,F,south,39,39.01,1521.39,2,month-to-month,credit_card,3,387.3,1,0,1,0
2753,2024-03-01 00:00:00,60,M,west,8,111.46,891.68,1,month-to-month,electronic_check,1,319.5,1,0,0,1
2754,2024-04-20 00:00:00,29,M,west,3,65.66,196.98,3,month-to-month,electronic_check,0,310.3,0,0,1,1
2755,2024-12-24 00:00:00,48,F,east,15,86.32,1294.8,1,month-to-month,credit_card,1,246.5,0,0,0,0
2756,2024-09-28 00:00:00,54,M,north,5,106.37,531.85,4,month-to-month,credit_card,0,256.8,1,1,0,1
2757,2024-10-07 00:00:00,35,F,north,1,75.75,75.75,4,month-to-month,mailed_check,1,215.1,1,0,1,1
2758,2024-04-07 00:00:00,38,F,south,35,26.15,915.25,6,month-to-month,bank_transfer,1,138.9,0,0,1,0
2759,2023-09-20 00:00:00,65,M,east,54,46.58,2515.32,4,two_year,credit_card,3,181.4,1,1,0,0
2760,2023-11-10 00:00:00,37,M,west,36,100.29,3610.44,3,one_year,mailed_check,1,439.1,1,1,1,0
2761,2023-04-08 00:00:00,49,F,west,6,75.29,451.74,4,two_year,electronic_check,0,191.5,0,1,0,0
2762,2023-11-11 00:00:00,25,M,south,24,52.91,1269.84,4,two_year,mailed_check,2,380.4,1,0,0,0
2763,2023-09-24 00:00:00,67,F,north,2,78.33,156.66,5,one_year,mailed_check,1,306.3,0,0,1,0
2764,2023-01-27 00:00:00,49,M,south,45,46.86,2108.7,6,one_year,electronic_check,0,112.0,1,1,1,0
2765,2023-05-30 00:00:00,58,M,north,17,44.1,749.7,1,month-to-month,credit_card,1,77.0,1,0,1,0
2766,2024-01-26 00:00:00,49,F,west,28,102.84,2879.52,5,one_year,bank_transfer,1,61.5,1,0,1,0
2767,2023-09-27 00:00:00,36,M,north,65,60.01,3900.65,5,month-to-month,bank_transfer,1,247.7,0,0,0,0
2768,2024-12-26 00:00:00,36,F,west,42,47.4,1990.8,2,one_year,bank_transfer,0,101.8,0,1,0,0
2769,2023-12-16 00:00:00,55,F,east,55,60.92,3350.6,3,month-to-month,electronic_check,1,129.8,0,0,0,0
2770,2024-11-30 00:00:00,63,M,north,25,112.06,2801.5,3,two_year,bank_transfer,0,418.9,0,0,0,0
2771,2024-04-27 00:00:00,24,M,east,67,38.08,2551.36,3,month-to-month,bank_transfer,0,244.3,1,1,0,0
2772,2023-01-30 00:00:00,62,F,east,52,38.52,2003.04,6,one_year,bank_transfer,0,166.4,1,1,1,0
2773,2023-05-29 00:00:00,61,F,north,37,55.38,2049.06,2,two_year,electronic_check,2,92.7,1,0,0,0
2774,2024-05-30 00:00:00,23,F,north,42,26.04,1093.68,3,two_year,credit_card,0,218.5,1,1,0,0
2775,2024-02-02 00:00:00,23,F,south,45,27.49,1237.05,4,month-to-month,electronic_check,1,131.7,0,1,0,0
2776,2023-08-09 00:00:00,54,M,north,11,21.1,232.1,2,month-to-month,mailed_check,0,19.5,0,1,0,0
2777,2024-01-17 00:00:00,62,M,east,18,34.62,623.16,5,one_year,mailed_check,0,433.7,0,0,0,0
2778,2024-10-21 00:00:00,38,F,east,50,84.04,4202.0,4,month-to-month,credit_card,2,284.3,1,0,1,0
2779,2023-10-11 00:00:00,51,F,north,32,39.64,1268.48,2,month-to-month,electronic_check,1,415.4,1,0,0,0
2780,2023-02-02 00:00:00,70,F,north,57,57.78,3293.46,2,one_year,electronic_check,1,370.4,0,1,0,0
2781,2023-08-16 00:00:00,35,M,east,38,90.56,3441.28,1,two_year,credit_card,1,7.3,1,0,0,0
2782,2024-11-14 00:00:00,29,M,south,4,23.18,92.72,4,month-to-month,credit_card,1,326.7,0,0,1,0
2783,2024-07-10 00:00:00,70,F,south,48,40.91,1963.68,5,month-to-month,electronic_check,1,70.2,1,0,1,0
2784,2024-09-03 00:00:00,32,M,south,44,119.59,5261.96,6,one_year,credit_card,4,36.4,0,1,0,1
2785,2024-10-27 00:00:00,43,M,north,26,79.7,2072.2,4,one_year,credit_card,0,14.6,1,0,0,0
2786,2023-03-27 00:00:00,41,F,west,57,86.0,4902.0,6,two_year,electronic_check,1,422.3,0,1,0,0
2787,2023-07-26 00:00:00,45,M,west,25,71.6,1790.0,6,one_year,bank_transfer,2,285.3,0,0,0,0
2788,2023-02-13 00:00:00,32,M,east,8,116.59,932.72,4,month-to-month,electronic_check,0,386.4,1,0,1,1
2789,2023-01-04 00:00:00,53,M,south,8,34.43,275.44,3,one_year,credit_card,2,319.2,0,0,1,0
2790,2024-09-01 00:00:00,54,F,north,65,26.74,1738.1,6,two_year,electronic_check,1,69.3,1,1,0,0
2791,2024-11-14 00:00:00,28,M,south,27,101.62,2743.74,4,month-to-month,bank_transfer,1,304.0,1,1,0,0
2792,2023-04-24 00:00:00,43,M,west,30,20.41,612.3,5,month-to-month,credit_card,2,55.9,1,0,0,0
2793,2024-06-11 00:00:00,21,M,north,22,76.16,1675.52,2,one_year,electronic_check,1,26.3,0,1,0,0
2794,2024-01-26 00:00:00,29,M,west,53,20.14,1067.42,6,month-to-month,bank_transfer,3,170.2,0,1,0,0
2795,2023-02-20 00:00:00,70,M,south,44,54.82,2412.08,3,two_year,electronic_check,0,49.9,1,1,1,0
2796,2024-10-30 00:00:00,44,F,south,65,85.09,5530.85,6,month-to-month,electronic_check,1,352.8,1,0,0,0
2797,2024-09-28 00:00:00,51,M,west,65,74.73,4857.45,3,month-to-month,credit_card,1,302.7,1,0,1,0
2798,2024-02-19 00:00:00,65,M,west,72,75.99,5471.28,6,two_year,credit_card,1,341.4,0,1,1,0
2799,2024-05-31 00:00:00,55,M,west,24,35.73,857.52,5,month-to-month,bank_transfer,0,453.7,1,1,0,0
2800,2023-10-17 00:00:00,59,M,south,42,49.47,2077.74,2,month-to-month,credit_card,2,181.6,0,1,0,0
2801,2024-08-01 00:00:00,55,M,east,25,91.0,2275.0,1,month-to-month,electronic_check,4,279.3,1,0,0,1
2802,2023-11-21 00:00:00,44,F,south,51,22.33,1138.83,1,two_year,mailed_check,0,187.0,1,0,1,0
2803,2024-12-23 00:00:00,51,F,north,54,79.53,4294.62,3,two_year,credit_card,0,70.1,1,1,1,0
2804,2023-02-16 00:00:00,33,F,south,18,71.71,1290.78,1,month-to-month,credit_card,1,420.7,1,0,1,0
2805,2023-05-06 00:00:00,65,M,north,62,54.4,3372.8,4,one_year,mailed_check,3,286.2,1,0,0,0
2806,2024-12-08 00:00:00,27,F,north,21,53.48,1123.08,4,one_year,electronic_check,2,311.7,1,0,1,0
2807,2023-07-30 00:00:00,64,F,east,71,99.89,7092.19,5,month-to-month,bank_transfer,2,129.1,1,0,0,0
2808,2023-08-15 00:00:00,64,M,east,62,58.2,3608.4,6,month-to-month,electronic_check,0,414.0,0,0,1,0
2809,2024-07-31 00:00:00,25,M,south,1,27.99,27.99,5,two_year,bank_transfer,1,254.7,0,1,0,0
2810,2023-05-19 00:00:00,55,F,east,29,116.2,3369.8,6,month-to-month,electronic_check,2,34.7,1,0,0,1
2811,2024-01-10 00:00:00,70,M,west,28,33.04,925.12,4,month-to-month,mailed_check,1,160.3,1,1,1,0
2812,2023-07-28 00:00:00,48,M,west,60,99.75,5985.0,6,month-to-month,electronic_check,0,227.2,0,1,1,0
2813,2023-05-25 00:00:00,36,F,east,52,21.39,1112.28,5,one_year,bank_transfer,3,167.0,0,0,1,0
2814,2024-12-04 00:00:00,64,M,north,3,56.44,169.32,5,month-to-month,credit_card,3,57.3,0,1,1,1
2815,2023-05-26 00:00:00,45,F,east,61,71.52,4362.72,3,month-to-month,mailed_check,0,162.2,0,1,0,0
2816,2023-03-10 00:00:00,24,M,north,15,22.98,344.7,4,month-to-month,credit_card,1,1.5,1,0,1,0
2817,2024-05-06 00:00:00,31,M,north,26,93.41,2428.66,6,two_year,mailed_check,3,105.8,0,1,0,0
2818,2024-09-25 00:00:00,54,M,south,12,46.06,552.72,3,month-to-month,electronic_check,2,319.4,1,1,0,1
2819,2023-04-04 00:00:00,42,M,south,11,74.12,815.32,4,month-to-month,credit_card,0,270.0,0,1,1,0
2820,2024-05-31 00:00:00,29,F,north,38,99.23,3770.74,4,month-to-month,electronic_check,0,187.7,0,0,1,0
2821,2024-01-30 00:00:00,60,F,north,6,79.11,474.66,2,month-to-month,electronic_check,3,479.9,1,0,1,0
2822,2024-08-28 00:00:00,24,F,west,5,65.56,327.8,1,one_year,bank_transfer,0,22.9,0,1,1,0
2823,2023-04-03 00:00:00,29,F,east,57,53.61,3055.77,5,month-to-month,electronic_check,0,320.1,1,0,0,0
2824,2024-12-13 00:00:00,42,M,east,25,24.51,612.75,5,one_year,credit_card,2,310.7,1,1,0,0
2825,2024-03-27 00:00:00,20,M,north,47,111.3,5231.1,4,month-to-month,mailed_check,0,260.4,0,1,0,0
2826,2024-09-06 00:00:00,38,M,west,71,79.19,5622.49,4,two_year,electronic_check,0,131.9,1,0,0,0
2827,2023-09-22 00:00:00,66,F,south,3,83.15,249.45,1,two_year,mailed_check,0,252.1,0,1,0,0
2828,2024-11-19 00:00:00,67,M,east,57,64.05,3650.85,2,month-to-month,electronic_check,0,235.1,1,0,1,0
2829,2024-04-02 00:00:00,64,M,south,8,57.27,458.16,5,one_year,bank_transfer,1,72.9,0,1,1,0
2830,2023-04-03 00:00:00,35,M,north,55,24.67,1356.85,4,one_year,electronic_check,0,118.3,0,0,0,0
2831,2024-11-04 00:00:00,21,F,south,22,36.9,811.8,2,two_year,credit_card,3,218.7,0,1,0,0
2832,2024-08-03 00:00:00,61,M,north,9,62.55,562.95,4,two_year,electronic_check,1,186.0,0,0,0,1
2833,2023-08-08 00:00:00,37,F,west,16,44.17,706.72,1,one_year,electronic_check,0,65.0,1,0,1,0
2834,2024-02-03 00:00:00,57,F,south,26,24.44,635.44,5,month-to-month,bank_transfer,2,119.2,1,1,1,0
2835,2023-10-11 00:00:00,24,F,west,53,74.6,3953.8,1,month-to-month,mailed_check,2,295.9,1,1,1,0
2836,2024-02-01 00:00:00,53,M,west,49,66.41,3254.09,6,two_year,mailed_check,0,351.9,0,0,0,0
2837,2024-12-05 00:00:00,49,M,north,53,62.14,3293.42,2,two_year,bank_transfer,1,375.8,0,1,0,0
2838,2024-10-18 00:00:00,66,M,south,1,98.42,98.42,2,month-to-month,electronic_check,0,269.8,0,1,1,0
2839,2023-06-07 00:00:00,23,F,north,71,79.95,5676.45,6,one_year,mailed_check,0,27.5,1,1,1,0
2840,2024-12-10 00:00:00,39,F,north,31,20.14,624.34,5,month-to-month,credit_card,2,115.5,1,1,1,0
2841,2023-11-16 00:00:00,70,F,west,8,96.19,769.52,3,month-to-month,electronic_check,0,364.1,0,1,0,1
2842,2024-05-29 00:00:00,38,M,east,67,68.26,4573.42,2,month-to-month,bank_transfer,5,144.2,0,1,1,0
2843,2024-07-11 00:00:00,52,M,south,57,71.68,4085.76,1,month-to-month,electronic_check,0,335.1,1,0,1,0
2844,2023-12-19 00:00:00,26,F,north,6,108.96,653.76,3,one_year,credit_card,1,323.8,0,0,1,0
2845,2023-11-30 00:00:00,56,M,east,31,30.92,958.52,4,month-to-month,electronic_check,1,258.0,0,0,1,0
2846,2023-11-30 00:00:00,32,F,east,66,79.94,5276.04,3,one_year,electronic_check,0,154.2,0,1,1,0
2847,2024-09-21 00:00:00,48,F,north,49,48.22,2362.78,6,one_year,mailed_check,1,39.9,1,1,0,0
2848,2023-10-10 00:00:00,64,M,north,14,23.67,331.38,5,one_year,bank_transfer,1,364.7,1,0,0,0
2849,2023-07-24 00:00:00,53,M,south,51,63.74,3250.74,2,month-to-month,electronic_check,1,123.6,0,1,0,0
2850,2023-09-21 00:00:00,43,M,east,13,48.36,628.68,6,month-to-month,credit_card,0,141.5,1,0,1,0
2851,2023-05-23 00:00:00,28,M,west,25,20.15,503.75,3,one_year,electronic_check,1,61.2,1,1,1,1
2852,2023-10-13 00:00:00,36,F,south,14,69.29,970.06,1,one_year,credit_card,1,363.9,1,1,0,0
2853,2023-03-25 00:00:00,63,M,north,50,51.11,2555.5,6,month-to-month,credit_card,1,479.8,1,0,0,0
2854,2023-03-07 00:00:00,29,M,west,67,63.41,4248.47,5,month-to-month,bank_transfer,2,241.0,1,0,1,0
2855,2024-06-12 00:00:00,52,M,south,3,21.17,63.51,3,two_year,bank_transfer,0,180.9,1,0,1,0
2856,2023-02-26 00:00:00,43,M,east,44,60.18,2647.92,6,month-to-month,bank_transfer,0,258.2,0,1,0,0
2857,2024-02-19 00:00:00,35,F,north,18,67.04,1206.72,6,month-to-month,bank_transfer,1,195.7,1,1,1,0
2858,2024-07-23 00:00:00,55,F,north,54,66.6,3596.4,6,two_year,electronic_check,1,154.3,1,0,0,0
2859,2024-06-12 00:00:00,37,M,north,10,91.69,916.9,6,two_year,credit_card,2,485.8,1,1,0,0
2860,2023-11-22 00:00:00,33,M,west,26,119.13,3097.38,2,month-to-month,bank_transfer,2,467.5,1,0,1,0
2861,2023-05-22 00:00:00,46,M,north,15,22.79,341.85,4,two_year,bank_transfer,2,312.8,0,0,1,0
2862,2024-11-10 00:00:00,58,M,west,63,59.6,3754.8,2,month-to-month,mailed_check,1,9.7,0,1,0,0
2863,2024-09-01 00:00:00,63,M,west,6,105.67,634.02,5,two_year,bank_transfer,0,185.7,1,1,1,0
2864,2024-03-22 00:00:00,51,F,east,42,82.57,3467.94,3,one_year,mailed_check,1,99.5,0,1,0,0
2865,2023-03-05 00:00:00,53,M,west,8,118.36,946.88,6,month-to-month,mailed_check,2,291.6,1,1,0,1
2866,2023-01-26 00:00:00,59,M,west,43,91.34,3927.62,6,two_year,mailed_check,4,199.7,1,1,0,0
2867,2023-08-19 00:00:00,32,M,east,56,92.42,5175.52,2,two_year,bank_transfer,1,208.3,0,1,1,0
2868,2023-04-25 00:00:00,31,F,west,54,27.61,1490.94,2,month-to-month,electronic_check,3,461.5,1,1,1,0
2869,2024-09-20 00:00:00,43,M,east,2,47.53,95.06,1,one_year,credit_card,1,452.0,1,1,0,0
2870,2023-05-31 00:00:00,51,F,north,56,78.38,4389.28,4,one_year,credit_card,3,135.7,1,1,1,0
2871,2023-07-26 00:00:00,52,M,north,21,72.24,1517.04,3,month-to-month,credit_card,1,311.7,0,0,1,0
2872,2024-12-13 00:00:00,26,F,south,49,96.26,4716.74,6,month-to-month,credit_card,2,433.0,1,0,0,0
2873,2024-08-20 00:00:00,59,F,south,70,119.37,8355.9,5,month-to-month,mailed_check,2,480.0,0,1,0,0
2874,2023-06-09 00:00:00,37,M,south,8,40.68,325.44,3,two_year,credit_card,1,372.0,0,1,1,0
2875,2023-10-07 00:00:00,64,M,north,26,62.84,1633.84,4,month-to-month,mailed_check,5,49.6,1,1,1,1
2876,2024-01-12 00:00:00,56,M,east,63,106.68,6720.84,4,month-to-month,electronic_check,0,340.0,1,1,1,0
2877,2024-04-29 00:00:00,70,F,south,10,103.81,1038.1,6,one_year,electronic_check,3,245.7,1,1,1,0
2878,2024-11-14 00:00:00,51,F,west,19,101.72,1932.68,6,month-to-month,electronic_check,0,144.4,0,0,1,1
2879,2024-09-27 00:00:00,45,M,west,40,82.04,3281.6,3,month-to-month,electronic_check,0,445.8,1,0,0,0
2880,2024-12-14 00:00:00,27,M,east,72,119.32,8591.04,3,month-to-month,mailed_check,1,319.3,1,1,0,0
2881,2023-01-30 00:00:00,39,M,west,21,55.79,1171.59,5,month-to-month,credit_card,1,456.5,1,0,1,1
2882,2023-06-22 00:00:00,63,M,south,28,31.63,885.64,2,two_year,electronic_check,0,33.6,0,0,0,0
2883,2024-02-15 00:00:00,38,F,west,58,33.26,1929.08,1,month-to-month,credit_card,1,392.0,0,1,0,0
2884,2023-02-05 00:00:00,20,M,west,8,63.57,508.56,2,month-to-month,credit_card,3,293.2,0,1,1,0
2885,2023-09-17 00:00:00,30,M,north,23,100.49,2311.27,2,month-to-month,credit_card,0,150.7,1,1,1,0
2886,2023-04-23 00:00:00,49,F,east,23,65.28,1501.44,4,two_year,bank_transfer,2,438.3,1,1,0,0
2887,2024-11-12 00:00:00,51,F,south,29,81.14,2353.06,5,month-to-month,credit_card,1,398.6,0,0,1,0
2888,2023-02-16 00:00:00,70,F,south,41,55.8,2287.8,1,month-to-month,electronic_check,1,284.2,1,0,1,0
2889,2023-04-19 00:00:00,67,M,south,16,91.48,1463.68,1,one_year,mailed_check,1,485.9,0,1,1,0
2890,2023-05-23 00:00:00,46,F,west,28,35.31,988.68,1,month-to-month,mailed_check,0,399.1,0,0,1,0
2891,2023-04-19 00:00:00,47,F,west,66,72.01,4752.66,6,one_year,electronic_check,1,233.7,0,1,1,0
2892,2024-02-20 00:00:00,60,M,south,60,38.51,2310.6,2,month-to-month,mailed_check,0,27.3,1,1,0,0
2893,2023-09-23 00:00:00,20,M,south,69,66.86,4613.34,4,two_year,mailed_check,1,304.4,1,1,0,0
2894,2024-10-28 00:00:00,49,F,east,49,63.05,3089.45,4,one_year,credit_card,2,216.7,0,1,0,0
2895,2023-07-10 00:00:00,43,F,east,42,80.46,3379.32,2,two_year,electronic_check,0,289.6,0,0,1,0
2896,2024-01-28 00:00:00,59,F,south,15,70.95,1064.25,6,two_year,credit_card,0,23.6,1,0,1,0
2897,2024-04-26 00:00:00,60,F,south,11,117.57,1293.27,1,one_year,electronic_check,0,411.8,1,0,1,0
2898,2024-04-01 00:00:00,52,F,west,39,110.03,4291.17,4,month-to-month,bank_transfer,2,402.6,1,1,1,0
2899,2024-08-04 00:00:00,52,F,south,29,49.41,1432.89,3,one_year,electronic_check,3,377.4,1,1,1,0
2900,2023-05-28 00:00:00,54,F,south,57,32.12,1830.84,5,one_year,credit_card,1,390.0,1,0,1,0
2901,2024-01-06 00:00:00,48,M,south,0,26.48,0.0,2,month-to-month,bank_transfer,4,90.8,1,1,0,1
2902,2024-08-07 00:00:00,30,M,south,65,39.8,2587.0,6,month-to-month,electronic_check,1,255.9,1,0,1,0
2903,2024-09-22 00:00:00,33,F,east,12,42.21,506.52,5,month-to-month,credit_card,3,378.8,1,1,1,0
2904,2024-03-26 00:00:00,57,M,east,28,108.87,3048.36,5,two_year,electronic_check,1,311.6,0,0,0,0
2905,2024-04-20 00:00:00,50,F,north,26,112.48,2924.48,3,one_year,credit_card,0,258.8,1,0,0,0
2906,2024-09-22 00:00:00,30,F,west,67,43.05,2884.35,4,one_year,electronic_check,1,177.5,0,1,1,0
2907,2024-04-01 00:00:00,64,F,south,52,95.87,4985.24,2,one_year,electronic_check,1,331.2,1,1,1,0
2908,2024-11-23 00:00:00,69,F,north,2,103.58,207.16,1,one_year,electronic_check,2,19.6,1,0,1,0
2909,2023-04-04 00:00:00,51,M,east,62,57.75,3580.5,5,two_year,bank_transfer,0,14.1,1,0,0,0
2910,2023-09-11 00:00:00,30,F,north,49,107.16,5250.84,3,month-to-month,bank_transfer,1,218.0,0,0,1,0
2911,2023-03-23 00:00:00,67,M,west,4,118.87,475.48,3,month-to-month,bank_transfer,3,274.2,1,1,0,1
2912,2023-03-08 00:00:00,30,F,west,57,116.78,6656.46,2,one_year,electronic_check,0,162.1,0,0,0,0
2913,2023-12-11 00:00:00,40,F,east,2,94.19,188.38,4,two_year,mailed_check,1,341.1,0,0,0,1
2914,2023-06-14 00:00:00,63,M,west,31,57.17,1772.27,4,two_year,mailed_check,1,464.6,0,0,0,0
2915,2023-10-25 00:00:00,45,M,south,11,42.7,469.7,5,two_year,mailed_check,3,64.0,1,1,0,0
2916,2023-11-16 00:00:00,30,M,south,0,119.29,0.0,6,one_year,mailed_check,0,237.2,0,1,0,1
2917,2024-03-29 00:00:00,22,F,east,40,47.62,1904.8,6,month-to-month,mailed_check,0,471.3,0,1,0,0
2918,2024-11-21 00:00:00,37,M,south,50,63.84,3192.0,2,month-to-month,mailed_check,1,477.5,1,1,0,0
2919,2024-09-12 00:00:00,53,M,west,35,46.41,1624.35,2,month-to-month,bank_transfer,1,245.3,1,1,0,0
2920,2023-10-04 00:00:00,55,F,south,25,69.61,1740.25,1,one_year,electronic_check,1,385.2,1,1,0,0
2921,2023-08-26 00:00:00,29,M,south,37,31.04,1148.48,4,month-to-month,credit_card,1,96.1,0,0,0,0
2922,2024-07-16 00:00:00,26,F,east,11,100.91,1110.01,5,month-to-month,credit_card,4,402.4,1,1,1,1
2923,2023-04-01 00:00:00,55,F,north,3,70.51,211.53,2,month-to-month,bank_transfer,4,487.8,1,0,0,1
2924,2024-01-30 00:00:00,26,M,east,11,61.95,681.45,6,two_year,credit_card,5,165.9,0,0,0,1
2925,2023-11-05 00:00:00,21,M,west,3,56.31,168.93,3,month-to-month,mailed_check,2,117.4,0,0,1,1
2926,2023-05-14 00:00:00,43,F,west,56,77.98,4366.88,5,one_year,credit_card,2,58.9,1,1,1,0
2927,2024-03-26 00:00:00,48,F,north,44,97.99,4311.56,2,month-to-month,mailed_check,2,223.6,0,0,0,0
2928,2023-08-23 00:00:00,30,M,north,13,110.26,1433.38,1,one_year,mailed_check,1,163.2,1,0,1,0
2929,2023-05-16 00:00:00,29,F,north,41,104.15,4270.15,4,one_year,credit_card,1,249.4,0,1,1,0
2930,2024-04-21 00:00:00,30,M,west,35,64.55,2259.25,4,month-to-month,credit_card,0,259.0,1,0,0,0
2931,2023-05-08 00:00:00,36,M,south,8,103.4,827.2,3,one_year,mailed_check,0,431.5,0,1,0,0
2932,2024-05-06 00:00:00,18,F,north,70,72.86,5100.2,3,one_year,credit_card,0,441.3,0,0,0,0
2933,2023-04-29 00:00:00,18,M,east,68,83.82,5699.76,4,month-to-month,bank_transfer,2,219.0,1,1,0,0
2934,2023-11-14 00:00:00,37,M,west,55,87.46,4810.3,4,two_year,mailed_check,1,379.4,0,0,0,0
2935,2024-08-12 00:00:00,19,F,north,59,59.97,3538.23,1,one_year,credit_card,2,279.2,0,1,1,0
2936,2023-06-16 00:00:00,34,M,north,39,68.61,2675.79,5,month-to-month,mailed_check,1,363.1,1,1,1,0
2937,2024-07-14 00:00:00,48,M,north,58,89.26,5177.08,2,month-to-month,credit_card,1,350.2,0,0,1,0
2938,2024-06-10 00:00:00,19,M,north,38,50.79,1930.02,5,month-to-month,credit_card,1,413.9,1,0,1,0
2939,2024-10-20 00:00:00,50,F,north,12,94.69,1136.28,3,month-to-month,electronic_check,1,81.7,0,0,1,0
2940,2023-05-04 00:00:00,50,F,north,12,55.41,664.92,2,month-to-month,credit_card,1,397.9,0,0,0,1
2941,2024-06-06 00:00:00,48,F,east,62,78.55,4870.1,2,one_year,electronic_check,0,112.4,1,1,1,0
2942,2024-11-14 00:00:00,51,M,north,32,103.76,3320.32,6,two_year,credit_card,1,343.9,0,1,0,0
2943,2024-07-11 00:00:00,60,F,east,53,22.32,1182.96,5,month-to-month,bank_transfer,2,479.9,1,0,1,0
2944,2023-05-18 00:00:00,21,F,south,10,44.03,440.3,2,one_year,bank_transfer,2,292.4,1,1,1,0
2945,2024-08-23 00:00:00,26,M,east,32,76.12,2435.84,4,one_year,credit_card,2,442.8,1,0,1,0
2946,2023-03-20 00:00:00,34,M,east,6,30.61,183.66,1,one_year,bank_transfer,4,405.4,1,0,1,1
2947,2024-03-05 00:00:00,54,F,east,16,40.56,648.96,6,two_year,electronic_check,4,350.6,0,0,1,1
2948,2023-12-30 00:00:00,64,M,west,7,94.91,664.37,5,month-to-month,bank_transfer,1,37.4,0,0,0,1
2949,2024-01-23 00:00:00,66,F,north,15,22.58,338.7,5,one_year,bank_transfer,1,12.1,1,1,1,0
2950,2024-01-15 00:00:00,48,F,east,44,81.0,3564.0,3,month-to-month,mailed_check,1,453.2,1,1,0,1
2951,2023-01-23 00:00:00,39,M,south,0,23.42,0.0,1,month-to-month,electronic_check,2,348.6,0,0,0,1
2952,2024-01-06 00:00:00,39,F,east,14,31.59,442.26,3,month-to-month,mailed_check,3,273.7,1,1,1,0
2953,2024-11-14 00:00:00,21,F,north,50,59.03,2951.5,4,month-to-month,credit_card,0,1.4,1,1,0,0
2954,2023-11-15 00:00:00,42,M,south,10,116.48,1164.8,2,month-to-month,bank_transfer,1,62.1,1,0,1,0
2955,2023-07-22 00:00:00,45,F,west,40,74.58,2983.2,3,month-to-month,credit_card,0,344.9,0,0,1,0
2956,2024-12-27 00:00:00,29,M,west,63,51.22,3226.86,1,month-to-month,mailed_check,1,117.3,1,1,0,0
2957,2023-03-14 00:00:00,58,F,south,56,61.13,3423.28,4,month-to-month,credit_card,1,178.3,0,0,1,0
2958,2023-12-21 00:00:00,61,M,north,8,76.88,615.04,2,month-to-month,bank_transfer,1,414.6,1,1,1,0
2959,2024-01-10 00:00:00,34,M,east,10,81.94,819.4,6,month-to-month,mailed_check,2,162.3,1,0,0,1
2960,2023-12-15 00:00:00,66,M,south,51,46.79,2386.29,5,one_year,mailed_check,2,258.8,1,1,0,0
2961,2024-11-03 00:00:00,23,M,south,25,39.73,993.25,4,one_year,credit_card,3,35.3,0,1,1,0
2962,2023-11-04 00:00:00,66,M,north,30,69.53,2085.9,2,two_year,credit_card,0,247.9,1,0,1,0
2963,2024-12-11 00:00:00,58,M,south,34,84.49,2872.66,5,two_year,mailed_check,1,358.3,0,1,0,0
2964,2023-02-18 00:00:00,29,F,north,42,101.66,4269.72,6,two_year,credit_card,2,114.5,0,1,1,0
2965,2024-06-19 00:00:00,52,M,north,32,79.28,2536.96,4,one_year,credit_card,4,289.8,1,1,1,0
2966,2024-03-08 00:00:00,34,M,east,1,89.24,89.24,5,month-to-month,electronic_check,0,293.9,1,1,0,1
2967,2023-06-25 00:00:00,60,M,west,6,68.4,410.4,6,month-to-month,mailed_check,2,407.8,1,0,0,1
2968,2023-06-16 00:00:00,26,F,north,0,76.67,0.0,6,two_year,bank_transfer,2,180.6,1,0,0,0
2969,2024-06-09 00:00:00,30,M,north,19,83.54,1587.26,1,two_year,electronic_check,2,447.2,0,1,0,0
2970,2024-04-10 00:00:00,34,F,north,59,43.63,2574.17,6,month-to-month,credit_card,0,235.1,0,1,1,0
2971,2024-03-22 00:00:00,28,F,east,70,113.41,7938.7,5,month-to-month,electronic_check,0,16.3,1,0,1,0
2972,2023-02-07 00:00:00,35,M,west,34,54.53,1854.02,5,month-to-month,mailed_check,1,38.5,1,1,0,0
2973,2024-03-12 00:00:00,49,F,south,1,80.47,80.47,2,month-to-month,mailed_check,2,455.5,1,1,0,1
2974,2024-12-17 00:00:00,51,M,north,5,76.1,380.5,3,month-to-month,bank_transfer,0,38.8,1,0,0,1
2975,2023-01-13 00:00:00,47,F,north,59,105.33,6214.47,6,month-to-month,electronic_check,2,396.9,0,1,0,0
2976,2023-12-09 00:00:00,28,M,east,25,31.36,784.0,6,month-to-month,mailed_check,1,493.2,1,1,0,0
2977,2023-12-27 00:00:00,28,F,south,64,108.42,6938.88,1,one_year,electronic_check,1,418.3,1,1,1,0
2978,2024-10-16 00:00:00,66,F,south,36,33.7,1213.2,3,two_year,electronic_check,0,202.8,0,1,0,0
2979,2023-07-26 00:00:00,31,M,north,64,34.45,2204.8,4,two_year,credit_card,0,116.4,0,0,0,1
2980,2023-12-14 00:00:00,23,M,west,9,106.23,956.07,1,month-to-month,electronic_check,1,80.5,0,0,0,0
2981,2024-06-07 00:00:00,42,M,south,62,45.71,2834.02,2,month-to-month,electronic_check,0,183.7,1,0,1,0
2982,2023-02-14 00:00:00,18,M,east,39,81.18,3166.02,4,one_year,electronic_check,4,245.2,0,1,1,0
2983,2024-08-07 00:00:00,36,F,east,31,66.36,2057.16,4,one_year,mailed_check,2,237.5,1,1,1,0
2984,2024-08-23 00:00:00,63,F,north,38,113.43,4310.34,1,two_year,electronic_check,0,309.4,1,0,1,0
2985,2024-06-09 00:00:00,32,F,north,23,98.21,2258.83,3,month-to-month,bank_transfer,0,395.9,1,0,1,0
2986,2024-04-18 00:00:00,55,F,west,44,53.5,2354.0,4,month-to-month,bank_transfer,1,83.1,1,0,1,0
2987,2024-06-29 00:00:00,43,F,west,56,101.34,5675.04,6,month-to-month,electronic_check,3,165.7,0,0,1,0
2988,2024-07-24 00:00:00,36,F,south,59,42.58,2512.22,6,month-to-month,electronic_check,1,371.4,0,0,0,0
2989,2024-10-21 00:00:00,53,M,north,71,81.56,5790.76,2,month-to-month,mailed_check,2,445.8,0,0,0,0
2990,2023-11-09 00:00:00,49,M,south,30,95.16,2854.8,5,month-to-month,credit_card,1,419.5,0,0,0,0
2991,2023-11-29 00:00:00,34,M,west,56,90.32,5057.92,4,month-to-month,electronic_check,2,484.5,0,0,1,0
2992,2024-04-10 00:00:00,29,M,east,64,85.67,5482.88,2,month-to-month,bank_transfer,2,398.9,0,0,1,0
2993,2023-05-21 00:00:00,66,M,north,1,103.0,103.0,4,one_year,credit_card,1,486.1,1,1,0,0
2994,2024-09-17 00:00:00,26,M,east,34,75.62,2571.08,1,month-to-month,electronic_check,0,467.8,0,0,1,0
2995,2024-07-16 00:00:00,68,M,north,51,112.83,5754.33,1,two_year,electronic_check,1,327.5,0,0,1,0
2996,2024-04-05 00:00:00,42,M,south,33,34.48,1137.84,3,one_year,bank_transfer,0,352.9,0,0,0,0
2997,2023-08-09 00:00:00,70,M,south,7,55.57,388.99,2,month-to-month,credit_card,0,154.3,1,0,1,0
2998,2023-09-11 00:00:00,36,M,south,47,98.3,4620.1,1,month-to-month,electronic_check,3,449.3,1,1,1,0
2999,2023-11-14 00:00:00,47,M,east,29,50.81,1473.49,1,month-to-month,bank_transfer,3,349.7,0,1,1,0
3000,2024-04-28 00:00:00,50,M,north,45,64.29,2893.05,4,month-to-month,bank_transfer,2,448.2,1,0,1,0
3001,2024-07-21 00:00:00,35,F,west,0,97.29,0.0,1,one_year,mailed_check,1,105.8,0,1,1,0
3002,2024-05-05 00:00:00,29,F,east,0,73.86,0.0,5,two_year,bank_transfer,0,184.4,0,0,0,0
3003,2024-11-09 00:00:00,45,M,south,44,38.76,1705.44,1,month-to-month,mailed_check,0,42.3,0,1,0,0
3004,2024-12-02 00:00:00,53,M,west,71,37.48,2661.08,4,month-to-month,credit_card,2,466.2,1,0,1,0
3005,2024-05-29 00:00:00,31,M,south,46,50.12,2305.52,1,two_year,mailed_check,1,405.4,0,0,0,0
3006,2023-09-28 00:00:00,58,M,south,68,50.3,3420.4,4,month-to-month,mailed_check,0,381.3,1,1,1,0
3007,2024-03-13 00:00:00,51,M,north,61,33.67,2053.87,1,month-to-month,bank_transfer,0,218.7,1,0,0,0
3008,2023-11-07 00:00:00,26,F,west,20,103.47,2069.4,3,month-to-month,electronic_check,1,5.4,0,0,1,1
3009,2024-04-04 00:00:00,67,M,west,7,48.26,337.82,4,month-to-month,mailed_check,1,484.9,1,0,0,0
3010,2024-08-15 00:00:00,20,M,north,40,100.22,4008.8,2,month-to-month,electronic_check,0,192.1,0,1,1,0
3011,2023-09-27 00:00:00,52,F,west,45,117.35,5280.75,1,two_year,bank_transfer,0,123.9,0,0,1,0
3012,2024-01-05 00:00:00,41,M,west,56,53.2,2979.2,4,one_year,mailed_check,2,427.0,1,0,0,0
3013,2023-02-03 00:00:00,52,M,south,38,117.02,4446.76,4,month-to-month,credit_card,1,102.9,0,0,1,0
3014,2024-06-21 00:00:00,59,M,west,67,39.12,2621.04,3,two_year,bank_transfer,0,85.7,1,1,1,0
3015,2023-12-24 00:00:00,54,F,east,61,84.75,5169.75,1,month-to-month,mailed_check,0,235.7,0,0,0,0
3016,2023-12-02 00:00:00,52,M,east,42,119.12,5003.04,2,month-to-month,bank_transfer,0,229.3,0,1,0,0
3017,2024-01-24 00:00:00,62,F,north,40,100.84,4033.6,2,two_year,electronic_check,5,442.6,1,1,1,0
3018,2023-06-07 00:00:00,55,F,north,1,42.97,42.97,4,one_year,mailed_check,0,498.1,1,1,0,0
3019,2024-03-12 00:00:00,61,M,east,57,45.73,2606.61,2,one_year,electronic_check,0,129.6,0,1,1,0
3020,2024-06-27 00:00:00,39,F,south,49,46.24,2265.76,3,month-to-month,electronic_check,0,100.3,1,1,0,0
3021,2023-09-13 00:00:00,28,M,west,65,114.3,7429.5,2,month-to-month,credit_card,0,234.0,1,0,1,0
3022,2023-04-06 00:00:00,30,M,north,6,44.54,267.24,2,two_year,credit_card,0,220.9,0,0,1,0
3023,2023-10-10 00:00:00,50,M,west,10,70.96,709.6,5,month-to-month,mailed_check,1,411.4,1,1,0,0
3024,2023-05-25 00:00:00,46,F,east,48,54.99,2639.52,3,two_year,electronic_check,1,48.4,1,0,1,0
3025,2023-09-30 00:00:00,22,M,west,35,56.13,1964.55,4,one_year,electronic_check,0,80.2,1,1,0,0
3026,2024-04-02 00:00:00,28,M,west,42,60.82,2554.44,2,month-to-month,electronic_check,0,102.2,0,0,0,1
3027,2023-03-24 00:00:00,69,F,west,31,54.5,1689.5,1,two_year,credit_card,4,41.3,0,1,0,0
3028,2024-06-29 00:00:00,56,M,south,46,79.99,3679.54,5,two_year,mailed_check,3,32.4,0,1,0,0
3029,2023-06-13 00:00:00,58,F,east,48,62.55,3002.4,5,two_year,credit_card,2,257.5,1,1,0,0
3030,2024-10-15 00:00:00,28,F,north,13,64.1,833.3,1,month-to-month,mailed_check,1,445.0,1,1,1,0
3031,2024-06-18 00:00:00,21,F,south,55,70.6,3883.0,6,one_year,bank_transfer,3,411.3,0,0,1,0
3032,2023-07-18 00:00:00,33,F,south,36,55.62,2002.32,6,month-to-month,bank_transfer,1,96.4,1,0,0,0
3033,2024-02-16 00:00:00,63,F,south,42,95.46,4009.32,6,month-to-month,electronic_check,1,72.0,1,0,0,1
3034,2023-03-22 00:00:00,44,M,east,45,70.35,3165.75,3,two_year,bank_transfer,2,306.0,1,1,0,0
3035,2023-03-14 00:00:00,59,F,north,54,70.92,3829.68,5,two_year,bank_transfer,0,164.7,1,1,1,0
3036,2024-11-28 00:00:00,43,F,east,21,40.98,860.58,1,month-to-month,electronic_check,0,252.8,0,1,1,0
3037,2024-08-08 00:00:00,43,F,south,0,23.08,0.0,4,one_year,electronic_check,2,358.4,0,0,0,1
3038,2023-04-23 00:00:00,49,F,north,13,100.93,1312.09,1,two_year,mailed_check,0,449.4,1,1,0,0
3039,2023-07-26 00:00:00,68,F,east,70,105.55,7388.5,6,one_year,credit_card,1,93.4,0,0,0,0
3040,2023-05-25 00:00:00,41,F,west,16,44.12,705.92,6,month-to-month,credit_card,1,34.9,0,1,0,0
3041,2023-10-16 00:00:00,49,M,east,18,56.0,1008.0,1,month-to-month,electronic_check,0,113.8,1,0,0,0
3042,2023-08-01 00:00:00,66,M,north,62,55.8,3459.6,4,month-to-month,bank_transfer,3,276.9,1,0,1,0
3043,2023-08-28 00:00:00,37,F,east,17,88.42,1503.14,4,two_year,bank_transfer,0,45.0,0,1,0,0
3044,2024-01-22 00:00:00,62,F,east,33,38.72,1277.76,5,month-to-month,credit_card,1,163.8,1,1,0,0
3045,2023-05-19 00:00:00,46,M,east,27,117.87,3182.49,3,month-to-month,electronic_check,2,152.7,1,1,0,0
3046,2024-10-06 00:00:00,64,M,south,48,26.19,1257.12,6,one_year,credit_card,0,54.9,1,0,0,0
3047,2024-06-15 00:00:00,42,F,north,43,117.38,5047.34,3,two_year,credit_card,1,489.9,1,0,0,0
3048,2024-07-09 00:00:00,51,M,north,37,26.88,994.56,2,two_year,bank_transfer,3,427.2,1,1,0,0
3049,2023-05-04 00:00:00,35,F,south,36,51.75,1863.0,5,two_year,electronic_check,1,296.4,1,1,1,0
3050,2024-05-31 00:00:00,51,F,east,60,45.07,2704.2,4,one_year,electronic_check,2,442.1,0,1,1,0
3051,2024-09-02 00:00:00,35,M,east,42,45.96,1930.32,1,two_year,mailed_check,1,142.7,0,1,1,0
3052,2023-05-08 00:00:00,50,M,east,37,119.47,4420.39,4,one_year,credit_card,4,422.3,1,0,0,0
3053,2024-07-02 00:00:00,59,F,south,64,65.84,4213.76,2,one_year,bank_transfer,0,339.3,1,0,1,0
3054,2023-09-19 00:00:00,41,M,south,6,31.95,191.7,6,month-to-month,credit_card,2,116.6,1,1,1,1
3055,2024-07-28 00:00:00,40,F,north,60,118.23,7093.8,6,month-to-month,mailed_check,2,337.1,0,0,0,0
3056,2023-12-16 00:00:00,35,M,west,14,44.27,619.78,3,month-to-month,credit_card,0,255.8,0,1,1,0
3057,2024-08-08 00:00:00,56,M,south,24,27.25,654.0,6,two_year,credit_card,0,248.7,1,0,1,0
3058,2023-04-18 00:00:00,49,M,east,0,22.42,0.0,6,month-to-month,electronic_check,0,464.8,0,1,1,0
3059,2023-10-12 00:00:00,45,F,south,41,66.32,2719.12,5,month-to-month,electronic_check,2,194.6,0,1,0,0
3060,2023-07-19 00:00:00,19,F,south,60,111.83,6709.8,4,two_year,bank_transfer,1,459.0,1,1,1,0
3061,2023-07-01 00:00:00,23,F,north,27,21.7,585.9,6,one_year,bank_transfer,2,414.2,1,0,1,0
3062,2023-08-14 00:00:00,18,M,west,48,92.52,4440.96,6,one_year,electronic_check,0,211.3,1,0,1,0
3063,2023-10-07 00:00:00,63,F,north,28,46.04,1289.12,3,one_year,bank_transfer,1,387.7,0,0,1,0
3064,2023-04-03 00:00:00,63,M,west,55,41.91,2305.05,1,month-to-month,electronic_check,1,57.4,0,0,0,0
3065,2024-05-31 00:00:00,21,F,north,72,90.38,6507.36,4,month-to-month,bank_transfer,1,250.6,1,1,0,0
3066,2024-02-06 00:00:00,20,F,north,52,94.79,4929.08,3,one_year,credit_card,3,31.3,0,0,0,0
3067,2024-08-28 00:00:00,59,M,west,24,75.9,1821.6,3,two_year,electronic_check,2,98.2,1,0,0,0
3068,2024-05-29 00:00:00,45,F,west,60,40.23,2413.8,2,month-to-month,electronic_check,0,178.7,0,0,1,0
3069,2023-04-19 00:00:00,34,M,west,2,20.63,41.26,5,month-to-month,bank_transfer,1,46.0,0,1,0,0
3070,2023-02-21 00:00:00,50,M,west,72,93.73,6748.56,6,month-to-month,bank_transfer,1,445.7,1,1,1,0
3071,2023-11-05 00:00:00,30,F,south,61,79.96,4877.56,4,month-to-month,electronic_check,4,437.8,1,0,0,0
3072,2023-12-18 00:00:00,28,F,north,47,62.25,2925.75,2,month-to-month,mailed_check,0,2.2,1,0,1,0
3073,2023-06-25 00:00:00,37,M,east,45,41.36,1861.2,1,month-to-month,mailed_check,1,49.9,1,0,1,0
3074,2024-07-25 00:00:00,65,F,east,18,96.19,1731.42,5,month-to-month,credit_card,2,469.9,1,0,0,1
3075,2024-02-29 00:00:00,58,M,east,31,27.09,839.79,1,one_year,bank_transfer,0,1.5,1,1,0,0
3076,2024-06-30 00:00:00,28,F,north,7,84.27,589.89,1,one_year,electronic_check,0,478.2,0,0,0,0
3077,2023-03-21 00:00:00,47,F,north,24,88.84,2132.16,2,month-to-month,electronic_check,1,286.4,0,1,0,0
3078,2024-08-18 00:00:00,64,M,east,43,42.33,1820.19,2,month-to-month,electronic_check,1,277.2,0,1,0,1
3079,2023-05-31 00:00:00,68,F,west,26,68.33,1776.58,3,month-to-month,electronic_check,2,17.5,0,1,0,0
3080,2023-11-24 00:00:00,58,F,west,56,72.02,4033.12,2,one_year,electronic_check,0,181.4,1,1,1,0
3081,2023-11-17 00:00:00,24,M,east,62,79.13,4906.06,2,month-to-month,credit_card,0,418.3,1,0,1,0
3082,2024-08-22 00:00:00,30,M,south,40,110.12,4404.8,5,two_year,credit_card,3,161.7,1,0,0,0
3083,2023-07-22 00:00:00,29,M,south,24,74.64,1791.36,5,month-to-month,electronic_check,1,452.7,0,0,0,0
3084,2023-06-25 00:00:00,25,F,east,22,26.73,588.06,2,one_year,credit_card,0,257.5,1,0,1,0
3085,2023-09-05 00:00:00,27,F,east,39,54.5,2125.5,3,month-to-month,bank_transfer,3,419.2,0,1,1,0
3086,2023-09-21 00:00:00,34,F,north,52,82.83,4307.16,5,one_year,bank_transfer,0,391.5,1,0,1,0
3087,2023-05-13 00:00:00,47,F,south,9,53.31,479.79,6,one_year,credit_card,2,231.8,0,0,0,1
3088,2023-05-09 00:00:00,39,F,east,32,96.79,3097.28,5,month-to-month,electronic_check,0,417.4,1,1,1,0
3089,2023-06-18 00:00:00,40,M,west,32,38.99,1247.68,4,month-to-month,bank_transfer,0,431.4,0,0,0,0
3090,2023-12-08 00:00:00,31,M,west,20,34.3,686.0,6,month-to-month,electronic_check,2,480.8,1,1,0,1
3091,2023-09-08 00:00:00,26,F,west,17,43.1,732.7,5,month-to-month,credit_card,1,37.8,1,0,0,0
3092,2023-10-14 00:00:00,70,M,north,61,107.61,6564.21,5,two_year,electronic_check,1,404.4,0,0,0,0
3093,2024-06-08 00:00:00,49,M,south,31,88.09,2730.79,1,one_year,bank_transfer,1,333.1,1,0,0,0
3094,2023-06-25 00:00:00,30,F,east,42,72.0,3024.0,4,one_year,electronic_check,0,350.2,0,0,1,0
3095,2024-10-26 00:00:00,60,F,west,2,50.03,100.06,2,month-to-month,mailed_check,0,463.5,1,1,1,0
3096,2024-07-02 00:00:00,62,F,south,20,111.86,2237.2,4,month-to-month,mailed_check,0,19.5,0,1,0,0
3097,2023-05-08 00:00:00,69,M,west,16,108.88,1742.08,4,one_year,bank_transfer,1,377.6,1,0,0,0
3098,2023-08-18 00:00:00,26,F,east,23,59.94,1378.62,1,month-to-month,electronic_check,0,187.6,0,0,0,0
3099,2023-05-14 00:00:00,51,M,east,61,95.27,5811.47,3,month-to-month,electronic_check,0,301.7,0,1,1,0
3100,2023-07-19 00:00:00,69,M,east,41,111.36,4565.76,4,month-to-month,electronic_check,0,117.9,0,1,0,0
3101,2023-09-24 00:00:00,60,F,west,65,51.34,3337.1,1,month-to-month,electronic_check,1,145.5,0,1,0,0
3102,2023-04-06 00:00:00,29,F,east,30,52.87,1586.1,6,two_year,electronic_check,1,308.2,0,1,0,0
3103,2023-01-11 00:00:00,65,F,east,56,74.58,4176.48,6,month-to-month,mailed_check,1,184.2,1,1,1,0
3104,2023-11-17 00:00:00,40,F,south,11,60.84,669.24,1,month-to-month,mailed_check,1,148.9,1,1,0,1
3105,2024-05-26 00:00:00,43,F,south,59,96.15,5672.85,1,month-to-month,credit_card,0,17.9,1,0,1,0
3106,2023-08-10 00:00:00,47,M,east,44,73.69,3242.36,1,month-to-month,mailed_check,1,76.5,1,1,0,0
3107,2024-09-20 00:00:00,58,M,west,2,41.19,82.38,3,month-to-month,electronic_check,0,304.3,1,1,1,1
3108,2023-09-27 00:00:00,24,F,east,50,55.64,2782.0,4,month-to-month,credit_card,0,203.0,1,1,1,0
3109,2024-10-19 00:00:00,46,F,west,34,87.12,2962.08,2,month-to-month,electronic_check,1,14.7,1,1,1,0
3110,2023-06-22 00:00:00,61,M,east,0,25.34,0.0,6,month-to-month,credit_card,0,175.3,1,1,1,0
3111,2024-01-29 00:00:00,47,M,south,61,54.22,3307.42,2,one_year,mailed_check,3,182.6,1,1,1,0
3112,2024-07-11 00:00:00,32,M,east,39,21.61,842.79,2,month-to-month,electronic_check,2,114.8,1,0,1,0
3113,2023-02-13 00:00:00,20,M,east,44,102.09,4491.96,4,one_year,credit_card,2,83.2,0,0,0,0
3114,2024-11-09 00:00:00,47,F,west,42,31.72,1332.24,6,month-to-month,mailed_check,1,4.8,0,1,1,0
3115,2023-09-24 00:00:00,55,M,south,6,27.72,166.32,2,month-to-month,credit_card,2,314.6,0,1,0,0
3116,2023-12-30 00:00:00,47,M,north,24,98.66,2367.84,3,two_year,mailed_check,1,383.9,1,1,1,0
3117,2024-04-03 00:00:00,69,F,north,51,28.95,1476.45,3,month-to-month,mailed_check,2,116.1,1,1,1,0
3118,2024-04-14 00:00:00,49,F,north,24,88.43,2122.32,3,month-to-month,mailed_check,2,162.6,0,1,0,0
3119,2023-01-18 00:00:00,44,M,east,64,57.99,3711.36,3,month-to-month,mailed_check,4,449.9,0,1,0,0
3120,2024-09-25 00:00:00,20,M,west,23,102.17,2349.91,6,month-to-month,bank_transfer,2,483.2,1,0,1,0
3121,2024-03-31 00:00:00,47,M,east,33,38.29,1263.57,1,one_year,electronic_check,2,283.3,1,0,0,0
3122,2024-12-30 00:00:00,26,M,north,32,28.44,910.08,3,one_year,mailed_check,1,199.6,1,1,0,0
3123,2023-12-11 00:00:00,56,M,south,1,42.84,42.84,2,month-to-month,electronic_check,2,493.2,1,1,1,0
3124,2024-03-23 00:00:00,26,M,west,59,113.21,6679.39,4,month-to-month,mailed_check,3,29.1,1,0,1,1
3125,2023-11-18 00:00:00,66,M,north,9,102.91,926.19,5,month-to-month,electronic_check,1,147.7,1,0,0,1
3126,2024-10-11 00:00:00,34,M,east,34,48.58,1651.72,6,month-to-month,mailed_check,0,262.7,1,0,1,0
3127,2024-08-30 00:00:00,41,M,south,66,40.61,2680.26,3,two_year,mailed_check,1,123.3,1,1,1,0
3128,2024-10-25 00:00:00,25,F,west,72,35.68,2568.96,2,one_year,bank_transfer,2,461.6,1,1,0,0
3129,2024-01-04 00:00:00,29,M,east,16,42.12,673.92,6,month-to-month,credit_card,1,262.9,0,1,1,0
3130,2024-07-31 00:00:00,66,M,east,27,40.5,1093.5,1,month-to-month,electronic_check,1,445.1,0,1,1,0
3131,2023-09-19 00:00:00,33,F,east,41,108.82,4461.62,1,one_year,mailed_check,0,165.3,0,1,1,0
3132,2023-12-03 00:00:00,45,M,west,51,22.0,1122.0,6,month-to-month,mailed_check,2,82.7,1,0,1,0
3133,2024-07-08 00:00:00,70,M,east,18,108.01,1944.18,6,two_year,bank_transfer,0,458.0,0,0,1,0
3134,2023-03-01 00:00:00,51,F,east,40,24.14,965.6,4,two_year,mailed_check,3,239.2,0,0,0,0
3135,2024-06-02 00:00:00,20,F,west,60,102.68,6160.8,2,month-to-month,electronic_check,1,396.5,0,1,0,0
3136,2023-01-12 00:00:00,36,M,east,55,62.57,3441.35,6,two_year,bank_transfer,2,157.7,0,0,0,0
3137,2024-02-28 00:00:00,38,F,east,60,27.72,1663.2,6,month-to-month,electronic_check,1,54.7,1,0,0,0
3138,2023-12-15 00:00:00,32,F,south,64,99.9,6393.6,6,month-to-month,electronic_check,2,316.8,0,1,0,0
3139,2023-12-09 00:00:00,30,M,south,62,45.64,2829.68,5,two_year,credit_card,1,131.6,0,0,0,0
3140,2023-12-27 00:00:00,44,M,north,37,107.8,3988.6,4,one_year,credit_card,2,458.4,1,0,1,0
3141,2023-12-26 00:00:00,37,M,east,71,95.23,6761.33,3,month-to-month,bank_transfer,1,147.0,1,1,1,0
3142,2023-10-25 00:00:00,33,F,south,36,118.18,4254.48,3,two_year,electronic_check,2,143.2,0,1,1,0
3143,2023-11-26 00:00:00,39,M,west,51,103.19,5262.69,4,month-to-month,mailed_check,1,377.0,0,1,1,0
3144,2024-02-19 00:00:00,36,M,west,68,44.1,2998.8,3,one_year,mailed_check,3,188.7,1,1,1,0
3145,2024-07-11 00:00:00,30,M,west,3,60.92,182.76,6,two_year,bank_transfer,1,71.5,0,0,1,0
3146,2024-02-08 00:00:00,41,F,south,68,89.66,6096.88,1,two_year,credit_card,0,119.6,1,1,1,0
3147,2024-04-14 00:00:00,67,M,east,59,51.61,3044.99,1,month-to-month,mailed_check,1,331.6,0,1,1,0
3148,2024-09-02 00:00:00,44,M,west,72,74.65,5374.8,3,month-to-month,mailed_check,2,61.8,1,0,1,0
3149,2024-12-23 00:00:00,49,M,east,56,43.76,2450.56,2,two_year,electronic_check,1,348.2,1,1,1,0
3150,2023-03-21 00:00:00,70,F,east,11,86.3,949.3,5,month-to-month,bank_transfer,0,474.0,1,1,1,0
3151,2024-06-04 00:00:00,50,M,south,22,54.21,1192.62,6,two_year,mailed_check,0,68.3,0,0,1,0
3152,2023-06-14 00:00:00,29,F,south,0,25.52,0.0,6,month-to-month,bank_transfer,2,139.1,1,0,0,0
3153,2023-05-24 00:00:00,39,M,east,44,116.78,5138.32,3,month-to-month,bank_transfer,2,170.3,0,0,0,0
3154,2024-08-01 00:00:00,43,M,west,31,104.39,3236.09,6,month-to-month,electronic_check,1,293.5,0,1,0,0
3155,2023-02-20 00:00:00,43,M,north,34,50.37,1712.58,1,month-to-month,credit_card,1,323.8,0,0,1,0
3156,2024-09-10 00:00:00,25,M,north,53,32.96,1746.88,6,month-to-month,credit_card,0,482.1,1,1,1,0
3157,2024-07-16 00:00:00,23,M,north,59,93.52,5517.68,2,month-to-month,bank_transfer,1,491.8,0,1,1,0
3158,2024-12-27 00:00:00,36,F,east,5,42.07,210.35,1,two_year,electronic_check,2,160.0,1,1,1,0
3159,2024-05-02 00:00:00,66,M,south,66,80.55,5316.3,5,month-to-month,electronic_check,1,103.4,0,0,0,0
3160,2024-09-29 00:00:00,56,F,south,27,97.91,2643.57,4,one_year,electronic_check,0,124.7,0,1,0,0
3161,2023-03-28 00:00:00,62,M,west,54,47.24,2550.96,3,month-to-month,mailed_check,1,305.2,0,0,1,0
3162,2024-10-11 00:00:00,27,F,north,42,48.46,2035.32,2,one_year,electronic_check,1,134.2,1,1,0,0
3163,2023-04-28 00:00:00,39,M,north,32,26.16,837.12,3,month-to-month,credit_card,4,407.7,0,0,0,0
3164,2023-08-18 00:00:00,48,F,north,15,51.98,779.7,4,two_year,mailed_check,0,231.4,1,1,1,0
3165,2023-04-04 00:00:00,41,M,south,13,79.75,1036.75,1,month-to-month,mailed_check,2,5.5,0,1,1,0
3166,2023-10-21 00:00:00,40,F,east,53,35.58,1885.74,6,month-to-month,credit_card,2,393.3,0,1,1,0
3167,2024-06-30 00:00:00,37,F,north,23,115.31,2652.13,5,month-to-month,bank_transfer,2,211.3,0,1,0,0
3168,2023-07-15 00:00:00,20,F,north,16,92.24,1475.84,6,month-to-month,mailed_check,1,496.4,1,0,1,0
3169,2024-08-23 00:00:00,63,F,north,0,40.39,0.0,1,month-to-month,credit_card,4,381.2,1,1,1,1
3170,2024-03-18 00:00:00,67,M,west,61,73.06,4456.66,6,one_year,mailed_check,0,279.9,0,1,0,1
3171,2024-04-04 00:00:00,22,M,north,28,59.14,1655.92,6,month-to-month,bank_transfer,3,60.8,0,1,1,0
3172,2024-11-16 00:00:00,39,M,east,25,58.24,1456.0,3,one_year,mailed_check,0,260.6,1,1,1,0
3173,2023-11-12 00:00:00,45,F,east,27,76.0,2052.0,4,month-to-month,bank_transfer,1,306.9,0,0,1,0
3174,2023-09-09 00:00:00,59,M,north,43,30.82,1325.26,4,one_year,bank_transfer,2,427.5,1,1,0,0
3175,2024-12-27 00:00:00,70,M,east,35,41.53,1453.55,5,month-to-month,bank_transfer,1,405.7,1,1,1,1
3176,2024-02-11 00:00:00,40,F,south,39,34.97,1363.83,2,one_year,electronic_check,1,468.0,1,1,0,0
3177,2024-03-24 00:00:00,57,M,east,20,37.4,748.0,6,two_year,credit_card,0,354.7,1,0,0,0
3178,2023-08-05 00:00:00,67,F,north,21,85.52,1795.92,4,month-to-month,mailed_check,0,239.8,1,1,0,0
3179,2023-06-07 00:00:00,62,M,east,62,119.62,7416.44,1,month-to-month,credit_card,1,205.7,0,0,0,0
3180,2023-05-04 00:00:00,33,F,west,32,85.11,2723.52,2,one_year,electronic_check,1,238.3,1,0,1,0
3181,2023-06-13 00:00:00,61,F,north,71,118.47,8411.37,1,month-to-month,mailed_check,0,151.2,0,0,0,0
3182,2023-05-23 00:00:00,39,F,east,61,77.7,4739.7,5,month-to-month,credit_card,2,70.3,1,0,0,0
3183,2024-06-29 00:00:00,18,M,east,51,48.33,2464.83,3,month-to-month,bank_transfer,0,128.1,1,0,0,0
3184,2023-02-12 00:00:00,58,M,north,40,107.23,4289.2,3,month-to-month,electronic_check,1,346.5,0,0,1,1
3185,2024-04-04 00:00:00,62,M,east,61,26.72,1629.92,3,two_year,bank_transfer,2,39.6,1,0,1,0
3186,2024-11-23 00:00:00,36,M,east,4,30.24,120.96,5,month-to-month,electronic_check,0,195.6,1,1,1,0
3187,2024-07-12 00:00:00,41,F,south,36,114.76,4131.36,6,month-to-month,mailed_check,2,88.1,1,1,0,0
3188,2023-10-22 00:00:00,37,M,south,52,85.02,4421.04,6,month-to-month,electronic_check,0,344.3,0,1,0,0
3189,2023-02-13 00:00:00,24,M,east,7,112.9,790.3,6,month-to-month,electronic_check,2,167.4,0,1,1,1
3190,2024-08-31 00:00:00,70,M,east,13,33.29,432.77,2,one_year,electronic_check,2,262.0,1,0,1,0
3191,2023-01-03 00:00:00,19,F,west,4,96.83,387.32,4,one_year,bank_transfer,1,418.0,1,0,1,0
3192,2024-05-12 00:00:00,47,M,north,35,43.48,1521.8,4,two_year,bank_transfer,0,264.1,0,1,1,0
3193,2024-05-04 00:00:00,18,M,west,39,54.34,2119.26,2,month-to-month,electronic_check,5,149.3,1,1,1,0
3194,2023-05-21 00:00:00,54,M,north,34,109.9,3736.6,6,month-to-month,bank_transfer,2,298.4,0,1,1,0
3195,2024-06-24 00:00:00,65,M,east,4,61.13,244.52,6,month-to-month,mailed_check,1,487.4,1,0,1,1
3196,2023-05-09 00:00:00,52,F,south,35,87.05,3046.75,6,one_year,credit_card,3,284.4,0,0,0,0
3197,2023-06-14 00:00:00,50,M,north,64,108.73,6958.72,6,one_year,credit_card,1,172.4,1,0,0,0
3198,2024-08-15 00:00:00,61,F,east,2,107.09,214.18,1,one_year,credit_card,0,385.1,0,0,1,0
3199,2024-12-15 00:00:00,69,F,east,56,20.89,1169.84,1,two_year,credit_card,0,309.7,1,1,0,0
3200,2023-07-13 00:00:00,63,F,east,19,35.82,680.58,5,month-to-month,bank_transfer,1,483.6,1,0,1,0
3201,2024-11-03 00:00:00,30,F,south,5,111.86,559.3,5,two_year,electronic_check,1,78.8,0,1,1,0
3202,2024-10-28 00:00:00,47,F,south,3,76.24,228.72,3,two_year,credit_card,4,494.0,0,1,1,1
3203,2024-07-15 00:00:00,61,M,east,0,68.02,0.0,1,month-to-month,bank_transfer,1,349.2,0,1,1,1
3204,2023-04-13 00:00:00,33,M,north,30,26.53,795.9,2,month-to-month,electronic_check,1,306.9,1,1,0,0
3205,2023-08-07 00:00:00,53,F,west,36,22.51,810.36,1,one_year,electronic_check,1,380.4,0,0,1,0
3206,2024-05-09 00:00:00,19,F,east,45,115.34,5190.3,1,month-to-month,mailed_check,0,75.5,0,0,1,0
3207,2024-12-30 00:00:00,64,M,west,5,67.39,336.95,2,month-to-month,electronic_check,1,128.1,1,1,0,0
3208,2024-08-17 00:00:00,50,M,north,47,98.64,4636.08,4,month-to-month,credit_card,0,59.4,0,1,0,0
3209,2023-11-03 00:00:00,57,M,east,54,42.0,2268.0,4,one_year,electronic_check,1,246.2,1,1,0,0
3210,2023-06-21 00:00:00,61,M,east,4,43.71,174.84,3,two_year,electronic_check,2,256.5,0,0,1,1
3211,2024-12-02 00:00:00,29,M,west,49,76.03,3725.47,4,two_year,electronic_check,0,451.1,0,1,0,0
3212,2023-07-21 00:00:00,41,M,south,8,107.6,860.8,5,two_year,mailed_check,3,221.2,1,1,0,0
3213,2023-09-07 00:00:00,63,M,west,32,48.86,1563.52,1,month-to-month,bank_transfer,0,359.6,1,1,1,0
3214,2024-12-05 00:00:00,26,F,north,48,52.88,2538.24,2,one_year,bank_transfer,1,202.0,0,0,0,0
3215,2024-02-15 00:00:00,61,F,west,63,75.06,4728.78,2,month-to-month,electronic_check,1,398.9,0,1,1,0
3216,2023-07-13 00:00:00,33,F,east,38,24.0,912.0,1,month-to-month,credit_card,4,58.3,1,0,0,0
3217,2023-01-04 00:00:00,48,F,west,31,57.88,1794.28,1,two_year,mailed_check,0,51.9,1,1,1,0
3218,2023-11-10 00:00:00,45,M,north,60,75.63,4537.8,5,two_year,electronic_check,1,161.1,0,1,0,0
3219,2024-12-20 00:00:00,54,M,south,15,20.48,307.2,6,one_year,electronic_check,3,497.8,1,1,1,0
3220,2023-11-12 00:00:00,62,F,east,14,83.8,1173.2,1,month-to-month,mailed_check,0,267.0,0,0,0,1
3221,2024-05-25 00:00:00,36,F,east,34,25.1,853.4,5,month-to-month,mailed_check,2,325.7,1,0,0,0
3222,2023-07-04 00:00:00,27,F,north,8,92.0,736.0,2,one_year,bank_transfer,0,49.1,1,1,0,0
3223,2024-07-20 00:00:00,40,F,east,1,100.17,100.17,1,month-to-month,electronic_check,1,194.9,0,0,0,1
3224,2024-07-20 00:00:00,50,F,south,26,103.88,2700.88,2,month-to-month,credit_card,1,465.5,0,0,1,0
3225,2024-03-20 00:00:00,57,F,north,11,87.34,960.74,6,two_year,electronic_check,3,284.9,0,0,0,1
3226,2024-07-17 00:00:00,57,F,east,46,76.16,3503.36,3,month-to-month,electronic_check,1,28.6,1,0,1,0
3227,2024-02-27 00:00:00,36,F,east,40,50.76,2030.4,5,month-to-month,bank_transfer,0,425.1,1,1,0,0
3228,2023-10-04 00:00:00,67,M,north,35,62.46,2186.1,3,month-to-month,bank_transfer,1,53.2,0,1,0,0
3229,2024-06-22 00:00:00,22,M,west,36,28.71,1033.56,3,month-to-month,credit_card,3,309.3,0,1,0,0
3230,2024-09-01 00:00:00,24,M,east,7,90.71,634.97,5,month-to-month,mailed_check,1,75.9,1,1,0,1
3231,2024-09-05 00:00:00,19,F,south,29,22.47,651.63,6,month-to-month,electronic_check,2,436.1,0,0,1,0
3232,2023-06-05 00:00:00,67,F,west,5,61.34,306.7,4,month-to-month,credit_card,0,486.6,0,1,0,0
3233,2024-05-08 00:00:00,27,M,west,25,70.62,1765.5,6,month-to-month,mailed_check,0,129.4,0,1,1,0
3234,2023-01-04 00:00:00,49,M,west,49,85.01,4165.49,1,month-to-month,bank_transfer,1,423.9,1,1,1,0
3235,2024-02-22 00:00:00,61,F,west,72,54.32,3911.04,6,two_year,electronic_check,0,453.1,0,0,1,0
3236,2024-02-21 00:00:00,58,M,north,21,64.28,1349.88,2,month-to-month,electronic_check,1,379.7,0,1,0,0
3237,2023-09-23 00:00:00,68,F,north,19,78.74,1496.06,2,one_year,credit_card,0,388.2,1,0,0,0
3238,2024-12-26 00:00:00,20,M,north,48,112.32,5391.36,6,one_year,credit_card,2,350.7,1,0,0,0
3239,2024-10-06 00:00:00,39,M,west,67,87.2,5842.4,3,month-to-month,credit_card,1,34.9,0,1,0,0
3240,2023-01-29 00:00:00,44,M,south,21,45.44,954.24,2,month-to-month,credit_card,2,177.8,0,1,1,1
3241,2023-06-02 00:00:00,54,M,south,61,104.73,6388.53,1,two_year,mailed_check,0,153.6,0,0,1,0
3242,2023-06-01 00:00:00,50,M,west,22,25.51,561.22,2,month-to-month,bank_transfer,3,104.4,1,1,0,0
3243,2024-10-17 00:00:00,47,M,north,46,47.23,2172.58,5,one_year,electronic_check,0,230.0,0,0,1,0
3244,2024-01-14 00:00:00,34,M,south,15,30.82,462.3,1,one_year,bank_transfer,1,130.3,1,0,1,0
3245,2024-06-16 00:00:00,23,M,south,19,64.7,1229.3,6,two_year,bank_transfer,0,262.9,1,0,1,0
3246,2024-08-14 00:00:00,40,F,south,71,83.69,5941.99,5,month-to-month,bank_transfer,0,240.3,0,1,0,0
3247,2024-07-14 00:00:00,31,M,east,28,73.1,2046.8,2,month-to-month,mailed_check,1,4.0,1,0,0,0
3248,2023-03-07 00:00:00,47,M,east,1,101.13,101.13,5,month-to-month,electronic_check,1,65.6,1,1,1,1
3249,2023-04-13 00:00:00,60,M,south,56,76.75,4298.0,4,one_year,credit_card,1,293.5,1,0,0,0
3250,2023-10-16 00:00:00,47,F,north,9,43.27,389.43,3,month-to-month,credit_card,3,489.6,0,1,0,1
3251,2023-09-05 00:00:00,48,F,east,8,73.64,589.12,4,two_year,mailed_check,2,288.0,0,0,0,0
3252,2024-06-29 00:00:00,20,F,east,61,93.55,5706.55,1,two_year,electronic_check,3,465.0,0,0,1,0
3253,2023-04-25 00:00:00,52,F,east,25,70.3,1757.5,6,month-to-month,credit_card,1,496.0,0,1,0,0
3254,2023-09-29 00:00:00,41,M,south,10,64.2,642.0,5,month-to-month,bank_transfer,1,342.2,1,1,0,1
3255,2023-06-22 00:00:00,24,F,west,71,72.91,5176.61,2,two_year,bank_transfer,1,294.8,0,1,1,0
3256,2023-05-18 00:00:00,29,M,east,20,74.81,1496.2,1,month-to-month,credit_card,2,289.8,1,0,1,0
3257,2023-05-07 00:00:00,59,F,west,46,51.06,2348.76,3,month-to-month,bank_transfer,1,100.7,0,0,1,0
3258,2023-05-23 00:00:00,66,M,east,19,105.42,2002.98,3,month-to-month,bank_transfer,3,83.1,0,0,0,1
3259,2024-02-16 00:00:00,44,M,south,42,40.77,1712.34,5,month-to-month,bank_transfer,3,149.2,1,1,0,0
3260,2023-10-27 00:00:00,69,F,south,50,23.28,1164.0,6,month-to-month,mailed_check,1,165.3,1,1,0,0
3261,2023-11-14 00:00:00,27,F,east,55,94.15,5178.25,1,one_year,electronic_check,0,138.8,1,1,0,0
3262,2023-12-16 00:00:00,33,F,east,30,104.23,3126.9,2,one_year,electronic_check,1,96.2,0,0,1,0
3263,2024-06-24 00:00:00,67,M,east,44,84.27,3707.88,4,month-to-month,bank_transfer,0,376.9,0,0,1,0
3264,2024-09-21 00:00:00,27,M,east,61,66.89,4080.29,3,month-to-month,electronic_check,2,186.5,1,1,1,0
3265,2024-01-20 00:00:00,52,M,south,61,117.52,7168.72,6,month-to-month,credit_card,0,290.9,1,0,0,0
3266,2024-04-13 00:00:00,29,M,north,54,57.08,3082.32,4,one_year,mailed_check,0,198.9,1,0,0,0
3267,2024-06-23 00:00:00,35,M,south,29,60.59,1757.11,2,month-to-month,bank_transfer,0,219.7,1,0,0,0
3268,2024-05-18 00:00:00,43,M,west,38,79.11,3006.18,5,two_year,electronic_check,3,213.0,0,1,0,0
3269,2023-04-09 00:00:00,37,F,east,70,63.04,4412.8,3,two_year,mailed_check,1,287.8,0,0,0,0
3270,2024-12-18 00:00:00,64,M,west,18,75.53,1359.54,3,one_year,mailed_check,2,115.8,1,0,0,0
3271,2023-05-01 00:00:00,69,F,east,50,116.66,5833.0,5,month-to-month,bank_transfer,0,491.6,1,0,0,0
3272,2023-10-28 00:00:00,44,F,west,57,43.75,2493.75,3,one_year,electronic_check,1,300.5,0,0,0,0
3273,2024-04-21 00:00:00,45,F,north,35,34.86,1220.1,5,month-to-month,mailed_check,1,347.4,0,1,1,1
3274,2023-10-22 00:00:00,20,M,east,63,62.36,3928.68,3,one_year,credit_card,2,172.9,1,1,1,0
3275,2023-06-27 00:00:00,30,M,north,31,70.4,2182.4,4,two_year,bank_transfer,0,430.2,0,1,0,0
3276,2024-11-05 00:00:00,20,M,north,61,91.32,5570.52,3,two_year,bank_transfer,0,183.5,0,0,1,0
3277,2023-02-22 00:00:00,63,F,north,47,115.52,5429.44,4,one_year,bank_transfer,1,416.8,0,1,0,0
3278,2023-06-29 00:00:00,30,M,south,3,88.87,266.61,3,one_year,bank_transfer,4,113.4,0,1,1,0
3279,2024-12-25 00:00:00,36,M,north,60,118.72,7123.2,1,month-to-month,mailed_check,2,418.1,1,1,1,0
3280,2024-06-16 00:00:00,62,F,south,50,44.63,2231.5,2,month-to-month,mailed_check,0,475.5,0,1,0,0
3281,2023-03-05 00:00:00,55,F,north,16,40.89,654.24,3,one_year,electronic_check,1,101.5,1,0,1,0
3282,2024-07-04 00:00:00,50,F,north,51,50.65,2583.15,2,two_year,electronic_check,0,16.7,0,0,0,0
3283,2024-12-08 00:00:00,20,M,south,37,98.71,3652.27,3,two_year,mailed_check,2,411.8,1,0,1,0
3284,2023-03-13 00:00:00,47,F,south,68,38.65,2628.2,3,two_year,credit_card,0,291.8,0,0,1,0
3285,2023-10-30 00:00:00,47,M,south,22,39.62,871.64,2,month-to-month,bank_transfer,1,122.3,0,0,1,0
3286,2023-12-08 00:00:00,34,M,south,19,61.17,1162.23,3,one_year,mailed_check,2,267.8,1,0,0,0
3287,2023-04-06 00:00:00,57,F,south,4,51.75,207.0,2,one_year,credit_card,0,492.0,1,0,1,0
3288,2023-05-27 00:00:00,67,F,north,57,84.65,4825.05,4,month-to-month,mailed_check,0,470.9,1,1,0,0
3289,2023-05-07 00:00:00,31,M,south,71,109.02,7740.42,3,month-to-month,electronic_check,1,153.7,1,0,0,0
3290,2023-05-16 00:00:00,35,M,west,50,33.87,1693.5,4,one_year,electronic_check,3,344.4,0,0,0,0
3291,2023-10-22 00:00:00,35,M,north,26,74.68,1941.68,3,month-to-month,credit_card,0,255.3,0,1,1,0
3292,2023-12-05 00:00:00,62,F,north,64,28.84,1845.76,6,one_year,bank_transfer,1,143.3,0,1,1,0
3293,2023-06-23 00:00:00,22,F,west,18,42.15,758.7,3,two_year,bank_transfer,3,71.5,1,0,0,0
3294,2023-07-31 00:00:00,65,M,east,50,50.91,2545.5,4,one_year,bank_transfer,0,63.5,0,0,1,0
3295,2023-05-21 00:00:00,59,M,south,43,77.91,3350.13,3,month-to-month,bank_transfer,0,12.1,1,0,0,0
3296,2024-08-04 00:00:00,43,F,west,62,75.49,4680.38,5,month-to-month,mailed_check,1,319.3,1,0,0,0
3297,2023-06-04 00:00:00,48,F,south,70,84.31,5901.7,4,one_year,bank_transfer,0,135.4,1,0,1,0
3298,2024-10-24 00:00:00,65,M,east,26,101.89,2649.14,1,one_year,electronic_check,1,292.7,1,0,0,0
3299,2024-01-29 00:00:00,58,F,east,6,38.72,232.32,5,month-to-month,electronic_check,1,378.1,1,0,0,1
3300,2024-08-08 00:00:00,32,F,north,11,94.34,1037.74,5,month-to-month,mailed_check,1,2.4,1,1,0,0
3301,2024-04-09 00:00:00,20,M,west,53,86.7,4595.1,3,two_year,electronic_check,1,221.7,0,0,1,0
3302,2023-07-14 00:00:00,52,F,east,26,27.97,727.22,4,month-to-month,credit_card,1,135.9,0,0,0,0
3303,2024-03-14 00:00:00,25,F,north,10,54.47,544.7,1,one_year,electronic_check,1,306.8,0,0,1,0
3304,2023-07-20 00:00:00,22,F,west,59,22.77,1343.43,6,two_year,mailed_check,1,71.7,1,1,0,0
3305,2023-03-28 00:00:00,70,F,east,47,29.02,1363.94,5,one_year,mailed_check,3,285.2,0,0,0,0
3306,2023-07-05 00:00:00,43,F,west,9,48.38,435.42,6,two_year,bank_transfer,2,293.0,0,1,1,0
3307,2023-07-21 00:00:00,52,M,west,52,44.31,2304.12,4,one_year,electronic_check,1,319.7,0,1,1,0
3308,2023-04-09 00:00:00,29,M,south,46,110.02,5060.92,2,month-to-month,credit_card,3,50.6,1,1,1,0
3309,2023-01-18 00:00:00,23,F,west,71,109.38,7765.98,2,month-to-month,mailed_check,3,489.6,0,0,0,1
3310,2024-11-19 00:00:00,21,M,north,72,77.79,5600.88,6,month-to-month,electronic_check,2,218.2,1,0,1,0
3311,2024-01-10 00:00:00,36,M,south,71,93.5,6638.5,1,month-to-month,electronic_check,2,229.4,0,0,1,0
3312,2023-10-21 00:00:00,18,M,east,65,119.96,7797.4,5,one_year,credit_card,4,359.0,0,1,0,0
3313,2024-11-09 00:00:00,40,F,east,57,61.02,3478.14,1,month-to-month,mailed_check,1,462.2,0,1,1,0
3314,2023-06-14 00:00:00,35,F,north,48,72.24,3467.52,5,month-to-month,mailed_check,2,342.1,1,0,0,0
3315,2023-10-22 00:00:00,45,F,north,39,85.11,3319.29,4,two_year,electronic_check,3,333.4,1,0,0,0
3316,2024-09-10 00:00:00,49,F,west,57,112.06,6387.42,3,month-to-month,mailed_check,0,347.3,1,0,1,0
3317,2024-04-06 00:00:00,34,M,west,70,99.7,6979.0,5,month-to-month,electronic_check,0,339.4,1,0,1,0
3318,2023-10-19 00:00:00,42,M,east,8,26.44,211.52,3,one_year,electronic_check,0,270.2,0,1,1,0
3319,2023-07-06 00:00:00,22,F,east,9,91.3,821.7,4,month-to-month,bank_transfer,3,257.6,1,0,0,1
3320,2023-01-26 00:00:00,33,M,west,36,45.19,1626.84,5,month-to-month,credit_card,2,238.1,0,1,0,0
3321,2023-03-04 00:00:00,69,F,north,21,45.49,955.29,3,month-to-month,mailed_check,2,381.3,1,1,0,1
3322,2023-04-29 00:00:00,70,F,west,38,74.72,2839.36,1,one_year,electronic_check,2,233.7,0,0,1,0
3323,2024-07-28 00:00:00,43,M,north,22,89.63,1971.86,6,one_year,mailed_check,0,68.8,0,0,1,0
3324,2024-04-11 00:00:00,67,F,east,57,35.92,2047.44,4,one_year,credit_card,0,244.3,0,1,1,0
3325,2023-11-13 00:00:00,44,M,south,65,51.45,3344.25,3,month-to-month,bank_transfer,1,318.3,0,0,1,0
3326,2024-07-25 00:00:00,24,M,west,20,91.61,1832.2,1,one_year,electronic_check,2,282.5,0,1,1,0
3327,2023-04-28 00:00:00,63,M,north,56,35.2,1971.2,1,month-to-month,bank_transfer,3,308.8,0,1,0,0
3328,2023-06-03 00:00:00,40,M,east,7,104.97,734.79,2,one_year,mailed_check,1,190.9,0,0,0,0
3329,2023-10-14 00:00:00,50,M,north,58,65.6,3804.8,6,month-to-month,electronic_check,3,87.4,0,1,0,0
3330,2024-10-31 00:00:00,52,F,north,50,78.6,3930.0,5,month-to-month,credit_card,3,360.4,0,0,0,0
3331,2024-03-24 00:00:00,34,M,south,51,28.04,1430.04,3,month-to-month,electronic_check,0,18.8,1,0,0,0
3332,2024-09-13 00:00:00,56,F,west,35,115.45,4040.75,5,month-to-month,mailed_check,2,127.4,1,1,1,0
3333,2023-07-01 00:00:00,44,F,south,7,110.75,775.25,3,month-to-month,bank_transfer,0,466.2,1,0,0,0
3334,2024-09-11 00:00:00,37,M,east,61,39.01,2379.61,6,month-to-month,bank_transfer,2,184.1,1,1,0,0
3335,2023-02-22 00:00:00,33,M,east,8,86.31,690.48,2,two_year,electronic_check,3,167.0,0,1,1,0
3336,2023-06-16 00:00:00,57,F,west,35,99.31,3475.85,5,one_year,bank_transfer,1,62.4,0,0,0,0
3337,2024-01-17 00:00:00,31,F,south,12,32.2,386.4,3,one_year,bank_transfer,1,125.4,1,0,0,0
3338,2023-02-06 00:00:00,24,F,north,61,77.75,4742.75,5,month-to-month,credit_card,0,169.8,1,0,1,0
3339,2024-09-18 00:00:00,64,M,west,41,105.05,4307.05,2,month-to-month,electronic_check,2,139.8,1,0,1,0
3340,2024-09-25 00:00:00,35,F,south,37,70.67,2614.79,6,two_year,electronic_check,1,124.5,0,1,1,0
3341,2024-01-31 00:00:00,51,F,north,23,112.38,2584.74,2,month-to-month,credit_card,0,465.1,0,1,0,0
3342,2023-08-12 00:00:00,55,F,west,57,24.78,1412.46,4,two_year,bank_transfer,0,280.3,0,0,1,0
3343,2023-03-14 00:00:00,62,M,west,15,111.92,1678.8,5,one_year,mailed_check,1,24.7,1,0,0,0
3344,2024-03-27 00:00:00,51,F,north,52,117.72,6121.44,4,month-to-month,bank_transfer,0,465.6,1,1,1,0
3345,2024-01-28 00:00:00,55,M,west,70,35.59,2491.3,4,one_year,electronic_check,0,404.5,0,1,0,0
3346,2024-07-08 00:00:00,62,F,east,19,63.1,1198.9,6,one_year,credit_card,1,50.2,0,0,0,1
3347,2024-03-15 00:00:00,67,F,south,50,82.08,4104.0,6,two_year,bank_transfer,2,117.6,1,0,0,0
3348,2023-04-04 00:00:00,20,F,east,22,109.32,2405.04,5,month-to-month,credit_card,0,96.2,0,0,1,0
3349,2023-03-30 00:00:00,57,M,north,67,35.95,2408.65,2,month-to-month,mailed_check,1,345.2,1,1,0,0
3350,2024-07-24 00:00:00,27,F,north,65,53.4,3471.0,5,one_year,credit_card,0,300.7,0,0,1,0
3351,2023-04-27 00:00:00,65,M,north,22,99.79,2195.38,4,month-to-month,electronic_check,1,383.1,1,1,1,1
3352,2024-11-16 00:00:00,20,M,north,16,61.0,976.0,4,month-to-month,electronic_check,3,253.8,1,0,1,0
3353,2023-03-19 00:00:00,31,F,east,6,80.49,482.94,6,one_year,mailed_check,2,151.1,1,0,0,1
3354,2024-06-15 00:00:00,28,F,west,50,76.0,3800.0,4,month-to-month,credit_card,1,121.3,0,0,1,0
3355,2024-12-12 00:00:00,49,M,south,67,117.32,7860.44,6,two_year,bank_transfer,1,331.9,1,0,0,0
3356,2023-11-19 00:00:00,18,F,north,10,34.15,341.5,4,two_year,mailed_check,0,186.9,0,0,1,0
3357,2023-02-11 00:00:00,18,M,south,59,114.84,6775.56,1,month-to-month,electronic_check,3,200.3,0,1,0,0
3358,2024-10-01 00:00:00,44,F,east,55,76.42,4203.1,5,month-to-month,bank_transfer,0,105.2,0,1,1,0
3359,2023-05-17 00:00:00,69,F,west,34,110.42,3754.28,3,month-to-month,bank_transfer,0,393.3,0,1,0,1
3360,2024-01-21 00:00:00,46,F,east,16,31.79,508.64,4,month-to-month,mailed_check,2,304.5,1,0,1,0
3361,2024-12-19 00:00:00,41,F,south,47,84.15,3955.05,2,month-to-month,bank_transfer,1,110.6,1,0,0,0
3362,2024-06-27 00:00:00,52,F,east,43,104.01,4472.43,2,two_year,electronic_check,1,208.5,1,1,0,0
3363,2023-02-03 00:00:00,47,M,north,59,98.69,5822.71,5,month-to-month,mailed_check,1,352.8,1,0,0,0
3364,2024-08-21 00:00:00,38,F,south,41,20.99,860.59,2,month-to-month,electronic_check,0,345.6,0,1,0,0
3365,2023-04-28 00:00:00,49,M,east,3,65.22,195.66,1,month-to-month,electronic_check,1,225.1,0,1,1,0
3366,2024-07-01 00:00:00,18,M,north,14,31.53,441.42,3,month-to-month,electronic_check,2,327.4,1,0,1,0
3367,2024-03-29 00:00:00,30,F,north,27,35.28,952.56,5,two_year,credit_card,1,311.1,1,0,0,0
3368,2023-07-30 00:00:00,53,M,west,35,90.63,3172.05,2,two_year,electronic_check,0,42.7,1,1,0,0
3369,2023-11-06 00:00:00,36,M,north,25,115.66,2891.5,3,month-to-month,electronic_check,1,291.6,1,1,0,0
3370,2023-03-28 00:00:00,20,F,north,64,83.41,5338.24,3,month-to-month,mailed_check,0,24.6,0,0,0,0
3371,2024-12-21 00:00:00,24,M,east,20,30.24,604.8,6,two_year,mailed_check,1,399.5,1,1,1,0
3372,2023-06-23 00:00:00,63,M,south,49,44.4,2175.6,1,one_year,credit_card,2,413.5,1,0,1,0
3373,2023-08-14 00:00:00,35,M,west,26,57.89,1505.14,6,month-to-month,bank_transfer,2,26.2,1,1,0,0
3374,2024-01-03 00:00:00,19,M,west,72,32.54,2342.88,1,month-to-month,bank_transfer,0,165.5,0,0,1,0
3375,2024-05-05 00:00:00,56,F,west,66,104.8,6916.8,4,month-to-month,electronic_check,0,391.2,0,1,0,0
3376,2024-01-04 00:00:00,46,F,south,57,39.45,2248.65,6,month-to-month,electronic_check,2,331.6,0,1,0,0
3377,2024-01-04 00:00:00,41,F,west,55,32.96,1812.8,6,month-to-month,electronic_check,0,193.0,1,0,1,0
3378,2024-03-01 00:00:00,65,M,south,46,92.57,4258.22,4,one_year,bank_transfer,3,130.7,0,0,1,1
3379,2024-09-18 00:00:00,34,F,north,42,32.68,1372.56,3,month-to-month,electronic_check,1,147.6,1,1,1,0
3380,2023-10-16 00:00:00,48,M,west,41,61.03,2502.23,5,one_year,credit_card,1,61.0,1,0,1,0
3381,2024-08-30 00:00:00,57,F,east,1,71.55,71.55,6,one_year,credit_card,1,498.9,1,0,1,0
3382,2024-07-28 00:00:00,50,F,north,68,28.02,1905.36,1,one_year,bank_transfer,1,338.5,0,1,1,0
3383,2024-12-02 00:00:00,29,M,west,71,75.58,5366.18,2,one_year,mailed_check,1,274.7,1,1,1,0
3384,2024-10-28 00:00:00,54,F,north,38,68.02,2584.76,2,month-to-month,bank_transfer,0,492.5,1,1,0,0
3385,2024-08-05 00:00:00,57,F,east,63,86.84,5470.92,6,one_year,electronic_check,5,185.4,0,1,1,0
3386,2023-06-30 00:00:00,24,M,south,29,41.91,1215.39,1,two_year,credit_card,0,435.3,0,0,1,0
3387,2024-07-19 00:00:00,26,F,north,8,55.66,445.28,1,month-to-month,mailed_check,2,445.6,1,1,0,1
3388,2024-06-21 00:00:00,53,F,west,60,85.97,5158.2,1,two_year,bank_transfer,0,60.6,0,1,0,0
3389,2023-07-31 00:00:00,24,M,east,37,23.56,871.72,6,two_year,electronic_check,1,495.5,1,0,0,0
3390,2024-05-09 00:00:00,64,M,west,68,31.58,2147.44,1,one_year,bank_transfer,1,374.7,1,1,1,0
3391,2023-07-04 00:00:00,23,F,east,15,48.36,725.4,2,month-to-month,electronic_check,1,172.3,0,1,0,0
3392,2024-01-17 00:00:00,69,F,west,34,30.64,1041.76,4,one_year,electronic_check,1,201.6,1,0,1,0
3393,2024-08-04 00:00:00,53,F,west,48,23.95,1149.6,3,month-to-month,mailed_check,0,35.5,1,1,1,0
3394,2023-05-18 00:00:00,41,F,west,10,118.74,1187.4,1,month-to-month,electronic_check,3,392.1,0,0,0,0
3395,2023-09-03 00:00:00,32,F,east,72,65.58,4721.76,3,month-to-month,electronic_check,0,152.4,0,0,0,0
3396,2024-08-03 00:00:00,36,M,north,44,73.37,3228.28,5,one_year,credit_card,1,171.0,1,1,0,0
3397,2023-11-28 00:00:00,57,M,south,12,45.49,545.88,2,one_year,electronic_check,0,258.4,1,1,0,0
3398,2024-12-02 00:00:00,57,M,east,54,20.77,1121.58,4,month-to-month,bank_transfer,0,252.9,1,1,0,0
3399,2023-01-06 00:00:00,29,F,north,64,95.07,6084.48,3,month-to-month,electronic_check,0,103.3,0,1,1,0
3400,2024-06-10 00:00:00,46,F,north,27,92.38,2494.26,2,month-to-month,bank_transfer,1,5.7,1,0,0,0
3401,2024-08-17 00:00:00,70,F,south,44,117.25,5159.0,1,month-to-month,credit_card,0,356.8,0,0,1,0
3402,2024-11-01 00:00:00,31,M,west,54,22.11,1193.94,6,month-to-month,mailed_check,0,218.7,1,0,1,0
3403,2023-04-25 00:00:00,54,M,south,10,33.7,337.0,6,month-to-month,credit_card,1,359.3,0,1,0,1
3404,2024-12-19 00:00:00,27,F,west,38,91.21,3465.98,4,month-to-month,bank_transfer,0,193.9,1,0,1,0
3405,2023-10-14 00:00:00,62,M,west,40,53.01,2120.4,5,month-to-month,bank_transfer,1,186.0,1,0,1,0
3406,2023-09-14 00:00:00,27,M,south,21,26.38,553.98,3,one_year,electronic_check,1,453.3,0,1,1,0
3407,2023-09-17 00:00:00,33,F,north,21,50.1,1052.1,6,month-to-month,credit_card,2,134.3,0,0,0,0
3408,2024-04-10 00:00:00,42,F,west,45,28.77,1294.65,4,one_year,credit_card,1,191.4,0,0,1,0
3409,2024-04-26 00:00:00,37,F,west,54,103.76,5603.04,5,month-to-month,electronic_check,1,176.9,1,1,1,0
3410,2023-12-12 00:00:00,27,M,east,28,107.69,3015.32,5,month-to-month,electronic_check,0,97.5,0,1,0,0
3411,2023-02-21 00:00:00,51,M,west,10,83.69,836.9,6,month-to-month,mailed_check,1,101.3,1,0,1,0
3412,2024-12-21 00:00:00,19,M,north,57,58.56,3337.92,4,month-to-month,electronic_check,0,473.1,0,0,1,0
3413,2023-06-12 00:00:00,70,M,south,12,96.88,1162.56,6,month-to-month,electronic_check,1,48.0,0,0,0,0
3414,2023-03-10 00:00:00,20,M,east,0,83.16,0.0,6,one_year,credit_card,0,355.4,1,0,0,0
3415,2024-03-12 00:00:00,35,M,north,23,99.2,2281.6,5,month-to-month,credit_card,2,56.9,0,1,1,1
3416,2023-10-29 00:00:00,67,F,west,59,71.09,4194.31,3,month-to-month,mailed_check,1,78.9,0,1,0,0
3417,2024-03-25 00:00:00,26,M,east,55,115.83,6370.65,1,month-to-month,electronic_check,2,366.3,1,0,1,0
3418,2024-10-01 00:00:00,21,M,south,22,49.0,1078.0,3,month-to-month,bank_transfer,1,314.8,0,1,1,0
3419,2023-03-13 00:00:00,57,M,north,37,80.42,2975.54,5,one_year,credit_card,1,176.8,1,0,0,0
3420,2023-07-27 00:00:00,21,F,north,70,100.81,7056.7,6,month-to-month,bank_transfer,2,122.5,1,0,0,0
3421,2024-01-13 00:00:00,65,M,east,52,109.39,5688.28,5,month-to-month,credit_card,2,209.0,0,0,1,0
3422,2024-07-29 00:00:00,41,M,west,55,114.67,6306.85,4,one_year,bank_transfer,3,436.4,0,1,1,0
3423,2024-03-14 00:00:00,64,M,north,6,59.5,357.0,4,month-to-month,mailed_check,2,362.8,0,1,0,1
3424,2023-10-07 00:00:00,30,M,south,17,89.93,1528.81,6,month-to-month,electronic_check,0,448.8,0,0,1,0
3425,2024-03-21 00:00:00,25,F,east,7,49.02,343.14,2,one_year,credit_card,1,143.9,1,1,0,0
3426,2024-12-16 00:00:00,69,M,south,71,84.94,6030.74,5,month-to-month,bank_transfer,1,232.7,0,1,1,0
3427,2023-12-17 00:00:00,58,M,east,24,38.42,922.08,4,two_year,bank_transfer,0,333.7,1,0,1,0
3428,2024-10-06 00:00:00,66,F,east,36,62.15,2237.4,4,one_year,bank_transfer,1,435.4,1,0,0,0
3429,2024-07-23 00:00:00,34,M,west,40,112.02,4480.8,3,month-to-month,electronic_check,1,304.6,0,0,0,0
3430,2023-08-08 00:00:00,39,F,east,38,101.09,3841.42,4,month-to-month,electronic_check,1,24.4,0,1,0,0
3431,2023-07-02 00:00:00,48,M,east,3,69.65,208.95,6,month-to-month,credit_card,3,223.0,1,0,1,1
3432,2024-07-16 00:00:00,41,F,south,66,34.68,2288.88,3,one_year,mailed_check,0,430.2,0,1,0,0
3433,2023-06-01 00:00:00,30,M,north,27,59.86,1616.22,1,month-to-month,electronic_check,1,394.3,0,0,1,0
3434,2023-09-03 00:00:00,37,M,north,67,33.87,2269.29,1,one_year,bank_transfer,1,478.1,0,0,1,0
3435,2023-06-21 00:00:00,50,M,north,55,26.85,1476.75,2,month-to-month,electronic_check,3,373.8,0,1,0,1
3436,2024-03-18 00:00:00,20,F,west,50,110.65,5532.5,3,one_year,bank_transfer,2,80.7,1,1,1,0
3437,2023-08-03 00:00:00,35,M,north,51,69.14,3526.14,1,two_year,bank_transfer,0,100.8,1,0,0,0
3438,2024-04-25 00:00:00,33,F,south,71,28.94,2054.74,2,month-to-month,bank_transfer,0,172.8,1,0,1,0
3439,2024-11-13 00:00:00,21,F,east,22,91.67,2016.74,5,month-to-month,credit_card,1,57.6,1,1,1,0
3440,2024-08-28 00:00:00,24,M,east,24,27.42,658.08,5,month-to-month,electronic_check,1,346.7,0,1,0,1
3441,2024-11-23 00:00:00,44,M,north,48,59.62,2861.76,5,one_year,credit_card,1,179.2,1,0,1,0
3442,2023-01-18 00:00:00,23,M,west,16,43.03,688.48,5,month-to-month,bank_transfer,0,98.1,1,1,0,0
3443,2023-11-29 00:00:00,36,F,south,58,36.46,2114.68,1,one_year,credit_card,2,117.9,0,1,0,0
3444,2023-06-10 00:00:00,47,F,north,2,73.35,146.7,6,one_year,credit_card,0,470.4,0,0,0,0
3445,2024-11-01 00:00:00,64,F,north,65,91.97,5978.05,2,two_year,electronic_check,0,384.8,1,1,1,0
3446,2024-06-03 00:00:00,23,M,west,25,68.72,1718.0,1,one_year,mailed_check,0,160.6,0,1,1,0
3447,2023-08-22 00:00:00,41,F,west,0,102.08,0.0,5,one_year,electronic_check,1,391.2,1,1,0,0
3448,2024-02-16 00:00:00,23,M,west,43,111.74,4804.82,3,month-to-month,bank_transfer,3,460.1,0,1,1,0
3449,2024-03-17 00:00:00,40,M,south,20,100.72,2014.4,3,month-to-month,electronic_check,1,384.7,0,1,1,0
3450,2023-12-28 00:00:00,43,M,west,22,115.65,2544.3,3,one_year,electronic_check,3,195.0,0,1,0,0
3451,2023-12-13 00:00:00,60,M,south,35,112.9,3951.5,4,one_year,credit_card,2,88.8,0,1,1,0
3452,2023-02-10 00:00:00,41,F,north,42,103.25,4336.5,4,two_year,credit_card,0,394.0,0,0,0,0
3453,2023-11-27 00:00:00,67,F,west,9,49.26,443.34,1,month-to-month,bank_transfer,0,27.7,0,0,0,0
3454,2023-09-12 00:00:00,25,M,south,3,37.43,112.29,1,month-to-month,mailed_check,0,143.7,1,0,1,0
3455,2024-08-20 00:00:00,20,M,east,33,92.7,3059.1,6,month-to-month,credit_card,0,38.9,1,1,1,0
3456,2024-09-23 00:00:00,18,F,east,25,104.55,2613.75,3,month-to-month,credit_card,0,123.3,0,0,1,1
3457,2024-07-01 00:00:00,36,F,north,42,102.31,4297.02,6,month-to-month,electronic_check,0,157.4,1,1,0,0
3458,2023-01-23 00:00:00,28,M,west,54,84.36,4555.44,4,month-to-month,electronic_check,0,182.2,1,1,0,0
3459,2024-09-06 00:00:00,22,M,north,44,102.99,4531.56,5,month-to-month,credit_card,3,71.3,0,0,1,0
3460,2023-10-17 00:00:00,30,F,west,7,90.72,635.04,2,month-to-month,electronic_check,0,306.7,1,0,1,0
3461,2023-10-31 00:00:00,69,F,south,72,86.54,6230.88,6,month-to-month,bank_transfer,2,481.2,1,1,1,0
3462,2024-11-20 00:00:00,60,F,south,52,24.66,1282.32,4,two_year,mailed_check,0,57.7,1,0,0,0
3463,2024-09-25 00:00:00,18,M,south,3,66.05,198.15,5,two_year,mailed_check,4,355.5,1,0,1,0
3464,2023-02-07 00:00:00,66,F,east,55,23.38,1285.9,2,month-to-month,electronic_check,1,90.3,1,0,0,0
3465,2023-09-20 00:00:00,28,M,north,64,29.24,1871.36,4,one_year,bank_transfer,0,321.5,1,1,0,0
3466,2024-07-01 00:00:00,39,F,north,41,74.1,3038.1,3,month-to-month,bank_transfer,0,82.1,0,1,1,0
3467,2024-01-29 00:00:00,35,M,east,60,24.75,1485.0,6,two_year,credit_card,1,443.9,1,0,1,0
3468,2023-07-08 00:00:00,39,M,east,64,111.32,7124.48,6,one_year,mailed_check,0,11.8,1,1,1,0
3469,2024-01-19 00:00:00,58,M,west,70,65.03,4552.1,3,month-to-month,credit_card,3,108.9,1,1,0,0
3470,2024-09-24 00:00:00,55,M,west,69,90.0,6210.0,1,month-to-month,electronic_check,3,327.5,1,0,0,0
3471,2023-06-13 00:00:00,49,M,west,14,34.78,486.92,2,two_year,electronic_check,2,337.1,1,1,0,0
3472,2024-06-28 00:00:00,51,F,west,2,104.76,209.52,2,two_year,credit_card,1,228.8,0,1,1,0
3473,2024-06-20 00:00:00,56,F,west,47,67.81,3187.07,1,month-to-month,electronic_check,1,122.6,1,0,0,0
3474,2024-10-08 00:00:00,27,F,south,49,75.88,3718.12,6,one_year,electronic_check,0,311.0,0,0,0,0
3475,2023-08-06 00:00:00,38,M,west,41,84.85,3478.85,3,month-to-month,electronic_check,1,495.8,0,0,1,0
3476,2023-06-07 00:00:00,23,M,west,17,73.99,1257.83,1,one_year,bank_transfer,3,319.8,1,1,0,0
3477,2024-02-04 00:00:00,55,M,east,69,76.32,5266.08,4,month-to-month,bank_transfer,2,89.1,1,1,1,0
3478,2024-01-23 00:00:00,41,M,north,29,94.45,2739.05,3,month-to-month,credit_card,1,458.2,0,1,1,0
3479,2023-10-26 00:00:00,51,M,north,54,100.65,5435.1,2,month-to-month,electronic_check,2,357.1,0,0,1,0
3480,2024-07-22 00:00:00,47,F,south,45,50.62,2277.9,3,one_year,electronic_check,2,299.8,1,0,1,0
3481,2024-08-06 00:00:00,32,F,east,65,112.2,7293.0,4,month-to-month,electronic_check,2,88.5,1,0,0,0
3482,2023-06-29 00:00:00,25,M,east,51,55.39,2824.89,4,two_year,credit_card,1,148.5,1,0,0,0
3483,2024-08-03 00:00:00,69,F,west,46,47.23,2172.58,2,two_year,bank_transfer,2,238.8,0,0,1,0
3484,2023-06-18 00:00:00,33,F,east,61,51.14,3119.54,4,month-to-month,electronic_check,1,297.8,0,1,1,0
3485,2023-10-25 00:00:00,23,M,east,3,55.85,167.55,5,two_year,electronic_check,1,175.8,1,1,0,0
3486,2023-01-20 00:00:00,34,F,west,51,51.69,2636.19,4,one_year,electronic_check,3,324.0,0,1,0,0
3487,2023-09-06 00:00:00,65,M,west,42,104.38,4383.96,6,one_year,bank_transfer,1,82.4,1,0,0,0
3488,2024-11-30 00:00:00,31,M,east,56,76.12,4262.72,6,month-to-month,mailed_check,0,410.1,1,0,1,0
3489,2023-11-20 00:00:00,70,F,east,16,116.76,1868.16,3,month-to-month,bank_transfer,1,85.7,1,0,0,1
3490,2024-06-02 00:00:00,42,F,north,43,28.4,1221.2,3,two_year,mailed_check,1,478.0,1,1,1,0
3491,2023-03-20 00:00:00,63,M,east,20,81.4,1628.0,3,one_year,electronic_check,2,362.3,1,0,1,0
3492,2024-04-08 00:00:00,52,M,north,8,29.6,236.8,3,one_year,bank_transfer,3,385.1,0,1,0,0
3493,2023-09-29 00:00:00,20,F,south,41,65.89,2701.49,2,month-to-month,bank_transfer,3,164.2,0,1,0,0
3494,2024-06-27 00:00:00,44,M,east,1,58.27,58.27,6,month-to-month,electronic_check,2,155.7,0,1,0,1
3495,2024-11-08 00:00:00,40,F,north,6,88.08,528.48,4,month-to-month,bank_transfer,0,407.2,0,0,0,0
3496,2024-01-24 00:00:00,28,F,east,38,94.54,3592.52,1,one_year,credit_card,1,417.1,0,0,1,0
3497,2023-03-17 00:00:00,47,M,south,65,43.81,2847.65,6,two_year,bank_transfer,2,292.7,1,1,1,0
3498,2023-12-14 00:00:00,23,F,east,52,39.37,2047.24,6,month-to-month,bank_transfer,1,192.4,1,1,0,0
3499,2023-03-31 00:00:00,55,F,south,1,61.95,61.95,4,month-to-month,bank_transfer,2,279.7,0,0,0,0
3500,2023-11-25 00:00:00,61,F,south,7,44.2,309.4,6,month-to-month,electronic_check,2,352.0,0,1,0,1
3501,2023-02-14 00:00:00,22,M,south,31,87.66,2717.46,6,month-to-month,electronic_check,2,394.3,0,1,1,0
3502,2024-04-12 00:00:00,43,M,north,31,71.77,2224.87,6,month-to-month,mailed_check,0,225.3,0,0,0,0
3503,2023-08-15 00:00:00,52,M,north,2,102.7,205.4,6,month-to-month,electronic_check,1,397.0,1,0,0,1
3504,2023-05-28 00:00:00,21,F,west,18,118.13,2126.34,1,one_year,bank_transfer,0,321.3,0,1,0,1
3505,2023-01-13 00:00:00,38,F,north,9,57.81,520.29,1,month-to-month,bank_transfer,0,421.9,1,1,0,1
3506,2024-10-10 00:00:00,31,F,south,41,111.2,4559.2,4,two_year,electronic_check,1,401.0,0,1,1,0
3507,2024-09-03 00:00:00,20,F,north,48,97.72,4690.56,5,two_year,credit_card,1,206.1,0,1,1,0
3508,2024-08-15 00:00:00,60,M,east,28,34.91,977.48,6,month-to-month,credit_card,1,384.5,0,0,0,0
3509,2023-02-12 00:00:00,41,M,east,41,103.59,4247.19,4,one_year,electronic_check,1,302.5,0,1,0,0
3510,2023-09-13 00:00:00,57,F,south,14,68.15,954.1,2,month-to-month,mailed_check,0,331.7,0,1,0,0
3511,2024-12-10 00:00:00,49,F,west,62,90.92,5637.04,6,month-to-month,electronic_check,0,113.8,0,0,1,0
3512,2024-02-27 00:00:00,64,F,south,0,90.26,0.0,4,month-to-month,credit_card,1,386.8,0,0,1,1
3513,2023-04-04 00:00:00,70,M,east,36,108.6,3909.6,5,month-to-month,bank_transfer,3,57.8,1,1,0,1
3514,2023-04-13 00:00:00,49,M,south,23,96.12,2210.76,2,one_year,bank_transfer,2,97.4,0,0,0,0
3515,2023-07-12 00:00:00,36,F,east,32,102.46,3278.72,5,one_year,credit_card,2,175.3,0,0,0,0
3516,2024-12-10 00:00:00,40,M,north,37,52.09,1927.33,1,one_year,bank_transfer,1,380.6,0,1,0,0
3517,2023-05-04 00:00:00,61,M,south,47,117.31,5513.57,6,one_year,credit_card,0,207.7,0,0,1,0
3518,2024-10-21 00:00:00,40,F,east,67,86.16,5772.72,6,one_year,electronic_check,0,309.1,1,0,1,0
3519,2024-05-09 00:00:00,45,F,west,40,97.37,3894.8,5,one_year,electronic_check,1,458.8,0,0,1,0
3520,2024-11-03 00:00:00,28,F,south,16,105.89,1694.24,6,two_year,mailed_check,1,356.1,0,1,1,0
3521,2024-08-25 00:00:00,70,F,south,38,32.38,1230.44,6,one_year,credit_card,0,415.9,0,0,1,0
3522,2023-08-31 00:00:00,52,F,south,37,53.64,1984.68,1,month-to-month,electronic_check,0,66.7,1,0,1,0
3523,2024-08-27 00:00:00,35,M,south,63,103.59,6526.17,2,month-to-month,mailed_check,0,30.4,1,1,0,0
3524,2023-05-04 00:00:00,49,M,west,41,112.2,4600.2,1,month-to-month,credit_card,0,121.0,1,1,1,0
3525,2023-08-01 00:00:00,39,F,east,63,95.61,6023.43,2,month-to-month,electronic_check,1,448.6,1,0,0,0
3526,2023-06-04 00:00:00,26,M,south,47,68.23,3206.81,4,two_year,bank_transfer,5,365.0,1,1,0,0
3527,2023-04-08 00:00:00,64,F,south,41,45.11,1849.51,1,two_year,electronic_check,0,190.4,0,1,0,0
3528,2023-03-07 00:00:00,64,F,east,23,72.5,1667.5,1,two_year,electronic_check,1,455.3,0,1,1,0
3529,2023-05-17 00:00:00,62,M,east,18,59.73,1075.14,4,month-to-month,electronic_check,3,327.7,0,1,1,0
3530,2023-03-29 00:00:00,37,M,south,7,108.56,759.92,4,month-to-month,credit_card,2,400.0,1,1,0,1
3531,2023-10-05 00:00:00,31,F,west,40,76.73,3069.2,3,month-to-month,electronic_check,2,43.9,0,0,1,0
3532,2023-02-22 00:00:00,20,M,south,67,59.21,3967.07,5,two_year,mailed_check,1,415.8,0,1,1,0
3533,2023-02-14 00:00:00,56,M,south,0,69.85,0.0,4,one_year,bank_transfer,2,244.9,1,0,1,0
3534,2024-12-23 00:00:00,35,F,north,69,113.36,7821.84,3,one_year,mailed_check,0,42.4,0,1,1,0
3535,2023-03-06 00:00:00,65,M,south,62,81.33,5042.46,1,two_year,mailed_check,1,19.4,1,1,1,0
3536,2023-02-24 00:00:00,64,M,west,31,42.9,1329.9,5,month-to-month,mailed_check,1,283.2,0,1,1,0
3537,2023-01-22 00:00:00,24,F,west,22,70.01,1540.22,4,month-to-month,credit_card,3,293.5,0,0,1,0
3538,2023-04-07 00:00:00,66,F,south,42,66.57,2795.94,1,one_year,credit_card,3,90.6,0,1,1,0
3539,2024-01-21 00:00:00,25,M,north,62,51.04,3164.48,2,month-to-month,electronic_check,0,153.4,1,1,0,0
3540,2024-08-26 00:00:00,43,F,east,2,93.63,187.26,2,month-to-month,bank_transfer,0,197.2,0,0,1,1
3541,2024-06-20 00:00:00,43,F,east,32,46.83,1498.56,2,month-to-month,mailed_check,1,5.4,0,1,0,0
3542,2024-02-28 00:00:00,68,M,west,3,69.25,207.75,5,one_year,mailed_check,0,485.1,1,0,0,0
3543,2023-03-04 00:00:00,52,M,east,47,64.1,3012.7,6,two_year,mailed_check,2,414.8,1,1,0,0
3544,2024-07-19 00:00:00,64,F,north,5,66.69,333.45,1,month-to-month,credit_card,2,125.1,1,1,0,1
3545,2023-01-28 00:00:00,49,M,west,23,76.68,1763.64,2,month-to-month,bank_transfer,2,422.2,0,0,0,0
3546,2024-04-05 00:00:00,61,F,east,53,88.33,4681.49,2,two_year,bank_transfer,0,304.7,1,0,1,0
3547,2023-10-26 00:00:00,63,F,west,54,34.3,1852.2,6,month-to-month,electronic_check,3,89.4,0,1,1,0
3548,2024-10-05 00:00:00,63,M,north,16,48.83,781.28,4,one_year,bank_transfer,0,394.9,1,1,1,0
3549,2023-08-13 00:00:00,39,F,south,37,97.28,3599.36,6,two_year,mailed_check,0,48.1,0,0,0,0
3550,2024-04-11 00:00:00,38,F,south,13,110.77,1440.01,2,month-to-month,mailed_check,0,211.9,0,1,0,0
3551,2023-11-18 00:00:00,70,F,south,43,24.47,1052.21,1,month-to-month,credit_card,1,377.2,0,1,0,0
3552,2024-01-17 00:00:00,58,M,west,0,27.34,0.0,3,month-to-month,credit_card,0,448.7,1,1,0,0
3553,2024-11-16 00:00:00,66,F,north,59,113.38,6689.42,5,month-to-month,credit_card,1,143.6,0,1,0,0
3554,2024-06-04 00:00:00,48,M,north,1,34.79,34.79,6,month-to-month,bank_transfer,0,301.7,0,1,1,0
3555,2023-10-30 00:00:00,67,F,north,44,117.93,5188.92,3,month-to-month,bank_transfer,1,421.0,0,0,1,0
3556,2023-11-23 00:00:00,56,F,west,29,102.82,2981.78,2,month-to-month,electronic_check,1,432.8,1,1,1,0
3557,2024-05-29 00:00:00,57,M,north,16,32.07,513.12,1,one_year,credit_card,0,1.7,0,0,1,0
3558,2023-09-10 00:00:00,27,M,east,39,30.25,1179.75,3,month-to-month,mailed_check,1,47.3,1,0,0,0
3559,2023-05-03 00:00:00,48,F,north,10,117.73,1177.3,4,month-to-month,electronic_check,0,94.6,1,0,0,0
3560,2023-12-08 00:00:00,56,F,south,42,45.48,1910.16,1,month-to-month,electronic_check,3,6.4,0,1,1,0
3561,2023-02-19 00:00:00,58,M,east,47,73.87,3471.89,6,one_year,credit_card,0,447.0,0,1,0,0
3562,2023-05-04 00:00:00,68,M,north,33,43.62,1439.46,5,month-to-month,electronic_check,1,33.2,1,1,0,0
3563,2023-11-04 00:00:00,35,F,north,26,80.07,2081.82,2,month-to-month,bank_transfer,0,457.6,0,0,0,0
3564,2024-08-04 00:00:00,34,M,east,33,104.0,3432.0,3,two_year,bank_transfer,1,153.0,1,0,0,0
3565,2024-07-24 00:00:00,69,F,north,69,85.69,5912.61,3,one_year,electronic_check,0,37.2,1,0,1,0
3566,2023-07-10 00:00:00,70,M,south,54,24.66,1331.64,6,one_year,credit_card,0,189.0,1,1,1,0
3567,2023-11-05 00:00:00,27,M,east,0,79.52,0.0,5,one_year,credit_card,1,364.1,0,0,0,0
3568,2023-04-23 00:00:00,38,F,north,21,86.1,1808.1,1,month-to-month,electronic_check,2,67.4,1,0,0,0
3569,2024-07-05 00:00:00,68,M,north,1,40.09,40.09,2,month-to-month,electronic_check,3,477.0,0,1,0,0
3570,2023-06-29 00:00:00,28,F,south,17,96.21,1635.57,5,month-to-month,bank_transfer,4,88.4,1,1,1,1
3571,2024-08-06 00:00:00,59,F,east,56,82.69,4630.64,3,two_year,electronic_check,1,449.3,0,1,0,0
3572,2024-09-06 00:00:00,23,M,north,62,20.95,1298.9,5,two_year,electronic_check,2,7.2,0,1,0,0
3573,2024-05-18 00:00:00,27,M,south,33,115.06,3796.98,4,one_year,credit_card,0,368.1,0,1,1,0
3574,2023-08-30 00:00:00,59,M,west,50,64.56,3228.0,5,month-to-month,electronic_check,0,243.1,0,0,1,0
3575,2024-11-26 00:00:00,50,F,south,27,43.24,1167.48,4,one_year,mailed_check,0,383.8,0,0,1,0
3576,2024-05-15 00:00:00,47,F,south,34,28.62,973.08,5,one_year,electronic_check,4,328.5,0,1,1,0
3577,2024-04-16 00:00:00,63,F,east,60,57.44,3446.4,3,month-to-month,mailed_check,1,97.7,0,0,0,0
3578,2024-09-17 00:00:00,34,M,south,20,50.78,1015.6,2,month-to-month,mailed_check,4,24.7,1,1,1,0
3579,2024-10-05 00:00:00,44,M,south,23,49.8,1145.4,6,month-to-month,electronic_check,1,202.2,1,0,0,0
3580,2023-02-26 00:00:00,50,M,west,9,99.32,893.88,3,month-to-month,bank_transfer,1,289.7,1,1,0,1
3581,2024-10-05 00:00:00,57,F,north,15,84.59,1268.85,1,one_year,credit_card,2,424.9,1,0,0,0
3582,2024-07-12 00:00:00,35,M,east,2,33.31,66.62,3,month-to-month,mailed_check,0,118.1,1,0,1,0
3583,2023-05-31 00:00:00,51,M,south,59,90.81,5357.79,3,one_year,credit_card,1,150.6,0,0,0,0
3584,2023-08-13 00:00:00,41,M,west,62,92.35,5725.7,2,month-to-month,electronic_check,0,170.0,1,1,1,0
3585,2024-07-03 00:00:00,46,M,east,30,71.43,2142.9,6,month-to-month,mailed_check,2,362.1,1,1,1,0
3586,2023-06-08 00:00:00,63,F,west,43,119.58,5141.94,3,one_year,credit_card,0,62.9,1,0,1,1
3587,2023-11-27 00:00:00,38,F,north,18,48.35,870.3,3,one_year,bank_transfer,2,260.9,0,0,0,0
3588,2024-05-17 00:00:00,53,F,north,3,25.85,77.55,5,two_year,credit_card,1,295.2,1,0,0,1
3589,2024-04-19 00:00:00,67,M,west,37,22.88,846.56,4,one_year,bank_transfer,0,260.8,0,0,0,0
3590,2024-10-26 00:00:00,58,F,south,11,52.05,572.55,3,two_year,credit_card,0,272.2,0,1,1,0
3591,2023-03-23 00:00:00,70,M,west,61,69.79,4257.19,6,month-to-month,electronic_check,1,217.0,1,0,0,0
3592,2023-08-04 00:00:00,48,F,east,20,27.82,556.4,6,one_year,electronic_check,1,493.1,1,0,1,0
3593,2024-12-19 00:00:00,32,F,south,53,76.58,4058.74,3,month-to-month,mailed_check,1,225.3,0,0,0,0
3594,2024-02-20 00:00:00,70,M,north,19,110.09,2091.71,5,one_year,credit_card,0,418.4,0,1,0,1
3595,2023-07-01 00:00:00,52,F,north,9,99.69,897.21,1,one_year,electronic_check,1,277.2,1,1,0,0
3596,2023-07-31 00:00:00,30,M,east,40,87.25,3490.0,3,month-to-month,electronic_check,3,305.7,1,1,1,0
3597,2023-09-05 00:00:00,34,M,north,13,86.17,1120.21,3,month-to-month,credit_card,0,406.3,0,1,0,0
3598,2024-02-09 00:00:00,31,M,north,29,93.03,2697.87,3,one_year,bank_transfer,0,490.9,1,0,0,0
3599,2023-07-27 00:00:00,62,M,north,21,69.42,1457.82,6,month-to-month,mailed_check,0,70.7,1,1,1,0
3600,2024-03-29 00:00:00,22,F,west,64,60.18,3851.52,4,one_year,electronic_check,0,290.6,1,1,1,0
3601,2023-11-22 00:00:00,57,F,east,36,50.67,1824.12,3,two_year,bank_transfer,0,91.2,1,0,0,0
3602,2024-03-21 00:00:00,47,F,east,52,29.96,1557.92,3,month-to-month,credit_card,2,23.9,1,0,0,0
3603,2023-04-24 00:00:00,21,F,east,42,76.22,3201.24,4,one_year,bank_transfer,2,449.2,1,1,1,0
3604,2024-03-31 00:00:00,50,F,east,66,67.25,4438.5,2,two_year,electronic_check,0,496.8,0,1,0,0
3605,2024-11-06 00:00:00,57,M,south,32,31.89,1020.48,2,month-to-month,mailed_check,1,345.1,1,1,0,0
3606,2023-04-09 00:00:00,56,M,south,62,46.83,2903.46,4,month-to-month,mailed_check,0,202.8,0,1,1,0
3607,2023-08-28 00:00:00,46,M,east,65,98.72,6416.8,2,one_year,credit_card,2,378.1,0,0,0,0
3608,2024-05-21 00:00:00,35,F,west,67,45.56,3052.52,5,one_year,bank_transfer,0,493.6,1,1,1,0
3609,2024-03-26 00:00:00,26,F,west,50,62.57,3128.5,6,one_year,credit_card,1,457.2,1,0,0,0
3610,2024-05-07 00:00:00,18,F,east,71,36.13,2565.23,3,one_year,mailed_check,1,431.4,0,0,1,0
3611,2024-02-13 00:00:00,37,M,west,54,36.98,1996.92,4,one_year,electronic_check,0,257.2,0,1,0,0
3612,2024-05-13 00:00:00,51,M,west,22,95.63,2103.86,2,month-to-month,bank_transfer,1,107.7,0,1,0,0
3613,2024-03-20 00:00:00,19,F,east,11,26.67,293.37,5,month-to-month,bank_transfer,0,66.8,0,1,0,0
3614,2023-02-24 00:00:00,70,M,west,15,48.5,727.5,2,one_year,electronic_check,1,35.7,0,1,0,0
3615,2024-07-02 00:00:00,49,F,north,41,118.08,4841.28,4,month-to-month,bank_transfer,2,170.5,1,0,0,0
3616,2023-11-23 00:00:00,33,M,north,12,67.59,811.08,3,two_year,electronic_check,0,20.0,1,1,0,0
3617,2023-02-07 00:00:00,68,M,south,17,80.62,1370.54,5,month-to-month,bank_transfer,3,337.9,1,0,1,0
3618,2023-10-26 00:00:00,27,F,north,45,84.08,3783.6,2,month-to-month,bank_transfer,1,412.6,0,1,0,0
3619,2023-11-14 00:00:00,68,F,south,24,39.61,950.64,2,one_year,electronic_check,2,398.5,0,0,1,0
3620,2023-03-05 00:00:00,32,F,north,49,56.93,2789.57,5,month-to-month,bank_transfer,4,42.5,1,1,0,0
3621,2024-12-28 00:00:00,38,M,west,72,60.07,4325.04,4,month-to-month,mailed_check,1,100.0,1,0,1,0
3622,2023-06-12 00:00:00,40,M,east,6,43.07,258.42,4,two_year,mailed_check,3,484.2,0,1,1,0
3623,2023-08-30 00:00:00,70,F,north,46,43.4,1996.4,5,one_year,credit_card,0,498.7,0,1,0,0
3624,2023-11-18 00:00:00,31,F,east,59,80.79,4766.61,2,month-to-month,credit_card,0,486.0,1,1,1,0
3625,2024-08-30 00:00:00,69,M,east,10,30.85,308.5,2,month-to-month,mailed_check,0,461.6,0,1,1,0
3626,2024-06-26 00:00:00,36,F,south,57,32.91,1875.87,6,one_year,bank_transfer,0,72.7,1,0,0,0
3627,2024-07-16 00:00:00,33,M,west,37,77.33,2861.21,1,month-to-month,mailed_check,1,394.8,1,1,0,0
3628,2023-06-23 00:00:00,51,M,west,45,64.93,2921.85,4,month-to-month,credit_card,0,106.2,0,0,1,0
3629,2024-09-09 00:00:00,54,F,west,3,81.19,243.57,3,month-to-month,electronic_check,2,128.7,0,1,0,1
3630,2024-08-28 00:00:00,36,F,north,31,22.7,703.7,1,two_year,mailed_check,2,245.5,0,1,1,0
3631,2023-12-05 00:00:00,25,M,south,26,90.49,2352.74,6,month-to-month,electronic_check,3,401.5,1,0,1,1
3632,2024-02-03 00:00:00,38,M,west,11,104.99,1154.89,5,one_year,credit_card,1,221.6,1,0,1,0
3633,2023-01-28 00:00:00,46,F,south,55,72.41,3982.55,2,month-to-month,credit_card,1,112.6,0,0,0,0
3634,2024-07-09 00:00:00,20,F,south,36,104.08,3746.88,5,one_year,electronic_check,0,454.8,0,1,1,0
3635,2024-12-02 00:00:00,22,F,south,64,59.97,3838.08,5,month-to-month,bank_transfer,1,142.9,1,0,1,0
3636,2023-12-11 00:00:00,66,M,south,11,27.89,306.79,4,month-to-month,mailed_check,1,386.5,0,1,1,1
3637,2024-01-30 00:00:00,19,F,east,53,57.75,3060.75,6,one_year,electronic_check,2,382.6,0,0,1,0
3638,2023-12-31 00:00:00,39,F,north,44,64.64,2844.16,2,month-to-month,electronic_check,0,45.3,1,0,0,0
3639,2023-03-02 00:00:00,58,F,west,47,106.55,5007.85,1,two_year,credit_card,2,222.8,0,0,0,0
3640,2024-03-28 00:00:00,35,M,east,22,53.47,1176.34,5,one_year,electronic_check,0,65.9,1,1,1,0
3641,2024-06-10 00:00:00,44,F,north,50,51.51,2575.5,3,month-to-month,mailed_check,1,361.8,0,0,1,0
3642,2024-11-08 00:00:00,22,F,west,18,108.8,1958.4,1,one_year,credit_card,1,371.2,1,1,0,0
3643,2024-11-09 00:00:00,60,F,east,55,45.1,2480.5,6,two_year,electronic_check,0,150.8,0,1,1,0
3644,2023-12-26 00:00:00,51,F,south,32,84.24,2695.68,3,month-to-month,mailed_check,0,340.8,0,1,1,0
3645,2024-12-01 00:00:00,63,F,south,35,52.66,1843.1,6,month-to-month,credit_card,1,207.9,0,0,1,0
3646,2024-01-21 00:00:00,63,M,east,42,115.15,4836.3,5,one_year,credit_card,0,280.4,0,1,1,0
3647,2024-04-13 00:00:00,36,M,north,6,38.96,233.76,2,month-to-month,electronic_check,0,342.8,0,1,0,1
3648,2024-03-15 00:00:00,20,F,east,26,92.39,2402.14,5,one_year,electronic_check,0,419.6,1,1,1,0
3649,2024-12-30 00:00:00,36,M,east,14,75.01,1050.14,3,month-to-month,bank_transfer,0,246.6,0,1,0,0
3650,2024-06-22 00:00:00,25,M,south,70,117.87,8250.9,4,one_year,electronic_check,1,351.0,1,1,1,0
3651,2023-03-29 00:00:00,46,F,south,30,119.41,3582.3,2,month-to-month,bank_transfer,0,138.8,1,0,1,0
3652,2023-02-22 00:00:00,25,M,east,0,99.37,0.0,1,month-to-month,electronic_check,2,233.4,0,1,0,1
3653,2023-10-27 00:00:00,66,F,east,1,30.35,30.35,2,two_year,credit_card,1,43.7,1,0,1,0
3654,2024-01-12 00:00:00,49,M,south,66,66.9,4415.4,2,month-to-month,mailed_check,1,241.2,0,1,1,0
3655,2024-05-03 00:00:00,31,M,west,11,105.45,1159.95,4,month-to-month,mailed_check,3,186.0,1,0,1,1
3656,2023-12-18 00:00:00,66,M,west,0,83.85,0.0,6,one_year,bank_transfer,2,460.6,0,0,1,0
3657,2024-01-11 00:00:00,58,F,south,15,107.9,1618.5,2,month-to-month,electronic_check,2,131.1,1,0,1,0
3658,2024-11-03 00:00:00,41,F,east,15,99.94,1499.1,5,month-to-month,bank_transfer,1,497.4,0,0,0,0
3659,2023-09-02 00:00:00,25,M,west,5,51.3,256.5,5,one_year,credit_card,1,105.3,1,1,0,0
3660,2023-12-27 00:00:00,36,M,north,72,39.51,2844.72,5,two_year,bank_transfer,1,299.4,0,1,0,0
3661,2024-02-11 00:00:00,48,M,east,4,52.26,209.04,5,month-to-month,electronic_check,0,163.6,0,1,1,0
3662,2023-12-08 00:00:00,58,F,west,53,89.59,4748.27,1,two_year,credit_card,3,450.1,0,1,1,0
3663,2024-12-07 00:00:00,31,F,north,61,68.11,4154.71,2,one_year,electronic_check,0,241.3,0,1,1,0
3664,2024-12-03 00:00:00,57,F,south,47,24.38,1145.86,6,month-to-month,mailed_check,0,131.7,0,0,1,0
3665,2024-01-10 00:00:00,32,M,west,9,94.25,848.25,4,one_year,electronic_check,1,84.6,0,0,1,0
3666,2023-11-25 00:00:00,31,F,west,53,24.47,1296.91,2,month-to-month,bank_transfer,1,373.6,1,0,0,0
3667,2024-03-05 00:00:00,41,M,west,24,60.93,1462.32,6,one_year,electronic_check,1,446.4,0,1,1,0
3668,2023-05-13 00:00:00,26,M,east,29,66.23,1920.67,2,one_year,electronic_check,2,383.4,0,0,0,0
3669,2023-11-07 00:00:00,39,M,north,18,70.3,1265.4,2,month-to-month,mailed_check,3,259.4,0,1,0,1
3670,2023-06-08 00:00:00,36,M,north,57,33.91,1932.87,6,month-to-month,electronic_check,0,460.3,1,1,1,0
3671,2023-04-16 00:00:00,32,M,west,42,94.78,3980.76,6,month-to-month,bank_transfer,2,255.9,1,1,0,0
3672,2023-03-11 00:00:00,59,F,east,11,104.94,1154.34,3,month-to-month,mailed_check,1,110.7,1,0,1,0
3673,2024-03-04 00:00:00,35,M,north,29,89.79,2603.91,4,two_year,mailed_check,1,116.7,1,0,0,0
3674,2023-01-01 00:00:00,54,F,north,57,115.11,6561.27,4,two_year,electronic_check,2,320.6,0,0,0,0
3675,2024-04-16 00:00:00,56,F,north,68,45.75,3111.0,2,two_year,credit_card,1,407.2,1,0,0,0
3676,2023-11-12 00:00:00,53,F,west,68,36.07,2452.76,4,month-to-month,mailed_check,0,349.3,0,0,0,0
3677,2023-09-25 00:00:00,32,M,west,9,26.73,240.57,1,month-to-month,mailed_check,1,61.5,1,0,0,0
3678,2024-07-15 00:00:00,61,F,west,62,92.15,5713.3,6,one_year,electronic_check,1,231.0,0,0,0,0
3679,2024-01-29 00:00:00,30,M,north,41,36.21,1484.61,5,month-to-month,credit_card,0,32.2,0,1,0,0
3680,2024-06-19 00:00:00,32,M,east,53,113.82,6032.46,1,month-to-month,bank_transfer,0,460.2,0,1,1,0
3681,2024-06-01 00:00:00,64,M,west,28,79.84,2235.52,4,month-to-month,electronic_check,2,51.6,1,0,1,0
3682,2023-01-24 00:00:00,36,F,east,47,100.41,4719.27,1,two_year,electronic_check,0,455.9,0,0,0,0
3683,2023-06-07 00:00:00,54,F,west,18,63.47,1142.46,1,one_year,mailed_check,3,178.9,0,0,1,0
3684,2024-02-21 00:00:00,20,F,east,38,93.48,3552.24,4,month-to-month,electronic_check,2,292.4,1,0,0,0
3685,2024-12-13 00:00:00,50,F,north,16,64.37,1029.92,5,two_year,bank_transfer,1,352.4,1,1,1,0
3686,2023-04-23 00:00:00,64,F,south,28,73.88,2068.64,6,one_year,electronic_check,1,416.9,0,0,0,1
3687,2023-03-19 00:00:00,55,F,south,29,97.36,2823.44,2,one_year,mailed_check,0,356.7,1,1,0,0
3688,2024-11-17 00:00:00,48,F,north,63,43.82,2760.66,6,month-to-month,bank_transfer,3,252.1,0,1,1,0
3689,2024-12-06 00:00:00,62,M,east,45,108.45,4880.25,4,month-to-month,mailed_check,2,130.8,1,0,0,0
3690,2023-05-03 00:00:00,33,F,west,47,91.63,4306.61,3,month-to-month,electronic_check,1,100.4,0,1,0,0
3691,2023-10-21 00:00:00,37,F,north,20,94.65,1893.0,3,one_year,mailed_check,3,340.4,0,1,0,0
3692,2024-04-02 00:00:00,21,M,south,31,43.82,1358.42,5,one_year,credit_card,1,199.9,0,1,1,0
3693,2023-05-23 00:00:00,55,M,east,34,29.01,986.34,3,month-to-month,credit_card,4,361.3,1,0,0,1
3694,2023-08-27 00:00:00,56,M,south,57,27.29,1555.53,3,month-to-month,bank_transfer,2,390.1,0,0,0,0
3695,2023-10-16 00:00:00,57,F,north,13,84.7,1101.1,3,month-to-month,credit_card,3,125.2,0,0,1,1
3696,2024-04-13 00:00:00,57,M,north,3,35.0,105.0,2,two_year,electronic_check,1,12.4,1,1,0,0
3697,2023-08-13 00:00:00,24,M,north,36,119.92,4317.12,3,month-to-month,electronic_check,2,249.9,0,0,1,0
3698,2023-10-28 00:00:00,53,F,west,59,116.1,6849.9,1,one_year,electronic_check,0,162.2,0,1,0,0
3699,2023-07-31 00:00:00,58,F,south,53,22.92,1214.76,6,two_year,electronic_check,1,51.6,1,0,0,0
3700,2024-07-08 00:00:00,28,F,west,59,92.51,5458.09,2,one_year,credit_card,2,215.5,1,0,0,0
3701,2023-04-22 00:00:00,43,F,east,28,46.08,1290.24,3,month-to-month,electronic_check,0,195.0,1,0,0,0
3702,2023-06-18 00:00:00,66,M,south,16,54.09,865.44,2,one_year,mailed_check,2,112.7,0,1,1,0
3703,2023-07-02 00:00:00,39,M,west,48,44.03,2113.44,4,two_year,electronic_check,1,164.2,0,0,0,0
3704,2024-10-23 00:00:00,57,F,south,2,103.05,206.1,2,one_year,credit_card,4,22.8,1,1,1,0
3705,2024-11-20 00:00:00,46,M,north,65,109.38,7109.7,2,month-to-month,credit_card,2,481.4,1,1,0,0
3706,2024-01-01 00:00:00,52,F,west,52,24.04,1250.08,2,month-to-month,bank_transfer,1,358.8,1,1,0,0
3707,2023-04-25 00:00:00,51,F,east,36,47.0,1692.0,6,month-to-month,mailed_check,1,91.4,1,1,0,0
3708,2024-07-05 00:00:00,52,F,south,14,64.87,908.18,6,month-to-month,credit_card,0,282.6,0,1,1,0
3709,2023-12-26 00:00:00,59,F,east,18,72.18,1299.24,5,one_year,credit_card,1,328.9,1,0,1,1
3710,2024-09-12 00:00:00,65,F,west,72,28.76,2070.72,2,month-to-month,bank_transfer,0,265.2,0,0,0,0
3711,2023-09-20 00:00:00,33,F,south,1,103.0,103.0,4,one_year,bank_transfer,0,302.6,0,0,0,0
3712,2024-12-30 00:00:00,67,M,west,0,113.4,0.0,5,one_year,electronic_check,2,434.6,1,1,1,1
3713,2024-08-12 00:00:00,51,M,west,25,60.29,1507.25,4,month-to-month,bank_transfer,2,445.3,1,0,1,0
3714,2023-06-13 00:00:00,49,M,west,16,105.72,1691.52,6,month-to-month,credit_card,3,13.7,0,0,1,1
3715,2024-06-13 00:00:00,35,F,north,49,87.64,4294.36,2,month-to-month,electronic_check,1,257.5,1,1,1,0
3716,2023-07-29 00:00:00,40,M,north,3,79.17,237.51,3,month-to-month,electronic_check,1,228.9,0,0,0,1
3717,2023-09-13 00:00:00,52,M,north,57,101.91,5808.87,2,two_year,electronic_check,3,20.6,1,0,1,0
3718,2023-07-02 00:00:00,37,F,east,57,67.3,3836.1,5,month-to-month,credit_card,2,453.6,0,1,0,0
3719,2024-05-13 00:00:00,33,M,south,16,74.77,1196.32,1,month-to-month,mailed_check,1,495.9,1,0,1,0
3720,2023-07-11 00:00:00,61,F,west,42,47.47,1993.74,2,month-to-month,credit_card,1,354.9,0,1,0,0
3721,2024-04-11 00:00:00,40,M,north,49,91.22,4469.78,5,one_year,bank_transfer,3,136.4,0,0,0,0
3722,2024-03-01 00:00:00,52,M,south,61,35.91,2190.51,1,one_year,electronic_check,2,33.0,0,0,1,0
3723,2024-07-02 00:00:00,19,M,south,53,44.32,2348.96,2,two_year,bank_transfer,1,141.3,0,0,1,0
3724,2024-12-26 00:00:00,22,M,west,70,67.99,4759.3,5,month-to-month,electronic_check,2,303.1,1,1,1,0
3725,2023-01-07 00:00:00,62,F,north,8,58.53,468.24,2,month-to-month,mailed_check,0,143.3,0,1,0,1
3726,2024-12-23 00:00:00,25,F,south,44,43.96,1934.24,4,one_year,mailed_check,0,371.6,0,0,0,0
3727,2023-03-21 00:00:00,60,F,west,56,39.19,2194.64,3,month-to-month,bank_transfer,4,490.7,0,1,0,0
3728,2024-01-20 00:00:00,65,F,west,16,106.09,1697.44,3,month-to-month,mailed_check,1,106.6,1,0,1,0
3729,2023-09-06 00:00:00,43,F,west,15,79.09,1186.35,3,two_year,mailed_check,0,496.6,0,1,1,0
3730,2024-04-11 00:00:00,64,F,east,6,57.74,346.44,6,one_year,credit_card,0,249.9,0,0,1,0
3731,2024-06-10 00:00:00,40,M,north,71,104.58,7425.18,5,month-to-month,electronic_check,1,208.7,1,1,1,0
3732,2024-09-19 00:00:00,68,M,north,63,102.52,6458.76,5,two_year,credit_card,0,98.6,0,1,0,0
3733,2023-10-21 00:00:00,30,F,south,8,31.09,248.72,5,month-to-month,mailed_check,1,36.0,1,1,1,0
3734,2024-11-12 00:00:00,40,F,south,17,76.73,1304.41,3,month-to-month,bank_transfer,1,372.4,0,0,0,0
3735,2023-08-24 00:00:00,38,M,east,33,50.56,1668.48,1,month-to-month,electronic_check,0,335.8,1,0,0,0
3736,2023-05-29 00:00:00,59,M,north,65,74.08,4815.2,1,month-to-month,electronic_check,2,383.3,1,0,1,0
3737,2023-10-04 00:00:00,20,M,east,60,91.8,5508.0,3,month-to-month,bank_transfer,1,108.4,0,0,0,0
3738,2024-01-21 00:00:00,61,M,south,64,20.85,1334.4,6,two_year,credit_card,2,373.9,0,0,1,0
3739,2024-05-02 00:00:00,19,F,north,60,71.36,4281.6,3,two_year,mailed_check,1,314.3,1,1,1,0
3740,2024-08-30 00:00:00,34,M,west,45,49.17,2212.65,6,one_year,electronic_check,1,198.7,1,0,0,0
3741,2023-06-14 00:00:00,49,F,south,21,73.4,1541.4,4,two_year,bank_transfer,3,86.5,0,0,0,0
3742,2023-08-10 00:00:00,25,F,north,44,30.98,1363.12,4,month-to-month,credit_card,1,332.4,1,1,1,0
3743,2024-11-16 00:00:00,43,M,south,36,101.76,3663.36,1,month-to-month,bank_transfer,0,454.9,0,0,1,0
3744,2023-11-18 00:00:00,70,F,west,69,74.37,5131.53,5,month-to-month,electronic_check,1,400.7,0,0,1,0
3745,2023-06-26 00:00:00,61,F,west,32,41.11,1315.52,6,month-to-month,mailed_check,2,492.6,1,1,0,1
3746,2024-12-20 00:00:00,19,M,north,55,96.97,5333.35,4,month-to-month,credit_card,1,75.5,0,0,1,0
3747,2023-11-24 00:00:00,49,M,east,12,23.78,285.36,6,month-to-month,electronic_check,2,324.0,0,0,0,1
3748,2024-12-20 00:00:00,49,F,east,49,79.28,3884.72,2,two_year,electronic_check,0,178.1,1,0,1,0
3749,2024-11-02 00:00:00,21,M,west,33,70.18,2315.94,3,month-to-month,bank_transfer,0,172.1,0,0,1,0
3750,2024-10-23 00:00:00,52,M,west,31,23.96,742.76,6,one_year,mailed_check,0,167.7,0,1,0,0
3751,2024-02-29 00:00:00,45,M,east,55,44.97,2473.35,4,month-to-month,electronic_check,2,331.0,1,0,0,0
3752,2024-08-05 00:00:00,54,M,east,35,27.71,969.85,5,month-to-month,bank_transfer,1,392.2,1,0,1,0
3753,2024-12-02 00:00:00,33,F,south,4,93.24,372.96,3,one_year,credit_card,1,276.2,0,1,0,0
3754,2023-07-16 00:00:00,31,M,west,28,90.58,2536.24,4,month-to-month,credit_card,1,349.8,1,0,1,0
3755,2023-01-28 00:00:00,57,F,west,70,28.93,2025.1,3,month-to-month,electronic_check,0,176.2,1,0,0,0
3756,2023-08-23 00:00:00,56,M,west,69,30.92,2133.48,5,one_year,credit_card,2,249.6,1,0,0,0
3757,2024-04-09 00:00:00,26,F,west,44,108.03,4753.32,1,one_year,bank_transfer,0,80.6,0,0,1,0
3758,2024-02-04 00:00:00,29,M,east,46,40.08,1843.68,4,month-to-month,electronic_check,0,26.5,1,1,1,0
3759,2023-02-28 00:00:00,49,F,west,19,50.37,957.03,6,month-to-month,electronic_check,1,227.4,1,1,1,1
3760,2024-02-14 00:00:00,61,F,west,56,88.43,4952.08,1,month-to-month,credit_card,1,488.1,0,1,1,0
3761,2023-05-08 00:00:00,28,M,north,43,26.07,1121.01,3,month-to-month,electronic_check,1,461.4,0,1,1,0
3762,2024-01-05 00:00:00,29,F,north,2,114.77,229.54,4,two_year,electronic_check,1,448.6,1,0,1,0
3763,2024-02-25 00:00:00,60,M,west,69,22.3,1538.7,1,month-to-month,bank_transfer,2,182.2,0,0,1,0
3764,2024-04-09 00:00:00,54,F,south,62,104.91,6504.42,1,month-to-month,bank_transfer,3,374.9,1,1,1,0
3765,2023-10-29 00:00:00,65,F,west,5,56.09,280.45,1,one_year,electronic_check,1,468.3,1,1,0,0
3766,2023-10-26 00:00:00,59,M,south,30,35.0,1050.0,2,two_year,bank_transfer,2,30.3,1,1,1,0
3767,2024-05-10 00:00:00,68,M,south,54,57.75,3118.5,6,month-to-month,bank_transfer,0,223.0,0,1,0,0
3768,2024-06-30 00:00:00,28,M,west,53,117.28,6215.84,1,one_year,credit_card,1,186.0,0,1,0,0
3769,2024-08-12 00:00:00,32,F,east,12,72.9,874.8,4,one_year,bank_transfer,0,421.4,1,0,0,0
3770,2023-09-01 00:00:00,30,F,east,2,25.93,51.86,3,month-to-month,electronic_check,0,289.0,1,1,1,0
3771,2023-11-06 00:00:00,20,M,south,71,114.15,8104.65,4,month-to-month,credit_card,1,499.1,0,1,1,0
3772,2023-08-30 00:00:00,59,M,east,65,34.36,2233.4,6,two_year,bank_transfer,3,28.3,1,0,1,0
3773,2024-01-21 00:00:00,53,M,south,53,25.47,1349.91,6,month-to-month,mailed_check,1,156.4,1,1,1,0
3774,2023-04-03 00:00:00,22,F,west,48,24.54,1177.92,1,month-to-month,electronic_check,0,276.6,0,1,0,0
3775,2023-11-10 00:00:00,28,M,south,50,102.63,5131.5,1,one_year,bank_transfer,1,109.7,0,1,0,0
3776,2023-05-18 00:00:00,28,M,north,33,35.3,1164.9,3,month-to-month,electronic_check,3,484.2,0,0,1,0
3777,2024-01-24 00:00:00,39,F,east,49,37.9,1857.1,5,month-to-month,mailed_check,3,346.9,0,0,0,0
3778,2024-09-12 00:00:00,42,M,west,22,114.41,2517.02,5,month-to-month,electronic_check,0,303.5,1,0,1,0
3779,2024-12-20 00:00:00,33,F,west,6,81.16,486.96,4,month-to-month,bank_transfer,1,68.3,1,0,0,0
3780,2023-11-22 00:00:00,67,M,north,22,48.54,1067.88,6,one_year,electronic_check,0,395.6,1,1,1,0
3781,2023-02-11 00:00:00,29,M,west,21,78.65,1651.65,2,month-to-month,bank_transfer,1,485.4,1,0,0,0
3782,2023-06-16 00:00:00,47,F,south,22,44.31,974.82,5,month-to-month,bank_transfer,1,401.0,1,1,0,0
3783,2023-03-18 00:00:00,41,M,west,34,69.43,2360.62,6,one_year,mailed_check,2,282.8,1,1,1,0
3784,2024-07-08 00:00:00,38,M,east,9,53.46,481.14,6,one_year,credit_card,0,342.1,1,0,1,0
3785,2024-12-19 00:00:00,61,F,west,29,82.26,2385.54,5,month-to-month,mailed_check,0,266.4,0,1,1,0
3786,2024-02-09 00:00:00,69,F,south,33,95.88,3164.04,5,month-to-month,bank_transfer,0,18.5,1,1,0,0
3787,2023-05-10 00:00:00,18,F,east,13,54.85,713.05,2,month-to-month,mailed_check,0,435.6,0,1,1,0
3788,2023-01-16 00:00:00,42,M,east,33,34.39,1134.87,5,two_year,bank_transfer,1,116.9,1,1,0,0
3789,2024-12-13 00:00:00,24,M,north,49,55.57,2722.93,2,month-to-month,credit_card,1,156.8,1,0,0,0
3790,2023-08-19 00:00:00,40,M,west,30,95.82,2874.6,3,month-to-month,mailed_check,1,457.7,1,1,1,0
3791,2023-03-23 00:00:00,50,F,north,0,98.71,0.0,1,one_year,credit_card,1,373.9,1,0,1,1
3792,2023-05-10 00:00:00,39,F,west,51,98.56,5026.56,2,one_year,electronic_check,1,275.2,0,1,1,0
3793,2023-07-06 00:00:00,34,F,north,42,117.46,4933.32,1,two_year,credit_card,2,127.1,1,1,0,0
3794,2024-04-23 00:00:00,34,F,north,30,102.48,3074.4,3,month-to-month,mailed_check,1,411.7,0,0,0,1
3795,2024-10-13 00:00:00,33,M,south,1,116.86,116.86,1,two_year,electronic_check,1,267.2,0,1,1,0
3796,2023-07-20 00:00:00,35,F,north,6,82.68,496.08,5,month-to-month,bank_transfer,0,273.0,0,1,0,0
3797,2024-05-16 00:00:00,37,M,north,5,42.93,214.65,4,two_year,electronic_check,1,94.9,1,1,1,0
3798,2023-02-17 00:00:00,54,M,north,62,80.82,5010.84,4,month-to-month,credit_card,0,219.6,1,1,0,0
3799,2023-01-08 00:00:00,23,F,south,22,39.78,875.16,5,two_year,credit_card,0,178.4,0,0,0,0
3800,2023-02-10 00:00:00,20,F,south,31,28.53,884.43,5,two_year,bank_transfer,5,146.8,1,0,1,0
3801,2024-11-04 00:00:00,45,M,north,50,50.13,2506.5,5,one_year,electronic_check,1,236.8,1,0,0,0
3802,2024-02-29 00:00:00,54,M,north,47,56.28,2645.16,4,one_year,credit_card,0,420.4,1,1,1,0
3803,2024-08-10 00:00:00,31,F,east,4,90.89,363.56,2,month-to-month,credit_card,0,158.1,0,1,0,0
3804,2023-01-16 00:00:00,28,M,south,67,56.31,3772.77,5,month-to-month,bank_transfer,2,123.0,1,1,0,0
3805,2023-01-17 00:00:00,51,F,west,19,20.31,385.89,3,month-to-month,mailed_check,4,441.1,1,0,0,0
3806,2024-09-11 00:00:00,38,F,west,56,111.69,6254.64,1,one_year,mailed_check,1,386.4,1,0,1,0
3807,2023-03-16 00:00:00,57,M,north,60,78.94,4736.4,3,month-to-month,electronic_check,1,282.7,0,1,0,0
3808,2023-04-24 00:00:00,25,M,west,39,41.08,1602.12,2,month-to-month,credit_card,2,340.0,1,0,1,0
3809,2024-01-14 00:00:00,24,M,east,11,45.23,497.53,2,month-to-month,electronic_check,0,42.3,0,1,1,0
3810,2024-03-18 00:00:00,47,F,west,39,32.41,1263.99,4,one_year,electronic_check,0,369.1,1,1,0,0
3811,2023-06-17 00:00:00,38,M,south,17,110.65,1881.05,6,month-to-month,electronic_check,1,445.6,1,0,0,1
3812,2023-11-21 00:00:00,56,F,north,62,43.02,2667.24,1,month-to-month,mailed_check,1,236.5,0,0,1,0
3813,2024-05-07 00:00:00,44,M,west,55,114.06,6273.3,1,month-to-month,bank_transfer,1,420.9,1,0,1,0
3814,2023-11-20 00:00:00,36,F,east,60,46.43,2785.8,6,month-to-month,credit_card,3,284.7,0,0,1,0
3815,2023-10-07 00:00:00,26,M,north,60,99.93,5995.8,5,month-to-month,credit_card,4,18.0,1,1,0,0
3816,2023-02-22 00:00:00,26,M,north,13,21.05,273.65,2,month-to-month,electronic_check,3,6.5,1,0,0,0
3817,2023-11-26 00:00:00,58,F,north,2,68.33,136.66,3,one_year,electronic_check,0,63.3,0,0,0,0
3818,2024-08-09 00:00:00,30,F,south,45,56.92,2561.4,1,month-to-month,mailed_check,2,482.0,1,1,0,0
3819,2024-04-02 00:00:00,44,M,south,44,53.46,2352.24,6,two_year,credit_card,1,478.4,1,0,1,0
3820,2024-10-13 00:00:00,61,M,south,63,119.22,7510.86,4,month-to-month,credit_card,2,20.8,0,0,1,0
3821,2023-04-03 00:00:00,65,F,west,46,92.09,4236.14,2,month-to-month,electronic_check,0,184.6,1,1,1,0
3822,2023-01-09 00:00:00,32,M,west,58,45.58,2643.64,2,two_year,electronic_check,2,473.4,0,0,1,0
3823,2024-02-05 00:00:00,23,M,east,25,95.24,2381.0,5,two_year,credit_card,2,276.5,0,1,1,0
3824,2023-05-11 00:00:00,59,M,east,9,32.96,296.64,4,month-to-month,bank_transfer,2,396.0,1,0,0,1
3825,2024-03-09 00:00:00,54,M,west,2,112.59,225.18,5,month-to-month,mailed_check,2,102.1,1,0,1,1
3826,2024-10-21 00:00:00,35,F,south,31,62.64,1941.84,2,month-to-month,electronic_check,1,51.4,1,1,0,0
3827,2023-09-04 00:00:00,49,F,east,0,39.07,0.0,6,one_year,electronic_check,0,165.2,0,0,0,1
3828,2024-02-06 00:00:00,28,F,east,37,47.28,1749.36,1,month-to-month,electronic_check,0,346.2,1,0,1,0
3829,2024-05-12 00:00:00,55,F,south,29,35.51,1029.79,2,month-to-month,bank_transfer,1,465.0,0,1,0,0
3830,2023-04-20 00:00:00,56,M,west,18,113.06,2035.08,5,month-to-month,bank_transfer,4,390.1,0,0,1,0
3831,2024-10-17 00:00:00,33,F,north,43,50.59,2175.37,4,month-to-month,mailed_check,3,204.7,1,0,0,1
3832,2023-05-29 00:00:00,42,M,north,49,34.29,1680.21,3,two_year,bank_transfer,5,186.4,1,1,0,1
3833,2024-08-13 00:00:00,35,M,south,2,101.29,202.58,5,month-to-month,electronic_check,0,435.2,1,1,1,1
3834,2024-04-26 00:00:00,19,F,west,34,41.33,1405.22,4,two_year,electronic_check,2,258.7,1,1,1,0
3835,2023-04-13 00:00:00,24,M,south,68,29.42,2000.56,3,month-to-month,electronic_check,1,228.4,0,1,1,0
3836,2024-06-13 00:00:00,68,M,north,21,86.84,1823.64,2,two_year,electronic_check,2,142.8,1,1,0,0
3837,2023-05-24 00:00:00,42,M,west,57,20.74,1182.18,5,one_year,credit_card,1,344.9,1,1,1,0
3838,2024-03-13 00:00:00,25,F,north,24,103.24,2477.76,4,month-to-month,electronic_check,2,76.0,1,0,0,0
3839,2024-12-01 00:00:00,20,M,north,19,76.27,1449.13,6,month-to-month,electronic_check,1,194.0,1,1,1,0
3840,2024-11-26 00:00:00,36,F,west,62,44.68,2770.16,3,month-to-month,bank_transfer,2,376.2,0,0,0,0
3841,2024-09-28 00:00:00,70,F,south,26,67.36,1751.36,2,one_year,mailed_check,0,337.5,0,0,1,0
3842,2023-12-27 00:00:00,38,F,north,63,46.24,2913.12,1,month-to-month,electronic_check,1,66.6,0,0,1,0
3843,2024-02-13 00:00:00,70,M,south,47,73.29,3444.63,2,one_year,electronic_check,1,179.0,0,1,1,0
3844,2023-08-08 00:00:00,43,F,east,59,77.16,4552.44,5,two_year,electronic_check,1,197.1,0,0,0,0
3845,2024-11-03 00:00:00,58,M,west,59,97.17,5733.03,2,month-to-month,electronic_check,0,116.8,0,0,1,0
3846,2023-12-15 00:00:00,59,F,north,66,66.61,4396.26,4,one_year,bank_transfer,0,100.1,0,0,0,0
3847,2024-07-17 00:00:00,19,F,south,40,98.66,3946.4,2,two_year,mailed_check,1,254.5,1,1,0,0
3848,2023-09-20 00:00:00,18,M,east,69,26.92,1857.48,6,one_year,electronic_check,1,167.6,0,1,1,0
3849,2024-06-24 00:00:00,66,F,east,4,112.13,448.52,6,month-to-month,bank_transfer,1,303.5,0,0,0,0
3850,2023-06-13 00:00:00,67,M,east,35,38.55,1349.25,5,month-to-month,electronic_check,0,320.5,1,1,0,0
3851,2024-06-19 00:00:00,25,M,south,28,103.66,2902.48,5,month-to-month,mailed_check,1,477.6,1,0,0,0
3852,2023-02-03 00:00:00,52,M,west,7,69.46,486.22,4,month-to-month,electronic_check,1,295.3,0,1,1,0
3853,2023-03-18 00:00:00,66,F,north,63,30.47,1919.61,1,month-to-month,electronic_check,0,410.6,1,0,0,0
3854,2023-09-15 00:00:00,68,F,west,58,55.98,3246.84,1,two_year,mailed_check,1,455.3,1,0,0,0
3855,2023-12-18 00:00:00,33,F,west,54,111.83,6038.82,3,month-to-month,electronic_check,3,212.7,0,1,1,0
3856,2024-06-03 00:00:00,61,M,east,46,103.47,4759.62,5,month-to-month,electronic_check,1,87.2,1,0,0,1
3857,2023-09-20 00:00:00,52,F,south,43,92.23,3965.89,1,month-to-month,mailed_check,0,139.8,1,0,1,0
3858,2023-01-14 00:00:00,67,F,south,27,57.98,1565.46,4,two_year,credit_card,0,342.2,0,1,0,0
3859,2023-08-26 00:00:00,25,F,south,49,78.88,3865.12,6,month-to-month,mailed_check,1,160.9,0,0,0,0
3860,2023-11-17 00:00:00,49,M,north,71,43.21,3067.91,6,month-to-month,electronic_check,2,65.5,1,1,1,0
3861,2024-02-01 00:00:00,19,M,north,18,84.78,1526.04,4,one_year,electronic_check,0,69.7,1,1,0,0
3862,2024-04-15 00:00:00,36,F,east,24,46.09,1106.16,4,month-to-month,mailed_check,2,167.1,0,1,0,0
3863,2023-06-30 00:00:00,18,M,east,7,102.9,720.3,1,month-to-month,electronic_check,2,72.4,0,0,0,1
3864,2024-03-21 00:00:00,41,M,south,66,90.45,5969.7,1,one_year,electronic_check,3,459.0,1,1,0,0
3865,2024-04-06 00:00:00,60,F,south,38,58.61,2227.18,2,one_year,mailed_check,0,3.3,0,1,1,0
3866,2024-07-20 00:00:00,52,M,north,43,85.95,3695.85,5,month-to-month,credit_card,1,116.1,1,0,1,0
3867,2024-01-17 00:00:00,34,M,west,19,52.51,997.69,1,month-to-month,credit_card,0,464.5,0,0,0,0
3868,2024-08-14 00:00:00,40,M,west,2,35.57,71.14,5,one_year,electronic_check,1,403.4,0,0,1,0
3869,2023-06-11 00:00:00,37,F,north,58,43.52,2524.16,2,month-to-month,bank_transfer,0,462.5,0,0,1,0
3870,2024-06-03 00:00:00,56,F,south,62,47.17,2924.54,1,two_year,mailed_check,0,438.6,1,1,0,0
3871,2023-02-03 00:00:00,32,M,east,24,42.66,1023.84,1,month-to-month,credit_card,2,210.0,1,1,0,0
3872,2023-03-17 00:00:00,22,M,north,55,87.84,4831.2,5,month-to-month,bank_transfer,2,46.6,1,1,0,0
3873,2024-09-23 00:00:00,44,F,north,41,93.97,3852.77,1,one_year,bank_transfer,0,415.9,0,1,1,0
3874,2023-12-13 00:00:00,61,M,west,46,65.71,3022.66,4,month-to-month,mailed_check,3,187.0,1,0,0,0
3875,2024-03-29 00:00:00,43,F,north,12,118.78,1425.36,6,month-to-month,bank_transfer,1,57.5,0,1,0,1
3876,2024-03-16 00:00:00,28,F,east,44,109.1,4800.4,4,month-to-month,bank_transfer,1,386.7,1,0,0,1
3877,2024-05-22 00:00:00,20,M,west,11,28.71,315.81,3,two_year,bank_transfer,2,12.6,1,1,1,0
3878,2023-06-29 00:00:00,68,M,east,15,66.05,990.75,6,month-to-month,mailed_check,1,108.9,1,1,0,1
3879,2023-05-11 00:00:00,58,M,south,26,110.85,2882.1,1,month-to-month,electronic_check,2,328.1,0,0,0,0
3880,2023-02-01 00:00:00,26,F,north,15,42.03,630.45,2,month-to-month,mailed_check,2,120.1,1,1,0,0
3881,2024-09-23 00:00:00,21,M,east,66,57.84,3817.44,2,month-to-month,electronic_check,1,33.1,0,0,0,0
3882,2023-06-13 00:00:00,24,F,south,2,114.69,229.38,1,month-to-month,electronic_check,1,341.2,1,1,1,1
3883,2024-02-24 00:00:00,37,F,west,65,97.61,6344.65,6,two_year,mailed_check,0,151.7,0,1,0,0
3884,2023-11-29 00:00:00,61,F,east,11,103.23,1135.53,2,two_year,mailed_check,2,458.5,1,0,0,0
3885,2023-04-29 00:00:00,26,F,north,63,107.95,6800.85,1,two_year,electronic_check,1,31.6,1,1,1,0
3886,2023-10-30 00:00:00,61,M,south,24,37.12,890.88,6,month-to-month,electronic_check,0,174.7,1,1,1,0
3887,2023-03-02 00:00:00,18,F,east,67,89.93,6025.31,6,month-to-month,mailed_check,0,449.1,0,1,1,0
3888,2023-05-09 00:00:00,57,F,east,39,100.28,3910.92,2,month-to-month,credit_card,3,39.8,0,1,1,0
3889,2023-04-12 00:00:00,32,M,east,35,42.65,1492.75,3,month-to-month,mailed_check,1,438.1,0,1,1,0
3890,2024-08-24 00:00:00,68,M,north,9,24.34,219.06,5,one_year,bank_transfer,2,418.3,1,0,0,0
3891,2024-02-19 00:00:00,43,M,north,31,37.84,1173.04,3,month-to-month,mailed_check,2,66.1,0,0,0,0
3892,2024-11-06 00:00:00,32,M,north,40,94.14,3765.6,5,month-to-month,electronic_check,1,279.4,1,0,1,0
3893,2023-11-15 00:00:00,30,F,east,71,89.43,6349.53,2,two_year,electronic_check,0,59.5,0,0,1,0
3894,2023-05-27 00:00:00,61,M,north,19,109.17,2074.23,5,one_year,mailed_check,1,463.6,1,0,1,0
3895,2024-03-20 00:00:00,39,F,west,6,51.7,310.2,4,two_year,credit_card,2,493.0,0,1,1,0
3896,2024-11-09 00:00:00,36,F,south,18,82.17,1479.06,1,month-to-month,electronic_check,1,173.5,1,0,0,0
3897,2024-01-24 00:00:00,56,M,south,17,22.68,385.56,4,two_year,mailed_check,2,480.4,0,1,1,0
3898,2023-01-14 00:00:00,46,F,north,69,113.51,7832.19,1,month-to-month,bank_transfer,1,137.2,1,0,1,0
3899,2023-08-10 00:00:00,53,M,south,10,75.45,754.5,6,month-to-month,bank_transfer,2,301.3,0,0,0,0
3900,2024-11-06 00:00:00,41,M,west,72,94.84,6828.48,6,month-to-month,bank_transfer,1,120.6,1,0,1,0
3901,2024-01-14 00:00:00,21,M,north,8,48.38,387.04,1,one_year,electronic_check,2,10.6,1,0,0,0
3902,2024-11-25 00:00:00,18,M,east,59,28.2,1663.8,4,month-to-month,credit_card,2,175.3,1,0,1,0
3903,2024-01-07 00:00:00,20,M,north,30,26.28,788.4,3,one_year,mailed_check,2,220.6,1,0,1,0
3904,2023-01-09 00:00:00,48,M,north,3,101.47,304.41,1,month-to-month,electronic_check,5,96.7,0,1,1,0
3905,2024-09-29 00:00:00,45,M,east,44,35.19,1548.36,5,two_year,credit_card,1,258.4,1,1,1,0
3906,2024-07-11 00:00:00,57,M,east,53,102.4,5427.2,1,month-to-month,credit_card,1,465.3,1,0,1,0
3907,2024-06-06 00:00:00,65,F,east,61,46.53,2838.33,1,one_year,credit_card,1,407.1,0,1,0,0
3908,2024-12-09 00:00:00,27,M,north,13,74.13,963.69,5,two_year,mailed_check,0,206.3,1,0,0,0
3909,2023-05-24 00:00:00,68,F,north,45,46.19,2078.55,2,one_year,credit_card,0,209.8,0,0,1,0
3910,2024-10-23 00:00:00,67,F,south,41,25.01,1025.41,6,two_year,electronic_check,1,433.9,1,1,1,0
3911,2023-06-19 00:00:00,50,F,north,32,74.23,2375.36,4,one_year,credit_card,0,285.3,0,1,1,0
3912,2024-12-09 00:00:00,46,F,west,65,56.71,3686.15,4,month-to-month,bank_transfer,1,209.0,1,0,1,0
3913,2023-05-20 00:00:00,27,F,south,30,63.51,1905.3,3,one_year,mailed_check,0,138.3,0,0,0,0
3914,2024-02-06 00:00:00,27,F,east,27,80.16,2164.32,3,one_year,electronic_check,1,469.2,0,0,0,0
3915,2024-07-30 00:00:00,18,F,north,38,51.37,1952.06,2,month-to-month,bank_transfer,2,244.0,0,0,0,0
3916,2023-02-27 00:00:00,52,F,east,67,76.38,5117.46,5,month-to-month,mailed_check,0,163.1,1,1,1,0
3917,2023-02-18 00:00:00,40,M,north,63,85.78,5404.14,4,month-to-month,credit_card,0,449.6,0,0,0,0
3918,2024-09-12 00:00:00,28,F,south,51,28.95,1476.45,1,month-to-month,credit_card,1,340.0,0,1,0,0
3919,2023-02-14 00:00:00,25,F,south,5,55.01,275.05,2,two_year,bank_transfer,1,442.5,0,0,0,0
3920,2024-03-24 00:00:00,21,M,north,21,28.99,608.79,6,two_year,electronic_check,1,150.1,1,1,1,0
3921,2024-11-15 00:00:00,51,F,north,1,20.69,20.69,3,one_year,bank_transfer,0,488.7,1,1,0,0
3922,2024-03-24 00:00:00,54,F,west,6,25.12,150.72,2,month-to-month,bank_transfer,0,436.0,1,0,1,0
3923,2023-12-18 00:00:00,51,F,south,60,79.22,4753.2,2,month-to-month,mailed_check,2,318.1,1,0,0,0
3924,2023-11-01 00:00:00,23,M,east,59,28.43,1677.37,2,month-to-month,electronic_check,1,487.6,1,1,0,0
3925,2024-04-10 00:00:00,20,M,east,7,106.85,747.95,6,month-to-month,bank_transfer,0,219.8,0,1,0,1
3926,2024-02-22 00:00:00,23,M,east,33,95.94,3166.02,2,one_year,electronic_check,2,251.1,0,0,0,0
3927,2024-01-02 00:00:00,57,F,east,20,20.88,417.6,2,month-to-month,electronic_check,3,298.2,0,0,1,0
3928,2023-04-23 00:00:00,57,F,west,5,77.32,386.6,1,month-to-month,electronic_check,1,390.4,1,1,0,1
3929,2024-04-28 00:00:00,33,F,east,27,21.03,567.81,6,month-to-month,electronic_check,1,350.9,1,1,0,0
3930,2024-06-24 00:00:00,20,M,south,7,30.92,216.44,3,two_year,mailed_check,0,458.7,1,0,1,0
3931,2024-06-01 00:00:00,34,M,south,53,118.82,6297.46,5,month-to-month,electronic_check,2,235.1,1,1,1,0
3932,2023-02-24 00:00:00,60,F,west,70,65.7,4599.0,5,month-to-month,bank_transfer,2,284.2,1,0,0,0
3933,2024-05-28 00:00:00,25,F,south,30,22.72,681.6,3,month-to-month,credit_card,2,207.7,1,1,0,0
3934,2024-06-16 00:00:00,60,M,east,17,105.03,1785.51,3,month-to-month,bank_transfer,1,394.7,1,1,1,0
3935,2023-05-14 00:00:00,42,M,west,36,111.73,4022.28,1,one_year,mailed_check,1,359.1,1,0,1,0
3936,2024-09-11 00:00:00,25,M,north,70,74.84,5238.8,5,one_year,electronic_check,1,477.4,0,0,0,0
3937,2024-01-18 00:00:00,67,F,north,11,90.59,996.49,5,one_year,mailed_check,2,484.0,1,1,0,1
3938,2023-12-11 00:00:00,45,F,north,49,98.01,4802.49,2,month-to-month,bank_transfer,2,279.8,1,1,0,0
3939,2024-06-11 00:00:00,53,M,north,6,93.47,560.82,2,two_year,credit_card,1,19.1,1,1,1,0
3940,2024-01-08 00:00:00,23,F,east,21,69.45,1458.45,3,one_year,credit_card,0,293.3,0,0,1,0
3941,2024-02-02 00:00:00,37,F,east,32,103.27,3304.64,5,two_year,mailed_check,0,324.3,0,1,1,1
3942,2023-08-16 00:00:00,51,F,south,28,72.73,2036.44,4,month-to-month,electronic_check,1,33.7,1,1,1,0
3943,2024-11-08 00:00:00,52,M,north,13,45.95,597.35,1,two_year,bank_transfer,0,90.4,1,0,1,0
3944,2024-12-08 00:00:00,21,M,east,56,20.41,1142.96,4,one_year,credit_card,1,433.7,0,1,0,0
3945,2023-04-06 00:00:00,50,F,north,49,55.86,2737.14,5,month-to-month,credit_card,2,215.9,0,1,0,0
3946,2024-06-19 00:00:00,68,F,east,31,28.26,876.06,2,month-to-month,credit_card,1,461.7,1,0,1,0
3947,2023-01-18 00:00:00,59,F,west,30,26.33,789.9,3,month-to-month,electronic_check,2,161.4,0,1,0,1
3948,2023-09-27 00:00:00,29,F,south,5,66.92,334.6,5,two_year,credit_card,0,490.3,0,1,1,0
3949,2024-12-09 00:00:00,66,M,south,48,114.37,5489.76,2,month-to-month,electronic_check,0,337.0,1,1,0,0
3950,2023-05-08 00:00:00,54,M,east,16,30.55,488.8,1,one_year,electronic_check,1,374.5,0,1,1,0
3951,2023-10-03 00:00:00,21,M,north,21,47.37,994.77,6,one_year,bank_transfer,1,299.8,1,0,0,1
3952,2023-06-10 00:00:00,24,F,east,62,103.01,6386.62,1,one_year,electronic_check,1,271.9,1,0,0,0
3953,2024-06-15 00:00:00,66,M,south,46,60.18,2768.28,1,month-to-month,mailed_check,2,363.4,0,0,0,0
3954,2023-12-05 00:00:00,29,F,south,50,95.88,4794.0,2,two_year,electronic_check,1,100.1,0,1,0,0
3955,2024-03-08 00:00:00,23,F,north,19,74.23,1410.37,5,month-to-month,electronic_check,2,243.7,1,0,1,0
3956,2024-11-19 00:00:00,41,F,west,36,80.39,2894.04,4,two_year,electronic_check,0,475.0,1,1,1,0
3957,2024-01-16 00:00:00,45,F,south,1,36.11,36.11,2,month-to-month,mailed_check,0,447.3,0,1,1,1
3958,2024-06-19 00:00:00,48,F,north,17,55.23,938.91,1,month-to-month,electronic_check,0,465.7,1,1,1,0
3959,2023-03-13 00:00:00,52,M,west,58,82.18,4766.44,6,month-to-month,bank_transfer,2,400.5,0,0,0,0
3960,2023-06-07 00:00:00,70,F,west,34,22.68,771.12,1,one_year,bank_transfer,4,392.3,0,0,0,0
3961,2024-11-22 00:00:00,58,M,east,46,38.83,1786.18,6,one_year,electronic_check,0,463.0,1,0,0,0
3962,2024-09-19 00:00:00,19,M,north,57,58.65,3343.05,3,month-to-month,credit_card,0,382.4,1,1,0,0
3963,2024-04-24 00:00:00,22,F,west,68,87.46,5947.28,2,month-to-month,electronic_check,1,45.3,1,0,1,0
3964,2023-10-04 00:00:00,18,F,north,5,70.96,354.8,3,one_year,credit_card,0,288.0,0,0,0,0
3965,2023-05-26 00:00:00,38,F,north,42,91.87,3858.54,2,month-to-month,credit_card,2,19.2,1,1,0,0
3966,2024-09-13 00:00:00,36,M,east,72,92.69,6673.68,1,month-to-month,credit_card,1,88.9,1,0,1,0
3967,2024-07-27 00:00:00,67,M,south,14,23.11,323.54,3,one_year,mailed_check,0,339.2,0,1,0,1
3968,2023-06-26 00:00:00,37,F,north,62,110.17,6830.54,4,month-to-month,bank_transfer,1,461.0,1,0,0,0
3969,2024-03-06 00:00:00,19,F,east,42,102.42,4301.64,3,month-to-month,electronic_check,1,7.2,0,1,0,0
3970,2024-03-27 00:00:00,64,M,south,23,47.11,1083.53,4,month-to-month,credit_card,0,378.2,1,0,0,1
3971,2023-12-15 00:00:00,31,F,west,57,68.45,3901.65,6,one_year,electronic_check,0,228.5,1,1,0,0
3972,2024-11-07 00:00:00,66,F,north,63,50.81,3201.03,1,one_year,mailed_check,0,411.4,0,1,0,0
3973,2023-04-01 00:00:00,59,F,west,10,110.66,1106.6,5,month-to-month,mailed_check,1,316.8,0,1,0,1
3974,2023-07-08 00:00:00,64,M,east,49,58.28,2855.72,2,month-to-month,bank_transfer,2,293.8,1,0,1,0
3975,2023-03-11 00:00:00,61,F,north,68,59.61,4053.48,1,month-to-month,bank_transfer,0,213.0,0,0,1,0
3976,2024-05-20 00:00:00,25,M,east,48,111.19,5337.12,3,month-to-month,electronic_check,0,174.1,0,0,1,0
3977,2024-04-15 00:00:00,51,M,west,39,80.07,3122.73,3,month-to-month,electronic_check,0,251.4,1,0,0,0
3978,2024-12-21 00:00:00,39,M,north,10,33.79,337.9,6,month-to-month,bank_transfer,0,336.3,0,0,0,0
3979,2024-01-31 00:00:00,51,F,west,32,82.6,2643.2,3,one_year,credit_card,1,189.4,1,1,0,0
3980,2023-04-20 00:00:00,57,F,south,66,99.44,6563.04,5,month-to-month,electronic_check,0,244.0,0,0,1,0
3981,2023-11-26 00:00:00,44,M,west,58,53.78,3119.24,6,two_year,bank_transfer,0,298.0,1,0,1,0
3982,2023-03-06 00:00:00,34,M,north,32,72.7,2326.4,3,two_year,mailed_check,1,1.5,0,1,1,0
3983,2024-05-04 00:00:00,66,M,east,22,82.68,1818.96,2,month-to-month,electronic_check,3,107.0,0,0,1,0
3984,2024-05-07 00:00:00,53,M,west,58,71.04,4120.32,6,one_year,electronic_check,3,92.2,1,1,1,0
3985,2024-09-18 00:00:00,64,F,south,70,119.91,8393.7,3,one_year,bank_transfer,2,436.7,1,0,0,0
3986,2023-09-06 00:00:00,30,M,north,21,70.68,1484.28,3,month-to-month,electronic_check,1,449.8,1,0,0,1
3987,2023-08-15 00:00:00,62,M,south,59,84.34,4976.06,5,month-to-month,credit_card,1,89.9,0,0,0,0
3988,2023-02-22 00:00:00,35,F,east,22,99.36,2185.92,3,two_year,electronic_check,1,349.0,0,1,1,0
3989,2023-10-31 00:00:00,42,M,east,60,33.66,2019.6,4,month-to-month,bank_transfer,2,208.3,1,1,1,0
3990,2023-12-13 00:00:00,63,F,south,70,24.39,1707.3,6,one_year,electronic_check,1,274.1,1,1,1,0
3991,2024-07-04 00:00:00,36,F,west,48,117.3,5630.4,1,one_year,bank_transfer,1,205.1,0,0,1,0
3992,2024-07-04 00:00:00,31,F,east,36,93.23,3356.28,5,month-to-month,electronic_check,2,234.3,1,0,1,0
3993,2023-04-13 00:00:00,66,F,east,22,59.33,1305.26,3,month-to-month,mailed_check,1,345.0,0,0,1,0
3994,2023-07-28 00:00:00,69,M,west,4,21.77,87.08,4,two_year,mailed_check,2,144.9,1,0,1,0
3995,2024-01-09 00:00:00,34,F,west,3,36.64,109.92,6,month-to-month,bank_transfer,0,10.5,0,1,1,0
3996,2023-09-02 00:00:00,34,F,south,61,20.97,1279.17,4,month-to-month,bank_transfer,1,251.3,1,0,0,0
3997,2023-01-19 00:00:00,30,M,south,48,59.65,2863.2,3,month-to-month,electronic_check,1,49.0,1,0,0,0
3998,2024-09-09 00:00:00,19,F,east,16,75.49,1207.84,6,one_year,electronic_check,0,478.6,1,0,0,0
3999,2024-06-17 00:00:00,47,F,east,40,36.06,1442.4,4,one_year,electronic_check,1,171.0,0,0,1,0
4000,2024-01-15 00:00:00,31,F,south,64,83.99,5375.36,1,month-to-month,electronic_check,0,10.5,1,0,0,0
4001,2023-08-20 00:00:00,63,F,east,47,115.42,5424.74,1,one_year,electronic_check,2,240.2,0,0,0,0
4002,2024-09-07 00:00:00,27,M,east,66,119.05,7857.3,3,two_year,electronic_check,0,160.8,1,1,0,0
4003,2023-01-26 00:00:00,51,F,west,8,103.32,826.56,5,month-to-month,mailed_check,1,343.1,1,0,0,0
4004,2023-11-22 00:00:00,44,F,south,5,64.39,321.95,3,two_year,electronic_check,0,352.9,0,0,1,0
4005,2024-08-07 00:00:00,50,F,west,48,74.74,3587.52,2,month-to-month,mailed_check,1,349.2,1,0,0,0
4006,2024-11-26 00:00:00,23,M,north,42,70.33,2953.86,6,month-to-month,bank_transfer,0,195.9,1,1,1,0
4007,2023-07-03 00:00:00,42,F,west,50,35.57,1778.5,2,month-to-month,bank_transfer,2,429.0,0,1,1,0
4008,2024-04-20 00:00:00,51,F,north,71,105.44,7486.24,1,month-to-month,bank_transfer,0,23.7,0,1,0,0
4009,2023-05-19 00:00:00,36,M,west,7,87.58,613.06,3,two_year,electronic_check,1,235.1,1,1,0,0
4010,2023-03-26 00:00:00,64,F,north,67,83.79,5613.93,1,month-to-month,mailed_check,0,473.7,0,0,0,0
4011,2023-09-15 00:00:00,46,F,west,4,42.03,168.12,4,one_year,electronic_check,1,209.1,1,1,0,0
4012,2024-10-08 00:00:00,37,F,west,38,35.32,1342.16,3,month-to-month,bank_transfer,4,491.1,0,1,0,0
4013,2024-05-18 00:00:00,19,F,west,60,107.3,6438.0,6,month-to-month,credit_card,1,355.6,0,0,1,0
4014,2023-12-24 00:00:00,26,M,west,49,37.94,1859.06,2,two_year,bank_transfer,1,204.6,0,0,0,0
4015,2023-07-26 00:00:00,43,F,south,16,27.37,437.92,2,two_year,credit_card,2,341.3,1,0,1,0
4016,2023-04-14 00:00:00,39,F,north,44,82.56,3632.64,5,month-to-month,electronic_check,3,473.4,0,0,1,0
4017,2023-07-17 00:00:00,64,M,west,65,90.43,5877.95,5,month-to-month,electronic_check,1,424.6,1,1,0,0
4018,2023-04-22 00:00:00,59,M,east,14,31.96,447.44,3,month-to-month,electronic_check,0,97.6,1,1,1,0
4019,2023-05-17 00:00:00,26,M,west,68,40.69,2766.92,6,two_year,electronic_check,0,407.9,1,1,1,0
4020,2024-05-16 00:00:00,49,F,east,47,98.88,4647.36,6,month-to-month,electronic_check,1,113.6,0,1,0,0
4021,2023-04-07 00:00:00,42,M,east,6,112.96,677.76,4,month-to-month,credit_card,1,49.9,0,1,1,1
4022,2023-02-04 00:00:00,23,F,south,24,67.65,1623.6,5,one_year,mailed_check,3,201.7,1,1,1,0
4023,2024-01-31 00:00:00,53,F,south,62,99.2,6150.4,4,two_year,credit_card,2,296.1,1,0,0,0
4024,2023-07-29 00:00:00,46,F,south,24,51.94,1246.56,3,month-to-month,credit_card,1,156.2,1,1,0,0
4025,2023-11-28 00:00:00,22,M,east,69,90.32,6232.08,4,one_year,bank_transfer,2,423.6,1,0,0,0
4026,2023-04-13 00:00:00,42,F,east,30,75.72,2271.6,6,month-to-month,credit_card,0,163.0,0,0,1,0
4027,2023-06-03 00:00:00,56,M,north,25,104.32,2608.0,1,one_year,electronic_check,3,60.2,1,0,1,0
4028,2023-11-18 00:00:00,35,F,north,62,97.59,6050.58,1,month-to-month,credit_card,1,249.3,0,0,0,0
4029,2024-05-18 00:00:00,36,M,north,57,48.41,2759.37,3,two_year,bank_transfer,3,316.8,0,1,1,0
4030,2023-10-30 00:00:00,23,F,east,17,34.95,594.15,4,one_year,bank_transfer,1,138.0,1,0,0,0
4031,2024-01-31 00:00:00,28,M,east,57,100.77,5743.89,2,two_year,bank_transfer,2,447.4,1,0,0,0
4032,2024-01-16 00:00:00,69,M,north,18,23.28,419.04,4,month-to-month,credit_card,0,30.7,0,1,1,0
4033,2023-07-16 00:00:00,50,F,east,65,87.9,5713.5,1,two_year,credit_card,1,298.0,1,1,1,0
4034,2023-07-24 00:00:00,27,F,north,0,67.59,0.0,2,month-to-month,electronic_check,1,421.0,1,1,0,0
4035,2023-11-07 00:00:00,43,F,west,48,27.53,1321.44,3,month-to-month,electronic_check,4,405.3,0,1,0,0
4036,2023-01-24 00:00:00,28,F,east,11,88.86,977.46,1,month-to-month,electronic_check,0,325.6,0,0,0,1
4037,2024-05-15 00:00:00,41,M,east,49,68.29,3346.21,4,two_year,credit_card,4,21.0,1,0,0,0
4038,2024-03-24 00:00:00,25,M,east,71,106.01,7526.71,4,month-to-month,electronic_check,1,40.4,0,1,0,0
4039,2023-08-12 00:00:00,50,F,south,48,40.86,1961.28,4,one_year,bank_transfer,0,240.9,1,0,1,0
4040,2023-09-30 00:00:00,48,F,west,31,20.23,627.13,4,one_year,mailed_check,1,472.5,1,0,0,0
4041,2023-08-28 00:00:00,51,F,east,60,33.05,1983.0,5,one_year,credit_card,0,39.2,0,1,1,0
4042,2024-04-20 00:00:00,41,M,north,14,46.96,657.44,4,one_year,credit_card,0,426.3,0,1,0,0
4043,2024-07-08 00:00:00,33,F,west,39,85.22,3323.58,4,one_year,mailed_check,1,406.5,1,1,1,0
4044,2023-03-21 00:00:00,31,M,east,70,56.26,3938.2,2,month-to-month,mailed_check,2,476.9,0,0,0,0
4045,2023-10-29 00:00:00,29,F,south,25,31.82,795.5,5,one_year,credit_card,1,75.7,0,0,0,0
4046,2023-01-11 00:00:00,40,F,west,1,118.16,118.16,2,month-to-month,electronic_check,1,52.4,0,1,0,1
4047,2023-11-27 00:00:00,41,F,north,32,30.82,986.24,1,one_year,mailed_check,1,189.6,1,0,1,0
4048,2023-07-01 00:00:00,53,M,east,35,55.51,1942.85,6,two_year,credit_card,2,259.2,0,0,0,0
4049,2023-09-03 00:00:00,20,M,east,59,107.66,6351.94,2,month-to-month,bank_transfer,1,429.0,1,1,0,0
4050,2023-11-30 00:00:00,32,M,west,58,85.26,4945.08,1,month-to-month,credit_card,1,460.3,1,1,0,0
4051,2023-08-25 00:00:00,63,M,east,24,51.98,1247.52,2,month-to-month,mailed_check,0,160.1,1,0,0,0
4052,2023-10-15 00:00:00,66,M,west,56,117.03,6553.68,6,two_year,bank_transfer,0,411.7,1,0,0,0
4053,2024-07-12 00:00:00,67,F,south,10,70.11,701.1,6,two_year,credit_card,0,418.7,0,0,0,1
4054,2024-08-14 00:00:00,34,M,west,13,20.81,270.53,5,month-to-month,bank_transfer,0,206.1,1,1,1,0
4055,2023-01-05 00:00:00,25,M,north,44,20.62,907.28,2,two_year,credit_card,1,228.9,0,1,1,0
4056,2023-10-03 00:00:00,28,F,west,51,114.1,5819.1,4,month-to-month,credit_card,0,440.9,1,0,0,0
4057,2024-09-10 00:00:00,24,M,west,58,48.12,2790.96,5,two_year,electronic_check,2,438.5,1,0,0,0
4058,2024-01-23 00:00:00,68,M,east,45,101.21,4554.45,3,two_year,electronic_check,2,480.5,1,1,0,0
4059,2023-05-30 00:00:00,64,F,north,9,24.36,219.24,2,month-to-month,bank_transfer,2,306.0,0,0,0,1
4060,2024-03-09 00:00:00,60,M,south,49,34.69,1699.81,6,two_year,credit_card,0,243.4,0,1,0,0
4061,2023-04-16 00:00:00,56,M,north,31,105.68,3276.08,1,month-to-month,credit_card,2,413.4,0,0,0,1
4062,2023-01-16 00:00:00,36,F,west,19,119.41,2268.79,6,month-to-month,electronic_check,1,40.3,1,0,0,1
4063,2024-04-06 00:00:00,43,M,south,24,25.19,604.56,3,two_year,bank_transfer,0,436.2,0,1,1,0
4064,2024-01-12 00:00:00,62,M,west,59,36.76,2168.84,5,month-to-month,bank_transfer,1,108.3,1,0,0,0
4065,2024-07-06 00:00:00,61,M,west,12,92.29,1107.48,3,month-to-month,mailed_check,1,234.8,1,0,0,1
4066,2023-09-09 00:00:00,45,M,north,40,72.95,2918.0,5,month-to-month,bank_transfer,1,343.1,1,0,1,0
4067,2024-09-15 00:00:00,62,F,west,6,60.6,363.6,6,one_year,credit_card,0,13.9,0,1,1,0
4068,2023-11-04 00:00:00,36,M,south,52,39.45,2051.4,3,one_year,mailed_check,1,195.3,1,1,0,1
4069,2024-06-22 00:00:00,39,M,north,10,114.54,1145.4,2,two_year,electronic_check,3,146.4,0,0,0,1
4070,2023-03-15 00:00:00,62,M,south,68,37.23,2531.64,1,two_year,mailed_check,0,34.2,0,0,1,0
4071,2023-03-12 00:00:00,37,F,east,64,46.52,2977.28,6,two_year,electronic_check,0,84.1,1,0,0,0
4072,2024-07-25 00:00:00,57,M,west,62,52.43,3250.66,6,one_year,bank_transfer,2,79.8,0,1,0,0
4073,2024-08-31 00:00:00,42,F,east,25,33.86,846.5,4,two_year,credit_card,3,375.6,1,1,1,0
4074,2024-11-18 00:00:00,33,M,north,57,73.62,4196.34,1,month-to-month,bank_transfer,0,202.3,0,1,0,0
4075,2023-08-25 00:00:00,29,F,south,9,54.13,487.17,6,one_year,credit_card,2,23.1,1,1,0,0
4076,2023-01-17 00:00:00,50,M,south,21,80.78,1696.38,3,month-to-month,bank_transfer,3,111.3,0,0,0,0
4077,2024-12-16 00:00:00,43,M,east,9,56.79,511.11,2,month-to-month,mailed_check,2,361.7,0,1,0,0
4078,2024-03-15 00:00:00,37,F,east,3,31.64,94.92,3,month-to-month,mailed_check,0,111.6,0,0,0,1
4079,2023-06-30 00:00:00,57,M,north,26,107.26,2788.76,6,month-to-month,mailed_check,0,218.9,1,1,0,1
4080,2024-07-11 00:00:00,18,F,north,41,70.97,2909.77,5,two_year,mailed_check,0,328.9,0,1,1,0
4081,2024-10-21 00:00:00,22,F,north,62,52.19,3235.78,4,month-to-month,electronic_check,3,480.6,1,0,0,0
4082,2023-07-27 00:00:00,68,F,west,2,21.64,43.28,5,two_year,bank_transfer,1,30.2,0,1,1,0
4083,2024-07-15 00:00:00,53,M,east,29,79.78,2313.62,6,month-to-month,electronic_check,0,110.8,1,0,0,1
4084,2024-07-28 00:00:00,47,F,south,52,98.25,5109.0,4,one_year,electronic_check,4,111.1,0,1,0,0
4085,2024-01-02 00:00:00,18,M,west,14,85.01,1190.14,2,month-to-month,mailed_check,1,441.8,1,0,0,0
4086,2024-04-06 00:00:00,49,F,north,53,98.77,5234.81,1,two_year,credit_card,0,275.6,1,1,0,0
4087,2023-07-16 00:00:00,41,F,north,41,35.5,1455.5,1,month-to-month,electronic_check,0,375.4,0,0,0,0
4088,2024-11-09 00:00:00,49,F,south,41,117.17,4803.97,2,one_year,bank_transfer,2,229.6,1,0,0,0
4089,2024-12-18 00:00:00,20,F,north,9,41.13,370.17,5,two_year,mailed_check,0,236.5,1,1,1,0
4090,2024-12-17 00:00:00,47,F,west,12,46.68,560.16,1,one_year,electronic_check,2,486.9,0,1,0,0
4091,2024-06-22 00:00:00,48,F,west,64,71.23,4558.72,1,two_year,electronic_check,2,82.5,1,0,0,0
4092,2023-01-31 00:00:00,33,M,east,63,20.52,1292.76,6,month-to-month,electronic_check,1,198.7,1,0,1,0
4093,2023-09-25 00:00:00,20,F,west,33,64.24,2119.92,3,month-to-month,mailed_check,0,493.5,0,1,1,0
4094,2023-11-21 00:00:00,69,M,south,43,39.57,1701.51,1,month-to-month,mailed_check,0,130.3,1,0,1,0
4095,2024-12-01 00:00:00,55,M,north,39,94.9,3701.1,6,month-to-month,bank_transfer,0,55.5,1,0,1,0
4096,2024-02-04 00:00:00,50,F,south,37,95.78,3543.86,6,month-to-month,electronic_check,0,148.2,0,1,1,0
4097,2024-01-27 00:00:00,58,M,north,51,81.57,4160.07,4,one_year,electronic_check,1,417.9,1,0,1,0
4098,2023-04-18 00:00:00,53,F,west,41,62.17,2548.97,1,two_year,electronic_check,0,497.8,1,1,0,0
4099,2024-08-02 00:00:00,25,M,east,9,51.02,459.18,4,one_year,credit_card,2,311.6,0,1,1,0
4100,2023-09-03 00:00:00,42,M,west,6,102.75,616.5,6,two_year,mailed_check,1,494.8,0,1,0,0
4101,2023-03-09 00:00:00,65,F,south,62,70.71,4384.02,6,month-to-month,bank_transfer,2,89.0,1,1,1,0
4102,2024-12-21 00:00:00,33,M,east,54,69.65,3761.1,4,month-to-month,bank_transfer,2,314.6,0,1,0,0
4103,2023-05-19 00:00:00,69,F,south,14,31.34,438.76,6,one_year,electronic_check,0,296.3,0,1,0,0
4104,2023-01-12 00:00:00,21,F,south,4,41.84,167.36,5,month-to-month,electronic_check,3,65.7,0,0,1,0
4105,2023-02-26 00:00:00,35,F,east,16,56.05,896.8,1,month-to-month,bank_transfer,2,307.9,1,0,1,0
4106,2023-11-27 00:00:00,36,M,west,42,89.89,3775.38,4,two_year,credit_card,3,268.2,1,0,0,0
4107,2023-03-17 00:00:00,50,F,east,42,104.53,4390.26,4,month-to-month,credit_card,1,378.2,0,0,0,0
4108,2024-09-07 00:00:00,27,M,east,12,119.29,1431.48,5,month-to-month,electronic_check,0,415.2,0,1,0,0
4109,2024-01-10 00:00:00,30,M,east,12,62.74,752.88,4,month-to-month,electronic_check,2,112.0,0,1,0,1
4110,2023-08-25 00:00:00,53,M,south,15,65.32,979.8,5,one_year,mailed_check,1,55.0,0,1,1,0
4111,2023-01-03 00:00:00,33,M,west,32,96.61,3091.52,4,month-to-month,electronic_check,2,462.2,0,0,0,1
4112,2023-12-17 00:00:00,64,M,west,17,52.12,886.04,2,one_year,credit_card,1,370.3,1,1,1,0
4113,2023-04-21 00:00:00,64,M,south,33,74.05,2443.65,3,month-to-month,electronic_check,0,181.2,0,1,1,1
4114,2024-12-14 00:00:00,34,M,west,1,87.7,87.7,6,one_year,electronic_check,1,268.3,1,1,1,1
4115,2023-08-01 00:00:00,47,F,south,68,43.62,2966.16,6,two_year,electronic_check,3,411.2,1,1,1,0
4116,2023-12-13 00:00:00,35,M,east,65,47.96,3117.4,4,month-to-month,credit_card,0,81.3,1,0,1,0
4117,2023-01-14 00:00:00,36,M,east,24,55.62,1334.88,2,one_year,mailed_check,1,0.7,1,1,0,0
4118,2023-04-06 00:00:00,53,M,west,58,77.77,4510.66,2,month-to-month,electronic_check,1,273.2,0,1,0,0
4119,2023-06-01 00:00:00,33,M,west,39,47.04,1834.56,2,month-to-month,mailed_check,0,46.6,1,0,1,0
4120,2023-02-07 00:00:00,25,F,south,2,40.82,81.64,2,month-to-month,electronic_check,4,481.1,1,1,1,0
4121,2024-06-13 00:00:00,31,F,east,20,34.95,699.0,6,month-to-month,electronic_check,5,101.9,0,1,1,0
4122,2024-11-21 00:00:00,67,F,east,4,100.93,403.72,4,two_year,credit_card,1,368.1,0,0,0,0
4123,2024-12-20 00:00:00,31,F,west,51,108.6,5538.6,3,two_year,bank_transfer,2,355.5,1,0,1,0
4124,2023-07-14 00:00:00,37,M,north,57,110.47,6296.79,6,two_year,bank_transfer,2,83.1,1,1,1,0
4125,2024-07-29 00:00:00,51,F,east,45,102.16,4597.2,3,month-to-month,mailed_check,1,12.7,1,1,0,0
4126,2024-01-03 00:00:00,23,M,east,0,33.73,0.0,5,one_year,mailed_check,3,115.1,0,1,0,0
4127,2023-02-03 00:00:00,32,M,south,17,29.78,506.26,4,one_year,bank_transfer,0,270.5,0,1,1,0
4128,2023-03-08 00:00:00,27,M,south,34,69.92,2377.28,2,month-to-month,electronic_check,2,63.2,1,1,1,0
4129,2024-02-04 00:00:00,66,M,east,10,72.14,721.4,6,one_year,bank_transfer,2,470.0,1,0,0,0
4130,2023-11-06 00:00:00,67,F,south,7,93.28,652.96,5,two_year,mailed_check,2,391.4,0,1,0,0
4131,2023-01-07 00:00:00,58,M,north,22,42.29,930.38,6,two_year,electronic_check,1,112.1,0,0,1,1
4132,2024-11-09 00:00:00,31,M,west,43,113.09,4862.87,1,two_year,electronic_check,2,56.5,0,0,1,0
4133,2024-06-17 00:00:00,50,M,south,6,50.99,305.94,2,month-to-month,credit_card,3,33.8,0,0,0,0
4134,2024-01-02 00:00:00,53,F,north,72,77.78,5600.16,2,two_year,credit_card,3,409.8,1,1,1,0
4135,2024-12-21 00:00:00,64,F,north,33,106.42,3511.86,5,two_year,electronic_check,1,441.1,1,0,0,0
4136,2024-12-09 00:00:00,26,F,west,12,72.34,868.08,6,one_year,electronic_check,2,263.0,1,1,0,0
4137,2024-12-11 00:00:00,57,F,south,1,95.36,95.36,1,month-to-month,bank_transfer,0,282.3,0,0,1,0
4138,2023-07-08 00:00:00,28,F,south,69,94.9,6548.1,1,month-to-month,bank_transfer,1,211.1,1,1,0,0
4139,2024-10-05 00:00:00,48,M,south,43,99.0,4257.0,5,month-to-month,mailed_check,1,399.3,0,0,1,0
4140,2024-01-04 00:00:00,64,M,north,63,101.1,6369.3,3,month-to-month,credit_card,2,436.8,1,0,1,0
4141,2024-06-14 00:00:00,21,M,east,56,59.25,3318.0,5,two_year,credit_card,0,157.0,0,1,1,0
4142,2024-09-19 00:00:00,25,M,north,71,56.36,4001.56,1,two_year,electronic_check,1,450.3,1,0,1,0
4143,2023-04-30 00:00:00,61,F,west,64,100.35,6422.4,4,two_year,electronic_check,0,120.9,1,0,0,0
4144,2023-11-24 00:00:00,18,M,south,55,77.97,4288.35,1,month-to-month,electronic_check,2,110.2,0,0,0,0
4145,2023-04-05 00:00:00,54,M,north,62,80.77,5007.74,6,one_year,credit_card,0,425.7,1,1,1,0
4146,2023-07-24 00:00:00,44,F,south,62,61.19,3793.78,1,month-to-month,mailed_check,3,260.2,0,0,0,0
4147,2023-10-29 00:00:00,36,M,north,18,40.16,722.88,2,month-to-month,credit_card,0,26.2,0,1,1,0
4148,2024-09-16 00:00:00,63,M,south,43,65.69,2824.67,1,month-to-month,bank_transfer,0,51.0,1,0,0,0
4149,2024-09-21 00:00:00,62,M,north,71,116.96,8304.16,2,two_year,bank_transfer,0,144.1,1,1,1,0
4150,2023-10-12 00:00:00,35,F,east,63,49.09,3092.67,3,one_year,electronic_check,2,89.2,0,0,0,0
4151,2023-08-29 00:00:00,18,M,west,7,47.2,330.4,4,two_year,electronic_check,0,498.2,0,0,0,0
4152,2024-01-23 00:00:00,24,M,south,8,33.08,264.64,6,month-to-month,credit_card,0,358.7,0,1,1,1
4153,2024-10-27 00:00:00,23,M,north,14,68.12,953.68,6,month-to-month,mailed_check,1,219.3,1,0,1,0
4154,2024-12-13 00:00:00,70,F,north,54,48.85,2637.9,1,one_year,credit_card,1,403.5,0,0,0,0
4155,2023-06-15 00:00:00,49,M,west,28,88.71,2483.88,3,one_year,electronic_check,2,147.0,0,0,1,0
4156,2023-05-17 00:00:00,53,M,south,45,33.51,1507.95,6,two_year,bank_transfer,1,14.5,1,1,0,0
4157,2024-05-30 00:00:00,30,F,south,10,44.73,447.3,1,month-to-month,bank_transfer,1,182.5,1,1,1,0
4158,2023-08-09 00:00:00,63,F,north,4,26.19,104.76,5,month-to-month,electronic_check,2,179.0,0,0,0,0
4159,2023-05-26 00:00:00,56,M,east,56,24.15,1352.4,3,two_year,mailed_check,0,70.1,1,1,1,0
4160,2023-01-23 00:00:00,57,M,north,21,101.41,2129.61,2,month-to-month,credit_card,3,315.2,0,0,1,0
4161,2023-10-22 00:00:00,42,M,west,3,110.59,331.77,1,month-to-month,mailed_check,1,193.3,1,1,0,1
4162,2023-10-14 00:00:00,55,F,north,15,96.39,1445.85,2,two_year,mailed_check,3,149.2,0,0,0,0
4163,2024-02-16 00:00:00,46,M,north,23,106.52,2449.96,1,one_year,bank_transfer,1,302.2,0,0,0,0
4164,2023-05-27 00:00:00,38,F,east,29,28.66,831.14,2,one_year,bank_transfer,1,361.3,1,1,1,0
4165,2024-06-05 00:00:00,49,F,south,65,109.81,7137.65,4,month-to-month,credit_card,1,495.3,0,1,1,0
4166,2024-05-11 00:00:00,35,F,east,14,66.6,932.4,5,one_year,mailed_check,2,442.5,0,0,1,0
4167,2023-12-04 00:00:00,68,M,north,44,96.86,4261.84,4,month-to-month,mailed_check,1,7.7,0,0,0,0
4168,2023-05-13 00:00:00,55,F,west,20,81.58,1631.6,5,one_year,mailed_check,2,75.9,0,0,1,0
4169,2024-01-06 00:00:00,57,F,south,36,54.99,1979.64,1,one_year,credit_card,1,272.7,0,1,1,0
4170,2024-05-07 00:00:00,55,F,west,21,46.48,976.08,2,month-to-month,credit_card,3,231.7,1,1,0,0
4171,2023-09-30 00:00:00,41,M,west,25,31.81,795.25,4,month-to-month,bank_transfer,0,436.5,1,1,0,0
4172,2023-07-12 00:00:00,68,F,east,43,61.27,2634.61,1,month-to-month,electronic_check,3,407.3,0,1,1,0
4173,2024-01-05 00:00:00,29,F,south,43,69.41,2984.63,4,month-to-month,credit_card,0,264.4,0,1,0,0
4174,2023-09-17 00:00:00,48,F,south,9,118.31,1064.79,2,month-to-month,electronic_check,1,474.5,1,0,1,1
4175,2023-10-20 00:00:00,21,F,east,11,23.73,261.03,3,two_year,electronic_check,3,179.7,1,0,1,0
4176,2023-09-12 00:00:00,33,M,north,17,79.01,1343.17,4,month-to-month,mailed_check,2,326.0,1,1,0,0
4177,2023-08-10 00:00:00,48,M,north,65,72.5,4712.5,6,month-to-month,bank_transfer,2,348.0,0,0,1,0
4178,2024-06-07 00:00:00,43,F,east,23,22.29,512.67,1,one_year,electronic_check,0,254.3,0,1,1,0
4179,2023-12-02 00:00:00,67,F,north,42,52.97,2224.74,4,one_year,electronic_check,0,107.9,1,1,0,0
4180,2023-12-07 00:00:00,50,F,south,32,62.29,1993.28,4,month-to-month,bank_transfer,1,77.5,0,1,1,0
4181,2024-04-21 00:00:00,39,M,east,25,69.43,1735.75,1,month-to-month,bank_transfer,1,80.8,1,1,0,0
4182,2023-09-21 00:00:00,40,M,south,2,43.35,86.7,4,month-to-month,electronic_check,2,194.0,0,1,1,0
4183,2023-03-15 00:00:00,50,F,west,32,23.41,749.12,1,month-to-month,electronic_check,1,335.6,0,0,1,0
4184,2024-09-14 00:00:00,59,F,west,72,49.38,3555.36,5,month-to-month,bank_transfer,3,155.0,1,1,1,0
4185,2023-02-10 00:00:00,32,M,north,68,103.64,7047.52,2,one_year,electronic_check,1,430.3,0,1,1,0
4186,2024-02-22 00:00:00,48,M,north,21,100.79,2116.59,1,month-to-month,electronic_check,2,298.0,0,0,0,0
4187,2023-07-14 00:00:00,48,F,west,38,38.08,1447.04,1,month-to-month,credit_card,0,227.0,1,0,1,0
4188,2023-06-06 00:00:00,18,M,north,20,84.63,1692.6,3,one_year,bank_transfer,0,160.7,0,1,0,1
4189,2023-01-31 00:00:00,66,M,south,67,112.36,7528.12,2,month-to-month,mailed_check,4,56.7,0,1,1,0
4190,2024-10-19 00:00:00,48,M,west,40,37.21,1488.4,3,two_year,bank_transfer,0,275.0,1,1,1,0
4191,2023-11-10 00:00:00,30,M,east,67,32.87,2202.29,6,one_year,bank_transfer,1,189.1,0,1,0,0
4192,2023-09-08 00:00:00,51,M,south,62,22.21,1377.02,6,one_year,mailed_check,0,481.4,1,0,1,0
4193,2024-06-25 00:00:00,53,F,north,23,37.24,856.52,5,month-to-month,bank_transfer,2,371.2,0,1,1,0
4194,2023-01-29 00:00:00,66,F,south,33,101.4,3346.2,3,month-to-month,bank_transfer,0,67.6,0,0,0,0
4195,2024-02-17 00:00:00,19,F,east,41,101.4,4157.4,1,month-to-month,electronic_check,3,278.0,0,0,0,1
4196,2023-12-28 00:00:00,39,F,north,18,74.05,1332.9,3,two_year,mailed_check,2,436.9,0,0,1,0
4197,2024-02-09 00:00:00,27,M,east,60,53.36,3201.6,1,month-to-month,electronic_check,2,469.6,1,1,1,0
4198,2023-04-01 00:00:00,48,M,south,41,100.68,4127.88,1,month-to-month,bank_transfer,0,465.8,1,0,1,0
4199,2024-11-26 00:00:00,44,M,south,15,39.5,592.5,2,one_year,bank_transfer,0,408.6,0,1,1,0
4200,2023-06-24 00:00:00,43,M,west,35,33.99,1189.65,5,month-to-month,credit_card,2,138.6,1,0,0,0
4201,2024-05-10 00:00:00,70,F,west,59,28.92,1706.28,5,one_year,mailed_check,0,316.1,0,0,0,0
4202,2024-06-29 00:00:00,46,M,east,30,105.13,3153.9,4,two_year,bank_transfer,3,355.0,0,1,1,0
4203,2023-09-09 00:00:00,39,F,east,51,91.48,4665.48,2,month-to-month,bank_transfer,2,417.0,0,0,0,0
4204,2023-04-06 00:00:00,21,M,south,71,82.46,5854.66,5,month-to-month,electronic_check,2,443.1,1,0,0,0
4205,2023-08-05 00:00:00,33,M,north,24,92.75,2226.0,6,two_year,credit_card,3,265.6,1,0,0,0
4206,2024-08-12 00:00:00,65,M,south,72,34.35,2473.2,4,month-to-month,mailed_check,1,161.7,0,0,0,0
4207,2024-10-23 00:00:00,41,M,north,30,58.48,1754.4,5,one_year,mailed_check,1,263.1,1,0,1,0
4208,2024-11-14 00:00:00,66,F,south,41,101.41,4157.81,6,month-to-month,credit_card,3,461.0,1,0,0,0
4209,2023-06-15 00:00:00,46,F,south,56,111.68,6254.08,5,month-to-month,bank_transfer,1,263.1,0,0,0,0
4210,2024-03-18 00:00:00,47,M,east,4,71.31,285.24,6,month-to-month,mailed_check,1,70.4,1,0,0,1
4211,2023-04-21 00:00:00,40,F,south,51,32.21,1642.71,2,two_year,mailed_check,1,217.5,1,1,1,0
4212,2024-06-02 00:00:00,47,F,south,41,117.85,4831.85,2,month-to-month,bank_transfer,1,380.6,1,1,0,0
4213,2023-10-31 00:00:00,21,M,east,47,59.5,2796.5,2,month-to-month,mailed_check,5,486.8,0,1,0,0
4214,2024-06-04 00:00:00,21,M,north,69,51.9,3581.1,2,month-to-month,bank_transfer,1,211.3,1,0,0,0
4215,2024-05-15 00:00:00,43,M,north,35,32.0,1120.0,4,month-to-month,bank_transfer,1,398.6,1,0,1,0
4216,2024-12-25 00:00:00,49,M,east,67,21.26,1424.42,6,month-to-month,electronic_check,2,136.4,0,1,1,0
4217,2023-12-23 00:00:00,47,F,east,41,80.37,3295.17,2,two_year,bank_transfer,0,181.8,1,1,0,0
4218,2023-09-07 00:00:00,40,M,west,15,81.24,1218.6,5,one_year,electronic_check,2,149.0,1,1,1,0
4219,2024-01-20 00:00:00,33,F,east,47,43.42,2040.74,1,month-to-month,bank_transfer,1,339.1,0,1,0,0
4220,2023-04-29 00:00:00,55,F,west,13,36.2,470.6,6,month-to-month,electronic_check,0,458.7,0,0,1,1
4221,2023-03-23 00:00:00,50,M,east,65,72.8,4732.0,4,month-to-month,mailed_check,0,409.4,1,0,0,0
4222,2024-01-14 00:00:00,20,F,west,11,63.54,698.94,3,month-to-month,electronic_check,0,296.7,0,0,1,0
4223,2024-08-25 00:00:00,41,M,north,36,50.37,1813.32,3,month-to-month,electronic_check,1,267.4,0,1,1,0
4224,2024-01-25 00:00:00,55,M,east,59,41.82,2467.38,6,two_year,bank_transfer,1,425.2,1,1,1,0
4225,2024-07-24 00:00:00,59,M,west,0,105.93,0.0,3,month-to-month,mailed_check,0,468.9,1,1,1,0
4226,2023-05-10 00:00:00,33,M,west,35,118.38,4143.3,1,month-to-month,mailed_check,3,389.6,0,0,1,0
4227,2023-11-25 00:00:00,67,M,south,36,55.56,2000.16,4,one_year,credit_card,0,328.2,1,0,1,0
4228,2024-03-23 00:00:00,52,F,west,24,89.81,2155.44,4,month-to-month,electronic_check,1,398.5,1,0,1,1
4229,2023-09-11 00:00:00,41,F,south,49,106.55,5220.95,5,one_year,mailed_check,2,243.6,0,1,0,0
4230,2023-01-11 00:00:00,51,F,north,23,22.69,521.87,3,one_year,mailed_check,1,212.2,1,1,0,0
4231,2023-02-23 00:00:00,64,M,west,27,110.81,2991.87,2,month-to-month,credit_card,1,481.7,1,1,0,0
4232,2024-11-08 00:00:00,30,F,south,20,69.91,1398.2,1,two_year,electronic_check,0,275.9,1,1,0,0
4233,2024-03-17 00:00:00,25,M,north,45,75.67,3405.15,6,month-to-month,mailed_check,1,287.7,1,1,1,0
4234,2023-07-13 00:00:00,41,F,north,64,73.99,4735.36,2,month-to-month,credit_card,0,58.6,0,0,0,0
4235,2023-07-08 00:00:00,22,F,north,12,44.29,531.48,3,one_year,mailed_check,1,257.4,1,1,0,1
4236,2023-01-29 00:00:00,62,F,west,29,98.22,2848.38,1,one_year,credit_card,0,189.4,0,0,1,0
4237,2024-11-20 00:00:00,69,M,west,16,93.23,1491.68,2,month-to-month,electronic_check,1,139.7,1,0,0,0
4238,2023-03-21 00:00:00,50,F,west,17,29.58,502.86,1,month-to-month,electronic_check,2,482.5,1,1,1,0
4239,2024-07-08 00:00:00,69,F,north,70,76.28,5339.6,3,two_year,mailed_check,0,464.7,0,1,0,0
4240,2023-06-25 00:00:00,21,M,west,51,115.7,5900.7,6,one_year,electronic_check,0,488.8,0,0,0,0
4241,2023-09-03 00:00:00,51,F,east,68,107.12,7284.16,2,month-to-month,mailed_check,5,174.9,0,0,1,0
4242,2023-07-19 00:00:00,41,M,south,46,82.59,3799.14,6,month-to-month,electronic_check,2,325.1,1,1,0,0
4243,2024-08-24 00:00:00,32,M,east,48,39.87,1913.76,4,one_year,mailed_check,2,154.0,1,1,0,0
4244,2023-01-24 00:00:00,34,F,west,52,54.72,2845.44,6,one_year,credit_card,1,222.3,0,0,1,0
4245,2023-09-15 00:00:00,46,F,south,47,35.04,1646.88,4,month-to-month,credit_card,0,133.2,1,1,0,0
4246,2023-07-23 00:00:00,52,M,north,60,102.19,6131.4,6,month-to-month,electronic_check,1,292.2,0,1,1,0
4247,2023-07-19 00:00:00,26,M,west,23,97.87,2251.01,4,month-to-month,electronic_check,0,144.4,1,0,0,0
4248,2023-05-21 00:00:00,50,M,north,7,111.04,777.28,5,one_year,credit_card,0,146.6,0,1,0,1
4249,2024-10-28 00:00:00,67,M,north,35,26.34,921.9,1,one_year,bank_transfer,0,210.6,1,0,0,0
4250,2023-10-04 00:00:00,18,F,east,0,116.47,0.0,6,one_year,bank_transfer,2,11.4,0,1,0,0
4251,2023-11-02 00:00:00,64,M,west,3,116.64,349.92,1,one_year,credit_card,2,449.2,1,0,1,0
4252,2023-10-09 00:00:00,50,F,west,3,87.44,262.32,2,month-to-month,mailed_check,2,111.1,1,1,0,0
4253,2024-12-16 00:00:00,36,M,west,5,108.17,540.85,5,two_year,mailed_check,1,315.4,1,0,0,0
4254,2023-09-05 00:00:00,56,M,west,51,63.84,3255.84,2,two_year,credit_card,2,34.1,0,0,1,0
4255,2023-09-07 00:00:00,50,M,north,43,51.34,2207.62,1,two_year,mailed_check,3,190.8,1,0,1,0
4256,2023-08-28 00:00:00,58,M,south,68,35.44,2409.92,6,two_year,bank_transfer,0,22.0,1,0,1,0
4257,2023-08-27 00:00:00,22,M,east,21,23.16,486.36,4,two_year,credit_card,1,498.9,1,1,1,0
4258,2023-03-07 00:00:00,21,M,south,24,24.2,580.8,3,month-to-month,mailed_check,1,434.5,1,1,0,0
4259,2024-03-17 00:00:00,52,M,east,35,89.16,3120.6,2,month-to-month,credit_card,1,426.0,0,0,1,0
4260,2023-01-19 00:00:00,34,M,south,57,53.66,3058.62,5,month-to-month,electronic_check,1,103.1,1,0,0,0
4261,2023-06-14 00:00:00,30,F,south,67,25.41,1702.47,2,month-to-month,credit_card,1,284.4,1,0,0,0
4262,2023-05-28 00:00:00,40,F,north,53,31.22,1654.66,4,two_year,electronic_check,1,434.0,0,0,1,0
4263,2023-08-01 00:00:00,56,F,east,37,86.53,3201.61,1,month-to-month,electronic_check,1,189.4,0,1,1,0
4264,2024-07-06 00:00:00,27,M,west,71,113.87,8084.77,2,month-to-month,bank_transfer,0,17.5,1,1,1,0
4265,2024-03-13 00:00:00,69,M,west,13,60.8,790.4,1,month-to-month,credit_card,2,210.1,0,0,0,0
4266,2024-12-24 00:00:00,40,M,south,34,97.77,3324.18,2,month-to-month,bank_transfer,4,446.0,0,0,0,0
4267,2023-09-14 00:00:00,25,F,east,18,117.36,2112.48,3,month-to-month,bank_transfer,2,55.6,1,0,0,0
4268,2024-11-08 00:00:00,21,F,north,12,90.83,1089.96,5,month-to-month,credit_card,1,43.7,1,0,1,0
4269,2023-02-02 00:00:00,63,M,east,28,92.3,2584.4,5,month-to-month,mailed_check,2,299.2,0,1,1,0
4270,2024-01-04 00:00:00,24,M,south,55,81.59,4487.45,4,month-to-month,credit_card,1,113.4,1,0,0,0
4271,2024-08-06 00:00:00,40,M,west,23,117.77,2708.71,6,one_year,electronic_check,2,194.4,1,0,1,0
4272,2024-01-24 00:00:00,53,M,east,59,49.98,2948.82,3,one_year,electronic_check,0,199.7,1,0,1,0
4273,2024-11-12 00:00:00,45,F,north,44,98.3,4325.2,3,month-to-month,electronic_check,0,350.0,0,1,1,0
4274,2023-08-18 00:00:00,31,M,west,51,61.51,3137.01,4,two_year,credit_card,1,14.1,0,1,1,0
4275,2023-01-25 00:00:00,23,M,east,17,35.54,604.18,2,month-to-month,electronic_check,0,329.6,1,0,1,0
4276,2024-07-18 00:00:00,55,M,north,63,93.94,5918.22,3,one_year,mailed_check,0,245.3,0,1,0,0
4277,2023-02-19 00:00:00,43,M,south,14,102.94,1441.16,6,two_year,electronic_check,1,256.4,1,1,1,0
4278,2024-07-12 00:00:00,20,M,north,27,106.36,2871.72,3,two_year,electronic_check,1,353.6,1,0,0,0
4279,2024-06-19 00:00:00,27,M,south,57,112.19,6394.83,6,month-to-month,bank_transfer,1,320.7,1,0,0,0
4280,2024-09-08 00:00:00,47,M,west,50,94.49,4724.5,5,month-to-month,electronic_check,1,338.3,1,0,0,0
4281,2023-12-16 00:00:00,26,M,west,21,72.76,1527.96,2,two_year,credit_card,1,149.5,1,0,1,0
4282,2024-10-15 00:00:00,38,F,east,19,113.87,2163.53,3,one_year,credit_card,1,426.3,0,1,0,0
4283,2023-05-04 00:00:00,24,M,south,31,40.96,1269.76,3,one_year,bank_transfer,2,307.8,0,0,0,0
4284,2023-11-14 00:00:00,60,M,south,32,27.73,887.36,6,month-to-month,mailed_check,1,230.2,0,0,1,0
4285,2023-03-30 00:00:00,51,F,west,4,63.16,252.64,3,two_year,credit_card,0,250.9,0,0,0,0
4286,2024-07-13 00:00:00,59,M,north,17,78.22,1329.74,3,two_year,mailed_check,1,122.5,0,0,1,0
4287,2024-06-05 00:00:00,20,F,west,11,88.0,968.0,5,one_year,electronic_check,2,394.2,0,0,1,0
4288,2024-08-11 00:00:00,37,F,west,11,101.54,1116.94,6,two_year,mailed_check,1,139.1,1,0,0,1
4289,2024-07-11 00:00:00,32,M,west,25,22.68,567.0,4,month-to-month,mailed_check,1,289.7,1,1,0,0
4290,2023-08-14 00:00:00,51,M,east,2,100.2,200.4,6,month-to-month,bank_transfer,0,466.9,1,1,1,1
4291,2023-02-19 00:00:00,61,F,west,49,80.01,3920.49,1,one_year,mailed_check,1,275.8,1,1,1,0
4292,2024-11-09 00:00:00,30,M,north,49,115.29,5649.21,6,one_year,credit_card,1,19.1,1,1,1,0
4293,2023-12-26 00:00:00,58,M,west,16,54.79,876.64,2,month-to-month,bank_transfer,2,484.1,0,1,1,0
4294,2023-03-10 00:00:00,48,F,north,63,81.7,5147.1,5,month-to-month,electronic_check,1,282.2,1,1,1,0
4295,2024-11-07 00:00:00,61,M,north,43,96.65,4155.95,4,one_year,mailed_check,2,91.1,1,1,0,0
4296,2024-12-26 00:00:00,22,F,north,22,71.64,1576.08,4,month-to-month,bank_transfer,1,248.5,1,0,0,0
4297,2023-11-22 00:00:00,70,F,east,14,35.59,498.26,1,one_year,electronic_check,2,184.5,1,0,1,0
4298,2024-07-16 00:00:00,41,F,north,31,24.98,774.38,4,two_year,electronic_check,0,209.7,0,0,1,0
4299,2023-01-27 00:00:00,32,F,east,70,31.14,2179.8,1,month-to-month,bank_transfer,2,242.0,0,0,0,0
4300,2023-03-10 00:00:00,27,F,north,0,69.49,0.0,4,two_year,mailed_check,1,413.7,1,0,0,0
4301,2023-07-21 00:00:00,70,M,east,1,83.96,83.96,3,month-to-month,electronic_check,1,120.4,0,0,1,1
4302,2024-04-24 00:00:00,64,F,north,30,77.05,2311.5,2,month-to-month,mailed_check,0,330.3,1,0,1,0
4303,2023-04-08 00:00:00,24,F,east,67,91.29,6116.43,3,two_year,bank_transfer,0,359.5,1,0,1,0
4304,2023-01-25 00:00:00,41,F,north,20,23.9,478.0,2,month-to-month,electronic_check,2,490.1,1,1,0,0
4305,2024-05-03 00:00:00,56,F,west,54,33.63,1816.02,1,month-to-month,bank_transfer,2,157.0,1,0,1,0
4306,2024-07-16 00:00:00,49,F,south,41,96.11,3940.51,1,two_year,mailed_check,3,100.2,1,1,0,0
4307,2024-06-23 00:00:00,28,M,east,14,98.12,1373.68,3,month-to-month,electronic_check,3,467.4,1,1,1,0
4308,2024-08-06 00:00:00,37,F,south,66,90.23,5955.18,5,month-to-month,credit_card,1,475.5,0,0,0,0
4309,2024-08-09 00:00:00,37,M,east,11,94.54,1039.94,4,month-to-month,bank_transfer,0,389.1,1,1,0,0
4310,2024-03-15 00:00:00,33,M,south,36,116.34,4188.24,1,month-to-month,credit_card,1,193.6,0,0,0,0
4311,2024-01-15 00:00:00,68,M,north,48,114.42,5492.16,3,month-to-month,electronic_check,2,485.8,0,1,1,0
4312,2024-09-17 00:00:00,28,F,west,49,84.45,4138.05,4,two_year,mailed_check,0,291.7,1,1,1,0
4313,2023-09-12 00:00:00,55,F,east,62,51.93,3219.66,2,month-to-month,bank_transfer,0,109.2,0,1,0,0
4314,2023-03-13 00:00:00,66,M,south,51,21.41,1091.91,1,month-to-month,credit_card,3,412.8,0,0,0,0
4315,2024-07-02 00:00:00,60,M,north,47,83.16,3908.52,2,one_year,bank_transfer,1,240.9,1,1,0,0
4316,2023-07-21 00:00:00,60,M,west,11,63.13,694.43,1,month-to-month,bank_transfer,2,28.8,1,0,1,0
4317,2024-12-15 00:00:00,26,M,south,22,34.7,763.4,2,month-to-month,bank_transfer,2,389.0,0,0,0,0
4318,2023-10-30 00:00:00,25,M,west,25,41.53,1038.25,4,two_year,electronic_check,1,408.3,1,0,0,0
4319,2024-09-13 00:00:00,59,F,west,27,113.65,3068.55,5,one_year,bank_transfer,2,427.9,1,1,1,0
4320,2023-01-31 00:00:00,57,M,west,8,26.62,212.96,6,one_year,bank_transfer,3,81.3,1,1,1,0
4321,2024-04-26 00:00:00,57,M,east,6,98.75,592.5,5,month-to-month,electronic_check,0,168.2,1,0,0,1
4322,2023-11-24 00:00:00,40,M,north,32,110.2,3526.4,3,two_year,electronic_check,2,395.8,1,1,1,0
4323,2023-12-04 00:00:00,45,M,north,52,88.83,4619.16,6,one_year,electronic_check,2,380.8,0,0,0,0
4324,2023-07-13 00:00:00,18,F,north,64,26.13,1672.32,6,month-to-month,electronic_check,1,442.9,1,1,1,0
4325,2024-12-09 00:00:00,33,M,south,68,104.59,7112.12,3,month-to-month,electronic_check,2,273.9,1,1,1,0
4326,2023-10-14 00:00:00,46,M,east,35,85.33,2986.55,1,month-to-month,electronic_check,3,155.4,1,1,1,0
4327,2024-09-12 00:00:00,24,F,west,65,47.7,3100.5,3,two_year,bank_transfer,0,205.3,0,1,1,0
4328,2023-11-07 00:00:00,24,M,north,33,82.97,2738.01,3,one_year,mailed_check,1,147.0,1,0,0,0
4329,2023-02-05 00:00:00,20,F,east,34,33.65,1144.1,5,month-to-month,electronic_check,1,321.2,1,0,1,0
4330,2024-10-03 00:00:00,29,F,north,15,90.76,1361.4,1,month-to-month,bank_transfer,0,247.4,0,0,0,0
4331,2023-05-16 00:00:00,70,F,south,45,110.3,4963.5,4,two_year,electronic_check,0,283.6,1,1,1,0
4332,2023-07-17 00:00:00,54,F,north,22,72.17,1587.74,2,month-to-month,mailed_check,1,336.2,0,0,0,0
4333,2024-09-20 00:00:00,68,M,south,35,115.21,4032.35,3,one_year,credit_card,2,119.6,0,0,0,0
4334,2024-10-14 00:00:00,31,M,east,68,63.81,4339.08,1,two_year,bank_transfer,2,447.3,1,0,0,0
4335,2024-10-31 00:00:00,49,M,east,39,105.76,4124.64,4,two_year,bank_transfer,0,23.4,1,0,0,0
4336,2023-11-07 00:00:00,65,M,west,22,97.36,2141.92,1,month-to-month,bank_transfer,1,122.4,0,1,0,0
4337,2024-07-06 00:00:00,36,M,east,48,28.84,1384.32,6,one_year,electronic_check,1,62.3,1,1,0,0
4338,2023-08-28 00:00:00,52,M,south,53,111.27,5897.31,5,month-to-month,mailed_check,3,205.6,0,0,1,0
4339,2024-06-24 00:00:00,54,M,west,44,111.04,4885.76,6,two_year,electronic_check,0,472.4,1,0,0,0
4340,2024-01-02 00:00:00,62,M,west,3,55.14,165.42,4,month-to-month,mailed_check,0,413.5,1,1,1,0
4341,2023-02-07 00:00:00,69,F,west,16,99.34,1589.44,6,one_year,credit_card,3,246.7,1,1,1,0
4342,2023-11-01 00:00:00,50,M,west,9,42.46,382.14,2,month-to-month,bank_transfer,2,201.1,0,0,1,0
4343,2023-12-08 00:00:00,48,M,west,69,23.04,1589.76,1,two_year,bank_transfer,0,19.7,0,1,0,0
4344,2023-07-07 00:00:00,64,M,north,22,40.79,897.38,6,month-to-month,bank_transfer,2,245.2,1,0,0,0
4345,2023-10-01 00:00:00,54,F,east,34,68.4,2325.6,4,month-to-month,bank_transfer,1,127.3,1,1,0,0
4346,2024-01-02 00:00:00,37,M,south,65,25.78,1675.7,5,two_year,mailed_check,0,0.5,0,0,1,0
4347,2023-02-06 00:00:00,51,F,south,72,36.0,2592.0,2,month-to-month,credit_card,0,422.5,1,0,1,0
4348,2023-04-21 00:00:00,47,M,north,16,115.04,1840.64,3,month-to-month,bank_transfer,0,361.2,0,0,1,0
4349,2024-07-13 00:00:00,30,M,north,62,69.38,4301.56,5,month-to-month,bank_transfer,1,469.8,0,0,1,0
4350,2023-09-14 00:00:00,45,F,west,53,102.31,5422.43,3,two_year,electronic_check,0,234.1,1,0,0,1
4351,2024-03-20 00:00:00,51,M,west,44,40.66,1789.04,1,one_year,mailed_check,0,248.4,1,0,1,0
4352,2024-02-18 00:00:00,65,M,east,12,28.85,346.2,2,one_year,mailed_check,3,280.4,1,1,0,0
4353,2024-02-07 00:00:00,48,M,north,50,98.05,4902.5,3,two_year,electronic_check,2,441.1,1,1,1,0
4354,2023-10-29 00:00:00,26,M,east,44,54.88,2414.72,5,two_year,bank_transfer,2,102.9,1,1,1,0
4355,2023-12-19 00:00:00,70,M,north,32,65.98,2111.36,3,month-to-month,credit_card,2,34.3,0,0,0,0
4356,2024-08-24 00:00:00,48,M,east,42,119.21,5006.82,3,month-to-month,bank_transfer,1,332.1,1,1,0,0
4357,2024-12-05 00:00:00,33,M,north,15,51.65,774.75,4,one_year,electronic_check,1,254.7,0,1,1,0
4358,2023-07-07 00:00:00,57,F,south,45,67.31,3028.95,1,one_year,electronic_check,2,296.3,1,0,0,0
4359,2024-05-03 00:00:00,38,M,north,11,83.48,918.28,4,month-to-month,mailed_check,2,443.7,0,0,1,0
4360,2024-12-08 00:00:00,37,M,west,20,28.91,578.2,2,two_year,electronic_check,1,453.2,1,1,1,0
4361,2023-01-06 00:00:00,62,F,east,36,91.64,3299.04,6,month-to-month,electronic_check,4,189.3,0,0,0,1
4362,2024-07-26 00:00:00,63,M,west,11,65.17,716.87,2,month-to-month,electronic_check,2,344.3,1,1,0,1
4363,2023-12-29 00:00:00,45,F,north,66,37.5,2475.0,2,month-to-month,mailed_check,1,246.1,0,1,0,0
4364,2024-12-07 00:00:00,37,M,east,64,63.05,4035.2,3,two_year,electronic_check,1,277.9,0,1,0,0
4365,2024-02-27 00:00:00,63,F,south,34,66.07,2246.38,3,month-to-month,electronic_check,1,406.5,0,0,0,0
4366,2024-09-03 00:00:00,27,F,south,41,84.07,3446.87,4,month-to-month,credit_card,1,139.8,0,1,0,0
4367,2023-05-02 00:00:00,57,M,west,21,113.71,2387.91,5,month-to-month,credit_card,0,45.8,0,0,1,0
4368,2023-04-14 00:00:00,48,F,north,15,96.51,1447.65,6,two_year,credit_card,0,341.1,0,1,1,0
4369,2024-11-07 00:00:00,63,F,west,70,58.25,4077.5,6,month-to-month,electronic_check,1,152.7,0,1,0,0
4370,2024-01-20 00:00:00,40,F,north,30,116.96,3508.8,2,month-to-month,electronic_check,1,148.9,1,1,1,0
4371,2024-02-12 00:00:00,62,M,south,69,99.08,6836.52,4,two_year,bank_transfer,2,62.6,1,0,0,0
4372,2023-05-05 00:00:00,18,M,north,4,22.8,91.2,2,one_year,bank_transfer,2,475.8,1,0,1,0
4373,2023-06-15 00:00:00,58,M,east,7,31.66,221.62,5,month-to-month,bank_transfer,0,417.1,1,1,0,1
4374,2024-08-20 00:00:00,21,F,east,34,41.8,1421.2,1,month-to-month,credit_card,2,365.5,1,1,1,0
4375,2023-08-10 00:00:00,52,M,east,57,28.35,1615.95,6,one_year,mailed_check,1,271.7,1,0,0,0
4376,2024-03-02 00:00:00,28,M,west,30,68.54,2056.2,3,month-to-month,credit_card,1,14.6,1,1,1,0
4377,2023-08-20 00:00:00,69,F,west,61,54.07,3298.27,5,month-to-month,bank_transfer,2,485.5,0,1,0,0
4378,2023-07-12 00:00:00,58,M,west,9,117.29,1055.61,5,month-to-month,electronic_check,0,98.1,0,0,1,0
4379,2023-05-02 00:00:00,23,F,south,62,67.27,4170.74,3,two_year,mailed_check,1,357.6,1,0,0,0
4380,2024-11-09 00:00:00,65,M,north,32,41.22,1319.04,6,one_year,mailed_check,0,273.5,1,0,0,0
4381,2024-11-17 00:00:00,31,F,north,20,117.07,2341.4,2,one_year,electronic_check,1,140.6,0,1,1,0
4382,2023-03-26 00:00:00,46,M,south,46,71.39,3283.94,5,month-to-month,mailed_check,1,228.3,1,1,1,0
4383,2023-09-15 00:00:00,22,M,east,56,27.31,1529.36,6,month-to-month,bank_transfer,2,288.2,0,0,0,0
4384,2024-02-16 00:00:00,23,F,north,67,28.09,1882.03,1,two_year,mailed_check,1,351.0,1,0,0,0
4385,2023-10-07 00:00:00,30,M,west,6,87.53,525.18,6,one_year,credit_card,0,372.6,1,1,0,1
4386,2024-06-10 00:00:00,46,M,west,51,69.48,3543.48,6,month-to-month,electronic_check,3,17.3,0,1,1,0
4387,2023-07-09 00:00:00,46,M,north,22,82.42,1813.24,3,one_year,credit_card,2,435.5,1,1,1,0
4388,2023-02-12 00:00:00,63,F,west,36,104.97,3778.92,6,month-to-month,electronic_check,0,359.9,0,0,0,0
4389,2023-09-03 00:00:00,26,M,east,33,88.14,2908.62,1,month-to-month,credit_card,1,391.2,0,0,0,0
4390,2024-03-12 00:00:00,57,M,south,56,106.18,5946.08,2,month-to-month,electronic_check,1,173.6,1,0,0,0
4391,2023-05-12 00:00:00,18,M,east,29,94.27,2733.83,5,two_year,mailed_check,1,347.0,1,1,0,0
4392,2024-08-18 00:00:00,33,M,east,20,87.44,1748.8,6,one_year,credit_card,0,306.1,0,1,0,1
4393,2023-01-09 00:00:00,27,F,south,35,33.47,1171.45,1,month-to-month,electronic_check,0,169.1,0,1,1,0
4394,2023-02-19 00:00:00,24,M,east,48,68.28,3277.44,5,month-to-month,credit_card,1,84.0,1,0,1,0
4395,2024-01-07 00:00:00,48,F,north,61,63.31,3861.91,1,two_year,mailed_check,2,291.4,0,1,0,0
4396,2024-01-09 00:00:00,65,F,south,0,74.07,0.0,5,month-to-month,mailed_check,2,385.0,0,1,1,1
4397,2023-08-04 00:00:00,53,F,west,41,59.11,2423.51,6,month-to-month,bank_transfer,2,172.4,1,1,1,0
4398,2023-07-08 00:00:00,63,F,north,5,82.04,410.2,3,two_year,electronic_check,0,433.9,0,1,1,0
4399,2023-02-20 00:00:00,49,M,east,45,59.25,2666.25,1,two_year,bank_transfer,0,434.3,1,0,1,0
4400,2024-04-28 00:00:00,20,F,south,45,75.76,3409.2,2,month-to-month,electronic_check,0,381.0,0,1,0,0
4401,2023-10-04 00:00:00,36,F,south,62,59.49,3688.38,4,month-to-month,bank_transfer,1,64.0,1,0,1,0
4402,2023-03-28 00:00:00,61,F,north,14,110.18,1542.52,5,one_year,bank_transfer,4,256.6,0,0,1,0
4403,2023-10-19 00:00:00,20,M,east,58,57.34,3325.72,4,month-to-month,electronic_check,0,491.2,0,0,1,0
4404,2024-11-15 00:00:00,23,M,east,50,93.09,4654.5,3,one_year,electronic_check,1,129.8,0,1,0,0
4405,2023-07-10 00:00:00,62,F,east,48,81.37,3905.76,4,one_year,bank_transfer,1,18.0,0,1,1,0
4406,2024-10-15 00:00:00,21,M,south,46,58.55,2693.3,6,one_year,electronic_check,1,259.2,0,0,0,0
4407,2023-07-08 00:00:00,68,F,east,40,100.76,4030.4,5,month-to-month,bank_transfer,2,133.2,0,1,0,0
4408,2023-05-16 00:00:00,58,M,east,4,112.76,451.04,1,two_year,credit_card,2,370.2,1,1,0,0
4409,2023-07-10 00:00:00,53,M,east,59,96.05,5666.95,2,two_year,electronic_check,2,470.8,1,0,0,0
4410,2023-08-24 00:00:00,46,M,east,28,114.86,3216.08,3,one_year,mailed_check,0,215.6,1,1,0,0
4411,2023-03-30 00:00:00,22,M,south,7,63.63,445.41,2,month-to-month,credit_card,2,399.2,0,1,0,0
4412,2024-03-04 00:00:00,39,M,east,44,111.37,4900.28,5,two_year,credit_card,0,357.7,1,0,0,0
4413,2023-09-01 00:00:00,60,F,east,69,107.62,7425.78,6,month-to-month,electronic_check,1,335.5,1,0,0,0
4414,2024-06-08 00:00:00,65,F,west,52,96.24,5004.48,4,month-to-month,credit_card,0,16.1,1,1,0,0
4415,2023-12-25 00:00:00,41,F,south,17,103.52,1759.84,6,month-to-month,electronic_check,1,362.6,0,1,0,0
4416,2023-11-20 00:00:00,62,F,south,59,93.01,5487.59,3,month-to-month,bank_transfer,2,388.9,0,1,0,0
4417,2023-12-10 00:00:00,59,F,east,61,71.23,4345.03,5,month-to-month,mailed_check,0,37.5,0,1,1,0
4418,2023-04-25 00:00:00,21,M,east,24,75.24,1805.76,5,one_year,electronic_check,0,454.0,0,0,0,0
4419,2024-06-04 00:00:00,50,F,south,38,61.77,2347.26,2,month-to-month,mailed_check,2,231.4,1,0,0,0
4420,2023-03-18 00:00:00,50,F,north,61,86.43,5272.23,5,month-to-month,electronic_check,2,385.7,0,0,0,0
4421,2024-06-10 00:00:00,46,F,east,11,52.48,577.28,4,two_year,mailed_check,1,349.0,1,1,0,0
4422,2024-12-30 00:00:00,58,M,east,25,93.97,2349.25,4,month-to-month,mailed_check,2,399.7,0,0,1,1
4423,2024-07-11 00:00:00,65,F,west,33,70.51,2326.83,2,one_year,credit_card,1,11.2,0,0,0,0
4424,2023-11-29 00:00:00,47,M,east,0,55.32,0.0,2,two_year,mailed_check,2,321.6,0,1,0,0
4425,2023-08-18 00:00:00,34,M,east,12,34.72,416.64,6,month-to-month,bank_transfer,2,158.9,1,0,1,0
4426,2024-09-28 00:00:00,70,F,north,44,45.55,2004.2,4,month-to-month,electronic_check,0,187.8,1,0,1,0
4427,2023-07-07 00:00:00,69,F,south,19,84.02,1596.38,1,month-to-month,credit_card,1,67.8,1,0,1,0
4428,2023-12-19 00:00:00,54,M,north,17,56.98,968.66,4,one_year,mailed_check,0,285.6,0,0,1,0
4429,2024-07-16 00:00:00,51,M,east,21,23.32,489.72,4,month-to-month,electronic_check,0,360.9,1,1,1,0
4430,2024-11-04 00:00:00,23,F,east,9,52.97,476.73,5,two_year,bank_transfer,1,121.8,0,1,1,0
4431,2024-11-03 00:00:00,39,M,west,46,56.64,2605.44,6,one_year,electronic_check,2,78.1,0,0,1,0
4432,2023-03-06 00:00:00,28,M,east,18,43.43,781.74,4,one_year,electronic_check,0,475.7,1,1,1,0
4433,2024-10-17 00:00:00,45,F,west,47,48.63,2285.61,1,two_year,electronic_check,1,121.1,0,0,1,0
4434,2023-03-25 00:00:00,61,F,east,60,90.49,5429.4,3,month-to-month,mailed_check,0,164.2,1,1,0,0
4435,2024-03-02 00:00:00,29,M,west,34,94.63,3217.42,2,one_year,electronic_check,0,440.7,1,1,0,0
4436,2024-11-09 00:00:00,70,F,south,66,115.89,7648.74,1,one_year,bank_transfer,0,209.2,1,0,1,0
4437,2024-04-23 00:00:00,24,M,east,14,31.81,445.34,6,one_year,electronic_check,1,165.6,0,0,0,0
4438,2024-11-22 00:00:00,23,M,east,70,51.17,3581.9,2,one_year,electronic_check,4,34.7,0,0,0,0
4439,2023-09-09 00:00:00,69,F,east,23,27.7,637.1,2,month-to-month,electronic_check,0,394.1,0,1,1,0
4440,2023-08-18 00:00:00,23,F,east,22,81.33,1789.26,3,two_year,mailed_check,0,368.0,1,1,0,0
4441,2023-08-27 00:00:00,56,M,west,71,21.64,1536.44,3,one_year,electronic_check,2,136.3,1,1,0,0
4442,2023-09-17 00:00:00,58,M,north,33,40.54,1337.82,4,one_year,electronic_check,1,304.7,1,1,1,0
4443,2024-05-13 00:00:00,35,M,south,54,78.7,4249.8,2,two_year,electronic_check,1,28.8,1,0,0,0
4444,2023-11-27 00:00:00,21,M,east,58,55.87,3240.46,5,month-to-month,credit_card,0,116.1,1,0,1,0
4445,2024-06-22 00:00:00,34,M,east,32,74.44,2382.08,1,two_year,electronic_check,3,405.4,1,0,0,1
4446,2023-10-31 00:00:00,21,M,east,23,84.02,1932.46,6,month-to-month,electronic_check,1,473.8,0,0,0,1
4447,2023-08-13 00:00:00,53,F,north,35,103.89,3636.15,6,month-to-month,bank_transfer,0,385.6,0,1,1,0
4448,2023-05-19 00:00:00,65,M,west,28,59.29,1660.12,4,month-to-month,mailed_check,1,360.2,1,0,0,0
4449,2024-02-07 00:00:00,70,F,east,30,47.89,1436.7,1,month-to-month,electronic_check,1,333.6,1,0,0,1
4450,2024-10-17 00:00:00,60,F,south,17,73.88,1255.96,5,one_year,credit_card,1,36.7,0,1,0,0
4451,2024-09-19 00:00:00,59,F,west,66,26.97,1780.02,5,month-to-month,bank_transfer,1,277.6,0,0,0,0
4452,2023-07-04 00:00:00,64,F,south,41,24.19,991.79,4,one_year,mailed_check,2,337.0,1,0,0,0
4453,2023-12-15 00:00:00,58,M,north,58,65.22,3782.76,2,two_year,mailed_check,0,381.6,1,0,1,0
4454,2024-05-29 00:00:00,52,M,west,48,41.81,2006.88,3,one_year,bank_transfer,1,355.6,0,0,1,0
4455,2024-03-23 00:00:00,70,F,south,25,20.72,518.0,3,month-to-month,electronic_check,0,164.7,1,0,0,0
4456,2023-02-19 00:00:00,35,M,west,23,87.94,2022.62,4,two_year,credit_card,0,290.0,0,1,0,0
4457,2024-03-07 00:00:00,39,M,east,71,101.62,7215.02,2,one_year,electronic_check,0,403.8,0,0,0,0
4458,2023-01-29 00:00:00,66,M,north,1,34.79,34.79,3,two_year,mailed_check,1,247.7,0,0,1,0
4459,2023-03-27 00:00:00,34,F,south,21,76.39,1604.19,6,month-to-month,electronic_check,1,206.1,1,1,0,1
4460,2024-04-22 00:00:00,33,M,west,53,118.4,6275.2,3,one_year,bank_transfer,0,45.0,0,1,1,0
4461,2023-03-16 00:00:00,26,M,west,39,46.88,1828.32,4,month-to-month,credit_card,4,273.6,0,1,0,0
4462,2023-09-05 00:00:00,32,M,north,45,93.08,4188.6,6,month-to-month,bank_transfer,1,354.2,1,0,0,0
4463,2024-03-05 00:00:00,49,F,west,1,36.21,36.21,6,month-to-month,electronic_check,1,177.0,0,1,0,1
4464,2024-04-23 00:00:00,64,M,west,15,113.21,1698.15,4,one_year,bank_transfer,0,376.3,0,0,0,0
4465,2023-11-22 00:00:00,25,F,east,43,20.04,861.72,2,month-to-month,credit_card,3,496.7,1,1,1,0
4466,2023-03-10 00:00:00,54,F,north,22,49.47,1088.34,1,month-to-month,electronic_check,2,103.8,1,0,0,0
4467,2024-08-06 00:00:00,58,M,east,34,117.64,3999.76,6,one_year,electronic_check,1,310.8,1,0,0,0
4468,2024-11-24 00:00:00,65,M,south,69,87.07,6007.83,4,month-to-month,mailed_check,1,167.9,0,0,1,0
4469,2024-10-10 00:00:00,57,F,north,46,41.18,1894.28,4,month-to-month,bank_transfer,0,121.3,0,1,1,0
4470,2024-06-30 00:00:00,26,F,west,46,99.14,4560.44,6,two_year,electronic_check,2,279.3,1,1,0,0
4471,2023-10-21 00:00:00,43,M,east,14,109.81,1537.34,3,two_year,electronic_check,3,192.0,1,1,1,0
4472,2024-10-01 00:00:00,68,M,north,43,68.73,2955.39,1,two_year,bank_transfer,0,310.0,0,0,0,0
4473,2023-12-23 00:00:00,66,M,south,70,35.6,2492.0,5,one_year,bank_transfer,2,331.4,0,0,1,0
4474,2023-04-10 00:00:00,50,M,west,46,45.86,2109.56,6,month-to-month,electronic_check,1,206.2,0,0,0,0
4475,2024-09-12 00:00:00,69,M,south,57,114.31,6515.67,2,month-to-month,bank_transfer,1,6.8,0,0,0,1
4476,2023-08-22 00:00:00,53,M,south,69,36.11,2491.59,6,month-to-month,credit_card,1,456.3,1,0,0,0
4477,2024-11-16 00:00:00,21,M,north,65,51.19,3327.35,4,two_year,electronic_check,0,481.0,1,0,0,0
4478,2023-09-26 00:00:00,66,F,north,24,34.55,829.2,4,month-to-month,electronic_check,1,137.5,0,1,0,0
4479,2024-09-26 00:00:00,26,F,west,21,30.56,641.76,6,month-to-month,electronic_check,0,430.6,1,1,0,1
4480,2024-01-28 00:00:00,38,F,west,20,72.2,1444.0,2,one_year,bank_transfer,1,456.3,0,1,1,0
4481,2023-12-08 00:00:00,30,F,north,56,59.67,3341.52,5,one_year,bank_transfer,2,110.4,1,0,0,0
4482,2023-08-05 00:00:00,56,F,east,27,24.62,664.74,1,month-to-month,credit_card,0,242.3,1,0,0,0
4483,2024-09-02 00:00:00,19,M,east,60,34.52,2071.2,5,two_year,mailed_check,1,40.1,0,1,0,0
4484,2023-02-14 00:00:00,51,F,west,58,23.77,1378.66,1,one_year,electronic_check,0,222.0,0,1,1,0
4485,2023-12-09 00:00:00,63,M,east,48,22.46,1078.08,1,two_year,mailed_check,2,153.3,0,0,0,0
4486,2023-09-27 00:00:00,59,M,west,8,37.85,302.8,3,month-to-month,mailed_check,0,81.6,1,0,0,0
4487,2024-02-01 00:00:00,34,F,north,51,94.36,4812.36,3,month-to-month,bank_transfer,2,277.9,1,1,1,0
4488,2023-07-05 00:00:00,65,F,north,15,21.48,322.2,5,month-to-month,credit_card,2,64.3,0,0,1,0
4489,2024-04-30 00:00:00,37,M,south,40,50.45,2018.0,6,month-to-month,mailed_check,4,176.6,1,1,0,0
4490,2023-10-09 00:00:00,54,F,south,16,76.48,1223.68,6,month-to-month,bank_transfer,2,431.6,0,1,0,1
4491,2023-05-18 00:00:00,44,M,west,4,94.37,377.48,4,month-to-month,electronic_check,2,339.8,0,0,1,0
4492,2023-05-24 00:00:00,21,M,south,46,87.79,4038.34,1,month-to-month,bank_transfer,1,402.9,1,0,1,0
4493,2024-05-23 00:00:00,18,M,south,32,118.84,3802.88,5,month-to-month,bank_transfer,2,116.7,1,0,0,1
4494,2023-07-11 00:00:00,27,M,east,46,47.56,2187.76,3,month-to-month,bank_transfer,2,281.0,0,0,0,0
4495,2023-08-13 00:00:00,67,F,west,35,20.01,700.35,4,month-to-month,credit_card,2,146.6,1,0,0,0
4496,2024-04-02 00:00:00,68,M,north,27,23.82,643.14,4,month-to-month,credit_card,0,226.3,1,0,1,0
4497,2023-08-29 00:00:00,39,M,east,1,29.75,29.75,6,month-to-month,mailed_check,1,304.4,0,1,0,0
4498,2023-10-11 00:00:00,69,F,south,20,117.52,2350.4,3,month-to-month,credit_card,3,190.4,1,1,0,0
4499,2023-06-28 00:00:00,20,F,north,64,77.0,4928.0,6,two_year,bank_transfer,2,264.6,0,0,1,0
4500,2023-09-10 00:00:00,69,M,west,55,99.94,5496.7,4,month-to-month,mailed_check,0,294.1,0,1,1,0
4501,2024-05-20 00:00:00,30,M,west,33,118.51,3910.83,5,two_year,electronic_check,1,64.3,1,1,1,0
4502,2024-01-25 00:00:00,19,M,north,2,104.43,208.86,6,month-to-month,credit_card,1,10.8,1,0,0,0
4503,2024-12-29 00:00:00,58,M,west,71,60.76,4313.96,5,month-to-month,credit_card,2,44.8,1,0,1,0
4504,2024-07-17 00:00:00,38,F,east,53,107.59,5702.27,3,month-to-month,mailed_check,1,441.4,0,0,1,0
4505,2023-01-13 00:00:00,33,F,east,1,63.38,63.38,2,month-to-month,mailed_check,0,493.0,0,1,0,0
4506,2023-10-04 00:00:00,58,M,south,15,31.4,471.0,1,two_year,electronic_check,1,73.1,1,0,0,1
4507,2023-07-31 00:00:00,35,M,south,12,74.81,897.72,3,two_year,electronic_check,0,176.4,1,0,0,0
4508,2024-03-04 00:00:00,57,M,north,65,111.57,7252.05,4,month-to-month,credit_card,1,166.5,1,0,1,0
4509,2023-07-13 00:00:00,28,F,north,69,98.45,6793.05,5,month-to-month,mailed_check,1,297.1,1,1,1,0
4510,2024-12-06 00:00:00,22,M,north,30,60.19,1805.7,1,one_year,bank_transfer,2,154.0,1,0,0,0
4511,2023-08-07 00:00:00,35,M,east,12,105.49,1265.88,3,one_year,electronic_check,1,478.1,0,0,0,0
4512,2024-01-17 00:00:00,50,F,north,46,66.42,3055.32,6,month-to-month,bank_transfer,0,91.5,0,1,1,0
4513,2023-03-31 00:00:00,29,F,east,19,88.46,1680.74,5,month-to-month,bank_transfer,3,240.4,1,0,1,0
4514,2024-10-26 00:00:00,25,M,east,8,53.31,426.48,6,month-to-month,credit_card,0,110.3,1,0,1,1
4515,2024-10-27 00:00:00,57,M,south,18,39.47,710.46,6,month-to-month,mailed_check,1,200.6,1,0,0,1
4516,2024-08-02 00:00:00,44,M,north,18,51.35,924.3,1,month-to-month,electronic_check,2,100.4,1,0,1,1
4517,2023-09-14 00:00:00,40,F,east,3,107.52,322.56,5,month-to-month,electronic_check,1,44.0,0,0,0,1
4518,2023-02-12 00:00:00,30,M,west,51,118.98,6067.98,4,one_year,credit_card,2,450.7,0,1,1,0
4519,2024-06-03 00:00:00,18,M,south,25,46.39,1159.75,3,month-to-month,credit_card,1,291.3,0,1,0,0
4520,2023-11-10 00:00:00,20,F,west,40,36.54,1461.6,5,month-to-month,mailed_check,3,335.7,0,0,0,0
4521,2024-12-23 00:00:00,54,M,south,40,27.11,1084.4,6,month-to-month,electronic_check,1,202.1,0,0,1,0
4522,2024-05-24 00:00:00,22,M,north,56,95.38,5341.28,3,one_year,bank_transfer,1,78.8,0,1,0,0
4523,2024-01-29 00:00:00,31,F,east,55,72.8,4004.0,4,month-to-month,bank_transfer,1,484.7,1,0,1,0
4524,2024-12-21 00:00:00,66,M,west,41,75.61,3100.01,3,month-to-month,bank_transfer,2,169.6,0,0,0,0
4525,2024-08-07 00:00:00,36,F,west,61,24.52,1495.72,4,month-to-month,electronic_check,0,370.0,0,1,1,0
4526,2023-12-01 00:00:00,57,F,west,41,28.11,1152.51,6,month-to-month,credit_card,0,451.7,0,1,1,0
4527,2023-01-14 00:00:00,36,M,north,1,111.46,111.46,5,month-to-month,mailed_check,2,280.0,1,1,0,1
4528,2023-03-09 00:00:00,67,F,north,62,77.67,4815.54,2,month-to-month,bank_transfer,1,205.1,0,1,0,0
4529,2023-11-20 00:00:00,61,F,east,56,41.92,2347.52,6,month-to-month,electronic_check,3,128.3,1,0,1,0
4530,2024-02-15 00:00:00,42,F,west,31,40.75,1263.25,4,month-to-month,electronic_check,1,25.1,0,1,0,0
4531,2023-01-23 00:00:00,54,F,west,28,44.09,1234.52,4,month-to-month,electronic_check,2,36.3,0,0,0,0
4532,2023-04-03 00:00:00,39,M,south,65,26.38,1714.7,1,month-to-month,mailed_check,0,335.2,0,0,0,0
4533,2024-05-29 00:00:00,68,M,south,31,24.98,774.38,3,month-to-month,credit_card,2,460.0,1,1,1,0
4534,2024-07-02 00:00:00,36,F,east,27,92.0,2484.0,2,two_year,bank_transfer,4,379.1,1,0,0,0
4535,2023-01-22 00:00:00,62,M,west,53,46.38,2458.14,1,one_year,credit_card,0,154.0,1,0,1,0
4536,2024-01-06 00:00:00,50,M,north,23,58.45,1344.35,6,one_year,bank_transfer,2,56.8,0,0,1,0
4537,2023-03-01 00:00:00,52,M,west,29,73.74,2138.46,1,month-to-month,electronic_check,1,101.6,1,1,0,0
4538,2024-06-12 00:00:00,36,M,west,56,52.01,2912.56,5,two_year,bank_transfer,0,428.8,0,1,1,0
4539,2024-08-31 00:00:00,62,F,north,16,67.88,1086.08,5,one_year,bank_transfer,2,125.1,0,1,1,0
4540,2024-09-26 00:00:00,57,F,west,0,106.5,0.0,4,month-to-month,credit_card,2,271.6,1,1,0,1
4541,2024-03-12 00:00:00,61,F,east,24,44.41,1065.84,6,one_year,mailed_check,1,497.4,0,1,1,0
4542,2024-04-04 00:00:00,60,M,west,12,99.13,1189.56,1,month-to-month,electronic_check,1,499.5,1,0,0,0
4543,2024-11-07 00:00:00,26,M,north,26,46.39,1206.14,1,two_year,bank_transfer,2,107.8,0,0,1,0
4544,2024-03-23 00:00:00,64,F,west,5,38.69,193.45,6,month-to-month,bank_transfer,0,479.2,0,0,1,0
4545,2023-11-22 00:00:00,62,M,north,43,27.27,1172.61,2,two_year,mailed_check,1,154.3,1,1,0,0
4546,2024-07-04 00:00:00,30,F,north,37,88.42,3271.54,2,two_year,electronic_check,1,416.3,1,0,0,0
4547,2024-03-07 00:00:00,70,F,south,19,61.16,1162.04,5,month-to-month,mailed_check,1,117.8,1,1,1,0
4548,2024-09-06 00:00:00,45,M,east,45,97.04,4366.8,4,two_year,credit_card,2,19.5,0,0,1,0
4549,2024-01-19 00:00:00,35,M,north,10,33.27,332.7,2,month-to-month,electronic_check,3,401.7,0,1,1,0
4550,2024-09-26 00:00:00,29,F,south,0,80.34,0.0,2,one_year,bank_transfer,1,228.0,1,1,1,1
4551,2023-02-02 00:00:00,37,M,south,34,21.3,724.2,6,month-to-month,electronic_check,1,493.0,1,1,1,0
4552,2023-01-27 00:00:00,19,F,north,11,43.38,477.18,4,month-to-month,electronic_check,1,176.9,1,0,0,0
4553,2023-03-14 00:00:00,54,F,north,62,80.96,5019.52,6,month-to-month,electronic_check,1,183.3,1,1,0,0
4554,2024-02-11 00:00:00,55,M,north,22,25.6,563.2,4,one_year,electronic_check,0,283.2,0,1,1,0
4555,2024-06-01 00:00:00,53,F,west,31,57.72,1789.32,4,one_year,mailed_check,4,397.7,1,0,0,0
4556,2023-06-07 00:00:00,47,M,west,21,76.17,1599.57,3,month-to-month,bank_transfer,5,10.4,1,0,0,0
4557,2023-04-24 00:00:00,37,M,east,31,92.76,2875.56,1,month-to-month,mailed_check,0,317.1,0,1,1,0
4558,2024-09-20 00:00:00,56,F,east,7,90.57,633.99,4,month-to-month,electronic_check,0,121.4,1,1,1,1
4559,2024-07-01 00:00:00,64,F,north,68,34.82,2367.76,5,one_year,bank_transfer,3,112.2,1,1,0,0
4560,2024-04-18 00:00:00,22,F,north,12,27.52,330.24,3,month-to-month,mailed_check,1,44.0,0,1,0,0
4561,2023-12-23 00:00:00,38,F,south,28,57.64,1613.92,6,month-to-month,mailed_check,3,4.2,0,0,1,0
4562,2023-11-03 00:00:00,70,F,west,61,44.08,2688.88,5,two_year,bank_transfer,1,151.9,0,1,1,0
4563,2023-01-15 00:00:00,63,M,south,31,50.57,1567.67,4,two_year,mailed_check,0,323.4,0,0,1,0
4564,2023-05-18 00:00:00,70,M,west,51,54.25,2766.75,4,month-to-month,mailed_check,1,213.8,1,1,0,0
4565,2024-10-16 00:00:00,27,M,south,4,59.72,238.88,2,month-to-month,electronic_check,1,58.2,1,0,0,0
4566,2023-09-05 00:00:00,42,M,south,21,71.86,1509.06,6,one_year,electronic_check,1,245.6,1,1,0,0
4567,2024-05-29 00:00:00,24,M,west,55,20.93,1151.15,1,month-to-month,electronic_check,4,411.5,1,0,1,0
4568,2024-05-28 00:00:00,63,F,south,19,49.8,946.2,1,month-to-month,credit_card,3,418.1,1,1,1,0
4569,2023-08-14 00:00:00,45,M,east,30,46.44,1393.2,5,two_year,electronic_check,2,290.7,0,0,0,0
4570,2023-05-30 00:00:00,30,F,east,5,43.62,218.1,1,month-to-month,bank_transfer,1,276.0,0,0,1,0
4571,2024-05-19 00:00:00,22,F,east,36,98.86,3558.96,4,month-to-month,bank_transfer,2,182.9,0,0,0,0
4572,2023-03-10 00:00:00,57,F,east,25,45.13,1128.25,2,month-to-month,electronic_check,0,244.5,1,0,0,0
4573,2023-12-28 00:00:00,61,M,west,62,35.1,2176.2,5,two_year,electronic_check,1,385.9,1,0,0,0
4574,2024-10-10 00:00:00,64,F,south,29,105.18,3050.22,1,one_year,electronic_check,1,216.3,0,1,1,0
4575,2024-06-03 00:00:00,69,F,south,60,58.29,3497.4,2,month-to-month,electronic_check,3,420.4,1,1,1,0
4576,2024-07-11 00:00:00,61,M,east,66,38.4,2534.4,4,one_year,credit_card,1,306.9,0,1,1,0
4577,2023-03-02 00:00:00,59,M,south,61,95.12,5802.32,3,two_year,electronic_check,2,203.6,1,0,0,0
4578,2023-05-26 00:00:00,61,M,north,54,85.72,4628.88,2,one_year,mailed_check,0,461.3,1,1,1,0
4579,2023-07-20 00:00:00,70,F,south,42,114.53,4810.26,1,month-to-month,electronic_check,1,443.8,0,1,1,0
4580,2023-08-02 00:00:00,42,F,east,34,107.78,3664.52,1,month-to-month,bank_transfer,2,199.3,0,1,1,0
4581,2023-05-22 00:00:00,58,M,east,5,89.43,447.15,2,two_year,electronic_check,2,370.7,1,1,1,1
4582,2024-12-10 00:00:00,61,F,south,9,36.1,324.9,2,month-to-month,mailed_check,2,464.5,1,0,0,0
4583,2023-05-01 00:00:00,24,M,east,27,68.32,1844.64,1,month-to-month,electronic_check,0,294.3,0,1,1,0
4584,2024-05-31 00:00:00,54,M,south,47,31.88,1498.36,4,one_year,credit_card,2,468.6,0,1,0,0
4585,2024-03-04 00:00:00,35,F,east,0,74.94,0.0,6,one_year,mailed_check,1,39.9,0,0,1,0
4586,2024-03-21 00:00:00,25,F,south,68,111.68,7594.24,5,month-to-month,electronic_check,1,469.1,1,1,1,0
4587,2023-06-06 00:00:00,27,F,west,72,20.38,1467.36,2,month-to-month,bank_transfer,2,340.9,0,1,0,0
4588,2023-08-13 00:00:00,24,M,east,5,107.6,538.0,3,one_year,bank_transfer,3,79.1,0,0,1,0
4589,2024-03-18 00:00:00,65,M,east,7,73.93,517.51,5,month-to-month,mailed_check,4,60.1,1,0,0,1
4590,2023-08-07 00:00:00,58,M,south,61,35.12,2142.32,6,month-to-month,credit_card,2,365.3,0,0,0,0
4591,2024-05-21 00:00:00,23,M,west,14,105.59,1478.26,4,month-to-month,electronic_check,1,124.7,1,1,0,1
4592,2023-01-29 00:00:00,51,M,south,13,73.69,957.97,2,month-to-month,credit_card,5,17.0,1,1,1,0
4593,2023-02-23 00:00:00,53,F,west,13,64.82,842.66,6,month-to-month,credit_card,1,100.8,1,0,0,1
4594,2024-06-15 00:00:00,45,F,north,51,69.97,3568.47,4,two_year,mailed_check,1,52.5,1,1,0,0
4595,2024-03-26 00:00:00,50,M,west,9,34.74,312.66,1,month-to-month,mailed_check,3,85.2,1,1,0,1
4596,2023-02-01 00:00:00,66,M,west,13,31.27,406.51,2,month-to-month,electronic_check,1,264.6,1,0,1,0
4597,2024-10-18 00:00:00,45,M,north,29,86.16,2498.64,4,month-to-month,electronic_check,2,266.6,1,1,0,0
4598,2023-01-04 00:00:00,52,M,north,43,108.04,4645.72,5,month-to-month,mailed_check,2,224.1,0,1,1,0
4599,2024-11-28 00:00:00,48,F,west,72,89.45,6440.4,6,month-to-month,credit_card,2,373.4,1,1,0,0
4600,2024-06-16 00:00:00,38,M,south,17,104.08,1769.36,2,two_year,electronic_check,2,8.0,1,0,1,0
4601,2024-12-22 00:00:00,65,F,east,18,104.48,1880.64,5,one_year,mailed_check,1,444.5,1,0,1,1
4602,2024-11-23 00:00:00,39,M,north,39,23.2,904.8,6,month-to-month,electronic_check,1,494.9,0,0,0,1
4603,2023-08-17 00:00:00,60,M,south,30,97.1,2913.0,5,month-to-month,electronic_check,1,472.4,1,1,1,0
4604,2024-07-06 00:00:00,50,F,east,43,97.21,4180.03,5,month-to-month,mailed_check,0,132.5,0,0,0,0
4605,2023-06-03 00:00:00,54,M,west,17,55.0,935.0,5,month-to-month,credit_card,0,439.2,0,1,0,0
4606,2023-12-11 00:00:00,58,M,south,45,60.98,2744.1,4,month-to-month,electronic_check,1,370.7,1,0,0,0
4607,2023-06-25 00:00:00,57,F,north,67,94.55,6334.85,4,month-to-month,electronic_check,1,242.0,0,0,1,0
4608,2023-12-21 00:00:00,47,M,south,49,118.66,5814.34,4,month-to-month,electronic_check,2,494.4,0,0,1,0
4609,2024-09-28 00:00:00,50,M,east,53,118.78,6295.34,6,month-to-month,mailed_check,3,113.5,0,0,1,1
4610,2023-11-15 00:00:00,44,M,west,5,67.38,336.9,3,two_year,mailed_check,3,292.4,0,1,0,1
4611,2023-03-09 00:00:00,35,M,west,65,98.96,6432.4,5,month-to-month,electronic_check,1,106.7,0,0,0,0
4612,2023-08-25 00:00:00,56,F,west,51,66.61,3397.11,1,two_year,electronic_check,1,127.9,0,0,1,0
4613,2024-07-28 00:00:00,64,M,north,45,106.6,4797.0,3,month-to-month,electronic_check,1,415.7,1,0,0,1
4614,2024-01-16 00:00:00,55,F,east,11,84.97,934.67,6,one_year,electronic_check,1,318.1,1,1,0,0
4615,2024-02-13 00:00:00,58,F,east,40,113.66,4546.4,2,one_year,credit_card,1,356.9,0,0,0,0
4616,2023-11-11 00:00:00,62,M,south,49,119.72,5866.28,5,two_year,bank_transfer,0,178.7,1,1,0,0
4617,2023-08-02 00:00:00,37,M,west,45,53.02,2385.9,4,one_year,electronic_check,4,461.6,0,0,0,1
4618,2024-03-12 00:00:00,21,M,west,9,117.93,1061.37,1,month-to-month,bank_transfer,1,227.9,1,1,1,0
4619,2024-04-07 00:00:00,35,M,north,2,89.25,178.5,1,month-to-month,electronic_check,0,163.9,1,0,1,0
4620,2024-10-17 00:00:00,58,M,west,34,43.81,1489.54,1,two_year,electronic_check,1,93.1,1,1,1,0
4621,2024-03-26 00:00:00,61,F,west,52,20.31,1056.12,3,month-to-month,bank_transfer,1,132.2,0,1,0,0
4622,2024-12-27 00:00:00,45,M,east,28,88.38,2474.64,2,two_year,bank_transfer,2,394.3,1,1,0,0
4623,2024-08-26 00:00:00,59,M,south,50,42.24,2112.0,6,two_year,electronic_check,1,166.7,0,1,1,0
4624,2023-02-27 00:00:00,21,F,west,70,43.14,3019.8,5,month-to-month,electronic_check,0,160.8,0,1,1,0
4625,2023-10-14 00:00:00,52,F,east,64,75.22,4814.08,1,two_year,electronic_check,1,193.7,1,1,1,0
4626,2023-10-08 00:00:00,53,M,west,46,23.09,1062.14,4,month-to-month,mailed_check,2,163.6,1,0,0,0
4627,2023-01-03 00:00:00,44,M,east,53,61.64,3266.92,5,month-to-month,mailed_check,3,261.3,1,1,1,0
4628,2023-05-12 00:00:00,55,F,west,6,99.94,599.64,4,one_year,bank_transfer,3,489.0,0,1,1,0
4629,2024-07-10 00:00:00,44,M,south,6,22.73,136.38,1,two_year,electronic_check,3,474.0,0,0,1,0
4630,2023-09-15 00:00:00,45,F,north,51,82.39,4201.89,1,month-to-month,bank_transfer,0,467.0,1,1,1,0
4631,2023-04-18 00:00:00,50,F,south,58,35.84,2078.72,4,month-to-month,credit_card,0,301.6,1,0,1,0
4632,2023-07-29 00:00:00,60,M,west,14,106.28,1487.92,6,one_year,electronic_check,1,492.4,1,1,0,0
4633,2023-07-20 00:00:00,31,M,east,43,59.07,2540.01,1,one_year,mailed_check,2,182.9,0,0,1,0
4634,2023-05-08 00:00:00,33,M,east,20,101.21,2024.2,1,one_year,mailed_check,0,99.5,1,1,1,0
4635,2023-03-15 00:00:00,40,M,east,7,92.38,646.66,2,month-to-month,bank_transfer,0,452.7,0,1,1,1
4636,2024-07-11 00:00:00,28,M,east,27,107.78,2910.06,2,month-to-month,credit_card,1,409.4,1,0,1,0
4637,2024-08-24 00:00:00,35,F,north,32,71.69,2294.08,6,month-to-month,credit_card,0,194.5,0,1,0,1
4638,2023-12-29 00:00:00,36,F,south,56,68.61,3842.16,6,month-to-month,mailed_check,0,120.2,1,0,1,0
4639,2024-03-25 00:00:00,34,F,north,63,23.74,1495.62,2,two_year,bank_transfer,0,185.0,0,0,1,0
4640,2024-11-02 00:00:00,39,F,south,68,73.38,4989.84,5,month-to-month,mailed_check,3,216.2,1,0,1,0
4641,2024-09-07 00:00:00,44,F,east,7,72.2,505.4,1,month-to-month,bank_transfer,2,417.4,0,0,1,1
4642,2023-01-24 00:00:00,54,M,west,67,80.64,5402.88,4,two_year,credit_card,1,194.7,0,0,0,0
4643,2024-11-26 00:00:00,34,M,north,37,33.1,1224.7,4,month-to-month,bank_transfer,2,240.5,1,1,1,0
4644,2023-02-18 00:00:00,62,F,east,12,74.0,888.0,6,one_year,electronic_check,2,92.1,0,1,0,0
4645,2023-01-20 00:00:00,43,F,north,47,65.4,3073.8,5,month-to-month,electronic_check,1,366.1,1,0,1,0
4646,2023-10-22 00:00:00,56,M,north,4,79.6,318.4,1,month-to-month,bank_transfer,1,313.5,1,1,0,0
4647,2024-06-28 00:00:00,24,F,west,33,86.06,2839.98,3,one_year,electronic_check,1,73.7,1,0,1,0
4648,2023-02-28 00:00:00,27,M,east,60,56.14,3368.4,1,two_year,mailed_check,2,141.4,1,1,0,0
4649,2023-08-02 00:00:00,42,M,north,70,70.41,4928.7,1,one_year,bank_transfer,4,155.4,0,0,1,0
4650,2023-07-11 00:00:00,37,F,north,21,59.51,1249.71,1,month-to-month,credit_card,1,307.4,1,1,0,0
4651,2023-10-18 00:00:00,44,M,north,12,96.55,1158.6,6,month-to-month,credit_card,1,10.6,1,1,0,0
4652,2024-12-20 00:00:00,26,F,south,42,99.64,4184.88,2,two_year,electronic_check,1,291.7,0,1,0,0
4653,2023-08-30 00:00:00,43,F,north,11,49.29,542.19,5,one_year,bank_transfer,0,128.4,0,1,0,0
4654,2023-06-02 00:00:00,54,F,east,71,45.95,3262.45,5,month-to-month,bank_transfer,0,454.5,1,1,1,0
4655,2023-03-31 00:00:00,56,M,south,23,87.83,2020.09,6,month-to-month,electronic_check,1,411.1,1,0,1,1
4656,2023-05-25 00:00:00,31,F,east,13,97.4,1266.2,4,month-to-month,mailed_check,2,279.7,1,0,0,1
4657,2023-04-08 00:00:00,36,M,north,17,21.09,358.53,6,month-to-month,bank_transfer,0,148.9,1,0,1,1
4658,2024-02-23 00:00:00,45,F,north,27,62.74,1693.98,3,two_year,mailed_check,3,132.0,0,1,1,0
4659,2023-11-03 00:00:00,45,M,north,54,50.77,2741.58,5,month-to-month,mailed_check,1,29.4,0,1,1,0
4660,2023-12-30 00:00:00,59,F,north,63,96.65,6088.95,5,month-to-month,electronic_check,1,190.8,1,0,0,0
4661,2024-08-30 00:00:00,38,F,north,53,34.35,1820.55,4,two_year,bank_transfer,0,74.1,0,1,1,0
4662,2024-02-28 00:00:00,53,M,south,47,97.82,4597.54,2,two_year,electronic_check,2,314.3,1,0,1,0
4663,2023-04-24 00:00:00,64,M,west,19,86.14,1636.66,1,two_year,mailed_check,0,430.9,0,1,0,0
4664,2023-10-03 00:00:00,33,M,east,68,104.29,7091.72,1,one_year,mailed_check,2,38.8,0,0,0,0
4665,2023-08-17 00:00:00,61,F,south,72,119.02,8569.44,3,two_year,electronic_check,1,447.2,1,1,0,0
4666,2024-08-26 00:00:00,35,F,west,46,67.66,3112.36,3,month-to-month,mailed_check,1,201.9,0,1,1,0
4667,2023-08-13 00:00:00,35,F,west,57,89.94,5126.58,2,two_year,electronic_check,2,14.2,1,0,0,0
4668,2023-04-12 00:00:00,52,F,west,22,91.0,2002.0,5,month-to-month,electronic_check,2,41.8,1,0,0,0
4669,2024-06-21 00:00:00,50,M,west,32,104.46,3342.72,1,month-to-month,mailed_check,1,0.1,0,1,1,0
4670,2023-11-09 00:00:00,47,F,east,58,71.81,4164.98,3,month-to-month,mailed_check,0,296.0,1,1,0,0
4671,2023-03-11 00:00:00,30,M,west,30,30.76,922.8,3,month-to-month,mailed_check,1,135.0,1,0,1,0
4672,2024-05-18 00:00:00,23,F,south,55,117.94,6486.7,6,one_year,electronic_check,0,234.2,1,0,1,0
4673,2023-06-03 00:00:00,66,M,west,62,25.68,1592.16,1,two_year,mailed_check,1,364.6,0,1,0,0
4674,2024-09-25 00:00:00,64,F,north,68,116.24,7904.32,6,month-to-month,electronic_check,0,209.7,1,0,0,0
4675,2024-08-30 00:00:00,64,M,south,21,45.54,956.34,5,two_year,electronic_check,1,98.5,1,0,0,0
4676,2023-09-27 00:00:00,45,M,west,34,69.25,2354.5,5,one_year,electronic_check,0,419.0,0,1,0,0
4677,2024-02-10 00:00:00,64,M,north,28,115.07,3221.96,5,month-to-month,electronic_check,3,103.2,0,1,1,1
4678,2024-02-19 00:00:00,43,F,east,36,87.67,3156.12,5,one_year,mailed_check,2,362.5,1,0,0,1
4679,2024-04-22 00:00:00,22,M,south,54,78.56,4242.24,3,month-to-month,credit_card,1,343.8,0,1,0,0
4680,2023-02-20 00:00:00,28,M,north,23,52.59,1209.57,4,month-to-month,electronic_check,2,400.6,1,1,0,1
4681,2023-08-26 00:00:00,32,M,north,17,49.24,837.08,3,month-to-month,bank_transfer,1,222.8,1,0,1,0
4682,2023-05-05 00:00:00,37,M,east,19,23.28,442.32,6,two_year,electronic_check,1,464.5,1,1,0,0
4683,2024-05-24 00:00:00,67,F,east,55,78.63,4324.65,2,month-to-month,electronic_check,0,60.5,1,1,0,0
4684,2023-02-20 00:00:00,35,F,east,72,63.01,4536.72,4,month-to-month,mailed_check,1,268.3,1,0,0,0
4685,2024-01-13 00:00:00,50,F,north,7,42.43,297.01,2,one_year,electronic_check,0,353.3,1,0,1,0
4686,2024-06-15 00:00:00,32,F,south,71,58.42,4147.82,3,one_year,bank_transfer,0,432.4,1,0,0,0
4687,2024-11-23 00:00:00,52,M,north,2,114.09,228.18,6,two_year,electronic_check,4,324.4,1,1,1,1
4688,2023-07-30 00:00:00,48,M,north,38,104.84,3983.92,2,month-to-month,credit_card,1,330.8,1,1,0,0
4689,2023-01-06 00:00:00,25,F,south,9,63.04,567.36,6,two_year,bank_transfer,0,481.0,0,0,0,0
4690,2024-06-12 00:00:00,42,F,east,69,118.0,8142.0,5,one_year,bank_transfer,3,205.6,0,0,1,0
4691,2023-01-02 00:00:00,23,M,south,55,66.21,3641.55,3,month-to-month,electronic_check,1,266.8,1,1,0,0
4692,2023-02-18 00:00:00,65,F,north,25,54.91,1372.75,3,one_year,electronic_check,2,337.0,0,0,1,0
4693,2024-12-24 00:00:00,55,M,north,50,58.79,2939.5,1,month-to-month,bank_transfer,1,134.3,0,1,1,0
4694,2024-09-21 00:00:00,67,M,south,62,107.46,6662.52,5,one_year,mailed_check,1,193.6,1,1,1,0
4695,2024-05-31 00:00:00,64,M,south,15,46.78,701.7,4,month-to-month,bank_transfer,1,344.0,0,0,1,0
4696,2024-09-01 00:00:00,29,F,west,46,42.21,1941.66,6,month-to-month,mailed_check,0,197.1,0,1,0,0
4697,2023-02-25 00:00:00,55,F,east,21,116.05,2437.05,2,two_year,bank_transfer,0,454.3,0,1,0,0
4698,2023-03-06 00:00:00,23,F,west,52,93.43,4858.36,3,two_year,bank_transfer,0,284.4,1,0,1,0
4699,2023-08-08 00:00:00,68,F,north,41,96.38,3951.58,5,month-to-month,electronic_check,0,347.2,0,0,0,0
4700,2023-01-18 00:00:00,59,F,south,52,94.03,4889.56,3,one_year,credit_card,0,81.0,1,0,1,0
4701,2024-10-10 00:00:00,54,M,north,46,88.29,4061.34,2,two_year,bank_transfer,1,485.1,1,1,1,0
4702,2023-02-11 00:00:00,70,F,north,46,29.12,1339.52,2,month-to-month,electronic_check,3,497.2,1,1,1,0
4703,2024-02-02 00:00:00,62,M,west,6,95.37,572.22,6,one_year,electronic_check,0,335.0,0,1,1,0
4704,2024-09-15 00:00:00,63,M,south,62,44.89,2783.18,3,month-to-month,bank_transfer,0,104.9,0,1,1,0
4705,2024-06-20 00:00:00,23,M,east,12,33.24,398.88,5,two_year,bank_transfer,0,271.3,1,1,1,0
4706,2023-06-21 00:00:00,19,M,south,28,118.3,3312.4,4,month-to-month,credit_card,2,49.4,0,1,0,0
4707,2023-12-10 00:00:00,68,F,north,37,22.79,843.23,4,one_year,bank_transfer,2,27.8,0,1,1,0
4708,2024-02-05 00:00:00,31,M,west,61,23.16,1412.76,2,month-to-month,electronic_check,1,151.5,1,1,1,0
4709,2024-07-14 00:00:00,40,M,east,45,50.99,2294.55,2,month-to-month,electronic_check,2,111.5,1,1,1,0
4710,2023-11-08 00:00:00,20,F,east,13,104.42,1357.46,3,two_year,mailed_check,2,479.1,0,0,0,0
4711,2023-07-28 00:00:00,51,F,east,20,117.79,2355.8,1,month-to-month,mailed_check,2,373.9,0,0,0,0
4712,2024-08-03 00:00:00,61,M,south,14,31.85,445.9,4,two_year,credit_card,1,356.9,1,1,0,0
4713,2024-10-09 00:00:00,62,M,south,43,59.54,2560.22,1,month-to-month,bank_transfer,1,380.7,0,0,0,0
4714,2023-12-23 00:00:00,48,M,west,52,93.43,4858.36,2,month-to-month,credit_card,1,179.9,0,0,0,0
4715,2023-01-21 00:00:00,53,F,north,51,84.55,4312.05,4,one_year,bank_transfer,2,496.9,0,1,0,0
4716,2024-01-01 00:00:00,45,F,south,54,43.34,2340.36,1,month-to-month,bank_transfer,2,290.4,1,0,0,0
4717,2024-10-11 00:00:00,41,M,south,51,52.92,2698.92,1,one_year,bank_transfer,2,104.6,1,1,0,0
4718,2024-12-23 00:00:00,47,F,east,65,79.44,5163.6,2,month-to-month,bank_transfer,3,336.8,1,1,1,0
4719,2023-10-20 00:00:00,67,F,west,66,23.54,1553.64,5,one_year,mailed_check,1,276.3,0,0,0,0
4720,2023-04-20 00:00:00,31,F,west,20,95.82,1916.4,5,one_year,credit_card,1,304.5,1,0,1,0
4721,2024-02-22 00:00:00,42,M,east,22,47.54,1045.88,1,month-to-month,electronic_check,3,133.4,0,0,1,0
4722,2024-08-29 00:00:00,49,F,north,4,102.83,411.32,2,month-to-month,credit_card,2,292.5,1,0,1,1
4723,2024-11-20 00:00:00,48,F,west,19,88.37,1679.03,1,month-to-month,mailed_check,1,37.2,1,1,1,0
4724,2023-02-07 00:00:00,19,M,south,37,84.54,3127.98,1,two_year,mailed_check,0,407.7,0,0,1,0
4725,2023-08-01 00:00:00,33,M,south,48,96.74,4643.52,6,month-to-month,electronic_check,0,302.5,0,0,0,0
4726,2023-12-15 00:00:00,52,M,west,63,27.51,1733.13,3,month-to-month,electronic_check,4,331.5,1,0,0,0
4727,2023-03-13 00:00:00,54,M,south,43,46.0,1978.0,5,month-to-month,bank_transfer,3,288.3,1,0,1,0
4728,2024-10-09 00:00:00,56,F,south,70,72.17,5051.9,5,one_year,electronic_check,0,493.7,0,0,1,0
4729,2023-03-23 00:00:00,70,F,west,40,97.72,3908.8,3,month-to-month,electronic_check,3,41.3,0,1,1,1
4730,2024-04-30 00:00:00,53,M,south,62,104.91,6504.42,5,month-to-month,electronic_check,1,233.8,1,0,0,0
4731,2024-11-01 00:00:00,48,F,east,58,58.21,3376.18,2,two_year,electronic_check,1,335.7,1,0,0,0
4732,2024-05-15 00:00:00,35,M,north,35,99.36,3477.6,3,two_year,credit_card,2,301.1,0,0,0,0
4733,2024-07-11 00:00:00,37,F,west,63,42.03,2647.89,3,two_year,bank_transfer,1,361.0,1,1,1,0
4734,2023-07-12 00:00:00,61,M,south,63,28.24,1779.12,4,one_year,mailed_check,0,490.0,0,1,0,0
4735,2024-08-27 00:00:00,42,F,east,22,44.66,982.52,2,month-to-month,credit_card,2,242.3,0,1,1,0
4736,2023-11-02 00:00:00,55,F,east,15,110.31,1654.65,5,month-to-month,mailed_check,1,398.8,1,0,1,0
4737,2023-02-14 00:00:00,24,F,south,8,74.4,595.2,6,month-to-month,credit_card,1,248.8,1,1,0,1
4738,2023-09-25 00:00:00,24,F,south,67,68.13,4564.71,6,one_year,credit_card,4,370.1,0,0,0,0
4739,2023-09-13 00:00:00,29,M,north,32,94.33,3018.56,6,month-to-month,bank_transfer,1,249.7,1,1,1,0
4740,2024-01-16 00:00:00,28,F,south,41,21.01,861.41,4,month-to-month,mailed_check,0,225.9,0,1,1,0
4741,2023-07-13 00:00:00,50,F,south,19,31.83,604.77,5,one_year,credit_card,3,482.2,1,0,0,0
4742,2023-12-04 00:00:00,51,M,south,28,29.96,838.88,5,one_year,electronic_check,1,342.8,1,1,0,0
4743,2023-11-09 00:00:00,47,F,south,29,32.17,932.93,6,month-to-month,mailed_check,0,341.2,1,1,0,0
4744,2023-08-27 00:00:00,33,M,east,42,65.35,2744.7,1,two_year,electronic_check,1,259.8,0,1,0,0
4745,2024-05-23 00:00:00,48,M,west,12,48.07,576.84,2,month-to-month,electronic_check,1,34.1,1,0,1,0
4746,2023-08-12 00:00:00,24,F,west,57,98.57,5618.49,3,one_year,electronic_check,1,179.3,1,0,1,0
4747,2024-07-13 00:00:00,43,M,west,28,103.9,2909.2,4,two_year,credit_card,1,24.9,1,0,1,0
4748,2023-07-03 00:00:00,26,M,east,17,112.49,1912.33,6,month-to-month,electronic_check,2,370.1,0,1,1,0
4749,2024-09-23 00:00:00,22,M,south,1,39.61,39.61,1,two_year,mailed_check,1,398.5,0,0,1,0
4750,2023-09-24 00:00:00,26,F,east,7,70.29,492.03,1,two_year,mailed_check,1,15.8,0,0,1,0
4751,2023-01-30 00:00:00,23,F,north,19,24.87,472.53,6,two_year,mailed_check,1,249.4,1,0,1,0
4752,2023-04-20 00:00:00,43,M,west,53,43.99,2331.47,2,month-to-month,credit_card,1,450.5,0,0,0,0
4753,2024-08-11 00:00:00,46,F,east,62,81.51,5053.62,1,month-to-month,credit_card,0,53.1,0,0,0,0
4754,2024-09-28 00:00:00,50,F,north,69,62.24,4294.56,5,month-to-month,bank_transfer,0,178.7,1,1,0,0
4755,2023-06-04 00:00:00,41,F,south,21,89.07,1870.47,6,one_year,bank_transfer,1,59.4,0,1,1,0
4756,2024-03-15 00:00:00,27,F,south,46,103.92,4780.32,6,month-to-month,credit_card,1,249.2,1,0,0,0
4757,2024-02-24 00:00:00,19,F,south,19,25.95,493.05,6,month-to-month,mailed_check,0,266.4,1,0,0,0
4758,2023-04-08 00:00:00,55,M,north,10,113.86,1138.6,1,two_year,mailed_check,4,195.9,0,1,0,0
4759,2023-11-26 00:00:00,70,M,north,39,24.24,945.36,1,month-to-month,electronic_check,1,418.7,1,1,0,0
4760,2024-05-21 00:00:00,32,F,south,46,118.17,5435.82,6,month-to-month,electronic_check,0,204.9,0,0,1,0
4761,2024-12-07 00:00:00,28,M,south,55,83.76,4606.8,5,one_year,credit_card,3,54.7,1,0,0,0
4762,2024-09-10 00:00:00,34,M,west,8,24.33,194.64,2,month-to-month,bank_transfer,2,398.5,1,1,1,0
4763,2023-03-13 00:00:00,29,M,south,54,59.36,3205.44,3,month-to-month,mailed_check,0,106.5,0,1,1,0
4764,2023-06-23 00:00:00,29,M,south,22,45.82,1008.04,6,month-to-month,electronic_check,1,361.7,1,0,0,0
4765,2023-11-15 00:00:00,44,F,west,20,99.86,1997.2,6,month-to-month,bank_transfer,2,217.3,1,1,1,0
4766,2023-04-20 00:00:00,59,M,west,2,42.55,85.1,6,month-to-month,credit_card,3,109.2,0,1,1,1
4767,2024-02-21 00:00:00,55,F,north,14,102.62,1436.68,3,one_year,credit_card,1,49.7,1,1,1,0
4768,2023-01-07 00:00:00,68,F,north,35,51.23,1793.05,5,month-to-month,bank_transfer,0,413.4,1,1,0,0
4769,2023-03-24 00:00:00,36,M,north,13,118.91,1545.83,1,month-to-month,bank_transfer,2,109.4,0,0,0,1
4770,2023-02-04 00:00:00,44,M,south,23,47.04,1081.92,6,two_year,electronic_check,2,494.1,1,0,0,0
4771,2023-08-04 00:00:00,38,M,east,38,88.5,3363.0,2,two_year,electronic_check,1,261.3,1,1,1,0
4772,2024-07-10 00:00:00,20,M,south,7,100.02,700.14,6,one_year,electronic_check,0,363.6,1,0,0,0
4773,2023-05-10 00:00:00,38,M,north,63,41.65,2623.95,1,two_year,bank_transfer,0,283.1,0,1,0,0
4774,2024-12-21 00:00:00,31,F,north,22,27.58,606.76,6,month-to-month,credit_card,0,499.1,0,1,1,0
4775,2023-07-16 00:00:00,43,M,east,55,75.12,4131.6,4,one_year,credit_card,0,119.8,0,1,1,0
4776,2023-02-02 00:00:00,26,M,south,47,87.71,4122.37,4,two_year,electronic_check,1,195.7,0,1,1,0
4777,2023-09-02 00:00:00,57,M,north,54,101.73,5493.42,5,one_year,mailed_check,2,441.3,0,1,0,0
4778,2024-06-30 00:00:00,62,M,east,21,47.28,992.88,3,month-to-month,electronic_check,1,95.8,0,1,1,0
4779,2023-03-19 00:00:00,68,M,east,12,107.23,1286.76,6,two_year,mailed_check,1,314.5,0,1,0,0
4780,2023-02-22 00:00:00,22,F,south,10,111.58,1115.8,1,month-to-month,credit_card,2,448.4,1,1,0,0
4781,2024-09-12 00:00:00,24,M,west,16,97.92,1566.72,4,month-to-month,bank_transfer,1,495.9,0,1,0,0
4782,2024-03-08 00:00:00,69,F,west,39,20.76,809.64,2,one_year,credit_card,2,400.0,0,0,1,0
4783,2023-09-08 00:00:00,62,F,north,45,28.72,1292.4,1,month-to-month,mailed_check,1,35.0,1,0,0,0
4784,2024-07-05 00:00:00,49,F,west,54,119.77,6467.58,4,month-to-month,bank_transfer,2,283.9,0,1,0,0
4785,2024-09-08 00:00:00,35,F,north,70,93.39,6537.3,5,month-to-month,credit_card,0,343.6,0,1,0,0
4786,2023-09-20 00:00:00,45,M,south,60,82.68,4960.8,1,month-to-month,bank_transfer,2,152.9,0,0,1,0
4787,2024-02-14 00:00:00,46,F,west,26,110.14,2863.64,5,month-to-month,electronic_check,0,338.6,0,1,0,0
4788,2023-01-08 00:00:00,62,M,west,34,23.96,814.64,6,one_year,electronic_check,0,455.3,1,1,1,0
4789,2023-08-12 00:00:00,46,F,north,69,95.74,6606.06,5,one_year,electronic_check,1,323.2,0,1,1,0
4790,2024-03-10 00:00:00,19,M,north,51,85.47,4358.97,2,one_year,electronic_check,1,246.8,0,0,0,0
4791,2023-05-24 00:00:00,55,F,north,30,104.82,3144.6,1,month-to-month,mailed_check,1,379.4,0,1,0,0
4792,2024-12-24 00:00:00,59,F,south,60,97.79,5867.4,1,month-to-month,bank_transfer,0,148.4,0,1,0,0
4793,2024-12-09 00:00:00,33,F,south,9,68.49,616.41,4,two_year,electronic_check,1,334.2,1,1,0,0
4794,2023-07-08 00:00:00,24,M,south,49,27.1,1327.9,2,month-to-month,electronic_check,2,253.4,0,1,0,0
4795,2023-10-17 00:00:00,25,F,south,69,110.94,7654.86,3,month-to-month,electronic_check,1,305.5,1,0,1,0
4796,2023-05-19 00:00:00,62,F,east,38,96.35,3661.3,1,two_year,credit_card,1,245.2,0,1,0,0
4797,2024-01-03 00:00:00,41,M,west,44,55.64,2448.16,3,month-to-month,electronic_check,0,207.5,1,0,1,0
4798,2023-04-01 00:00:00,46,M,east,4,118.39,473.56,1,month-to-month,electronic_check,0,25.9,1,0,0,1
4799,2023-10-13 00:00:00,68,M,south,44,51.11,2248.84,3,month-to-month,bank_transfer,1,310.9,1,0,1,0
4800,2024-02-10 00:00:00,21,M,east,21,57.06,1198.26,4,one_year,mailed_check,2,488.6,1,1,0,0
4801,2024-03-22 00:00:00,28,F,east,72,117.47,8457.84,6,month-to-month,electronic_check,0,177.1,1,0,0,0
4802,2024-03-11 00:00:00,62,M,west,23,86.81,1996.63,2,one_year,bank_transfer,0,312.3,1,0,0,0
4803,2023-06-11 00:00:00,46,F,west,22,107.92,2374.24,2,one_year,mailed_check,3,361.8,0,0,1,0
4804,2024-08-01 00:00:00,19,F,south,28,108.78,3045.84,5,one_year,mailed_check,1,301.9,1,0,0,0
4805,2024-05-19 00:00:00,55,F,west,50,73.64,3682.0,6,month-to-month,bank_transfer,1,450.1,0,0,0,0
4806,2024-07-03 00:00:00,25,F,west,69,46.7,3222.3,3,month-to-month,electronic_check,2,466.0,0,1,1,0
4807,2023-12-08 00:00:00,59,F,north,25,104.74,2618.5,3,two_year,electronic_check,1,435.6,0,1,1,0
4808,2024-10-13 00:00:00,60,M,east,15,70.19,1052.85,5,two_year,mailed_check,2,210.3,0,0,1,0
4809,2023-10-12 00:00:00,61,M,north,55,76.44,4204.2,5,month-to-month,electronic_check,2,70.0,1,1,1,0
4810,2024-08-11 00:00:00,42,F,south,39,74.14,2891.46,5,month-to-month,electronic_check,2,200.3,1,1,1,0
4811,2023-05-29 00:00:00,32,F,north,33,20.96,691.68,4,one_year,electronic_check,0,261.5,1,0,0,0
4812,2023-06-30 00:00:00,64,M,south,72,24.59,1770.48,1,two_year,mailed_check,1,21.2,0,1,1,0
4813,2024-01-20 00:00:00,47,F,east,36,81.64,2939.04,2,two_year,credit_card,2,419.2,0,0,0,1
4814,2024-02-10 00:00:00,51,F,south,45,99.44,4474.8,1,one_year,bank_transfer,0,442.8,0,1,0,0
4815,2024-06-28 00:00:00,25,M,north,71,65.7,4664.7,3,month-to-month,credit_card,2,316.1,1,0,0,0
4816,2023-08-06 00:00:00,51,F,south,15,39.04,585.6,6,one_year,mailed_check,1,290.1,0,0,0,0
4817,2024-09-29 00:00:00,48,F,east,65,60.66,3942.9,2,two_year,mailed_check,0,193.7,0,1,0,0
4818,2023-08-29 00:00:00,33,M,west,70,96.83,6778.1,5,month-to-month,electronic_check,0,489.0,0,0,0,0
4819,2024-01-25 00:00:00,58,M,north,34,30.86,1049.24,3,month-to-month,electronic_check,1,218.1,1,1,0,0
4820,2024-11-11 00:00:00,25,M,south,24,76.02,1824.48,2,month-to-month,electronic_check,3,103.1,0,0,1,0
4821,2024-01-29 00:00:00,56,F,north,11,90.22,992.42,2,month-to-month,electronic_check,0,480.5,1,1,1,0
4822,2024-05-12 00:00:00,68,M,north,3,61.58,184.74,5,two_year,bank_transfer,0,417.7,1,1,1,0
4823,2024-10-25 00:00:00,48,F,north,71,80.13,5689.23,5,month-to-month,mailed_check,1,163.6,0,0,1,0
4824,2024-12-12 00:00:00,23,F,west,31,108.35,3358.85,2,one_year,electronic_check,1,279.2,0,1,1,0
4825,2023-12-31 00:00:00,47,F,west,48,41.28,1981.44,6,month-to-month,bank_transfer,1,292.6,0,0,0,0
4826,2023-11-01 00:00:00,46,M,east,17,33.51,569.67,1,month-to-month,electronic_check,2,438.6,1,0,0,0
4827,2023-05-24 00:00:00,47,M,south,23,26.08,599.84,4,one_year,credit_card,1,273.8,0,0,0,0
4828,2024-01-28 00:00:00,32,M,west,59,92.62,5464.58,2,month-to-month,credit_card,0,209.1,0,0,0,0
4829,2024-11-01 00:00:00,51,M,south,47,110.05,5172.35,6,one_year,electronic_check,2,295.9,0,1,1,0
4830,2023-12-22 00:00:00,31,M,east,16,89.04,1424.64,5,month-to-month,electronic_check,0,486.2,0,1,0,0
4831,2023-09-12 00:00:00,47,M,east,0,117.65,0.0,1,one_year,credit_card,0,26.1,1,1,0,0
4832,2023-03-20 00:00:00,49,M,east,59,90.81,5357.79,3,two_year,credit_card,2,323.6,1,0,0,0
4833,2023-10-12 00:00:00,52,F,south,5,48.85,244.25,5,month-to-month,credit_card,3,41.2,0,0,1,0
4834,2023-06-22 00:00:00,60,M,south,2,45.56,91.12,4,month-to-month,electronic_check,1,131.4,0,0,0,1
4835,2024-12-14 00:00:00,64,M,south,21,86.67,1820.07,3,two_year,bank_transfer,0,347.9,1,1,1,0
4836,2024-01-21 00:00:00,59,F,east,67,87.58,5867.86,1,month-to-month,electronic_check,3,355.1,1,0,1,0
4837,2023-04-11 00:00:00,60,F,east,47,72.38,3401.86,4,month-to-month,mailed_check,0,416.8,0,0,1,0
4838,2023-02-19 00:00:00,64,F,south,3,72.69,218.07,1,two_year,electronic_check,0,270.3,1,1,1,0
4839,2024-09-13 00:00:00,30,F,east,66,61.66,4069.56,2,month-to-month,bank_transfer,0,401.0,0,0,0,0
4840,2024-11-10 00:00:00,33,M,north,68,54.99,3739.32,2,one_year,mailed_check,1,251.6,1,0,0,0
4841,2024-07-10 00:00:00,46,F,south,50,83.41,4170.5,4,month-to-month,bank_transfer,2,100.8,1,1,1,0
4842,2023-04-01 00:00:00,42,F,west,5,94.75,473.75,3,one_year,electronic_check,2,222.7,0,1,1,0
4843,2023-03-13 00:00:00,55,F,east,1,101.34,101.34,3,one_year,credit_card,1,86.3,0,0,1,0
4844,2023-05-25 00:00:00,18,F,east,63,50.78,3199.14,6,month-to-month,mailed_check,4,272.9,0,1,0,0
4845,2024-07-02 00:00:00,25,M,west,60,105.77,6346.2,3,one_year,credit_card,2,258.1,1,1,0,0
4846,2024-07-12 00:00:00,57,M,east,60,50.27,3016.2,5,month-to-month,bank_transfer,0,130.6,1,0,0,0
4847,2024-09-03 00:00:00,61,F,east,35,50.49,1767.15,6,month-to-month,electronic_check,2,243.1,0,1,1,0
4848,2023-03-12 00:00:00,34,M,south,43,100.6,4325.8,1,two_year,bank_transfer,1,301.8,0,1,1,0
4849,2023-04-22 00:00:00,34,M,west,12,116.94,1403.28,5,two_year,bank_transfer,1,217.4,0,1,0,0
4850,2024-10-19 00:00:00,47,M,east,2,113.22,226.44,1,one_year,electronic_check,0,111.8,0,0,1,0
4851,2024-11-08 00:00:00,43,M,east,16,31.11,497.76,4,one_year,electronic_check,0,476.9,0,1,1,0
4852,2024-06-13 00:00:00,26,M,north,45,48.85,2198.25,2,month-to-month,credit_card,3,401.3,1,1,1,0
4853,2023-03-19 00:00:00,44,M,west,29,95.99,2783.71,2,one_year,credit_card,1,106.5,0,0,0,0
4854,2023-02-20 00:00:00,61,F,south,45,100.62,4527.9,6,one_year,bank_transfer,0,238.3,0,1,0,0
4855,2023-02-10 00:00:00,56,M,south,32,70.43,2253.76,2,month-to-month,electronic_check,1,189.1,0,0,1,0
4856,2024-05-20 00:00:00,61,M,north,40,21.61,864.4,4,month-to-month,mailed_check,0,498.3,1,1,0,0
4857,2024-09-09 00:00:00,52,M,north,69,70.18,4842.42,5,month-to-month,electronic_check,0,360.8,0,1,1,0
4858,2024-04-06 00:00:00,64,F,north,46,23.11,1063.06,5,month-to-month,bank_transfer,2,324.5,1,0,1,0
4859,2023-07-11 00:00:00,31,F,north,69,48.14,3321.66,2,one_year,mailed_check,0,73.6,0,1,0,0
4860,2024-07-06 00:00:00,20,F,north,70,85.69,5998.3,3,month-to-month,mailed_check,2,95.1,1,1,0,0
4861,2023-02-13 00:00:00,24,F,south,45,33.46,1505.7,4,one_year,credit_card,0,465.7,0,1,1,0
4862,2024-08-27 00:00:00,70,F,west,72,91.25,6570.0,4,two_year,credit_card,1,224.5,0,0,1,0
4863,2024-10-13 00:00:00,51,F,west,18,82.14,1478.52,1,two_year,electronic_check,2,7.5,1,0,1,0
4864,2024-06-08 00:00:00,31,F,north,37,62.97,2329.89,4,two_year,mailed_check,2,248.4,1,1,0,0
4865,2024-10-03 00:00:00,63,M,south,5,57.22,286.1,1,two_year,mailed_check,1,309.1,0,0,0,0
4866,2024-03-03 00:00:00,34,F,west,6,111.47,668.82,4,month-to-month,electronic_check,0,145.4,1,1,0,1
4867,2023-12-08 00:00:00,49,M,east,9,75.32,677.88,5,one_year,mailed_check,3,212.7,1,0,1,1
4868,2023-08-24 00:00:00,31,F,west,9,108.89,980.01,3,one_year,electronic_check,0,138.1,1,1,1,0
4869,2024-11-03 00:00:00,23,M,south,29,61.24,1775.96,2,two_year,electronic_check,0,221.0,1,0,1,0
4870,2024-05-24 00:00:00,32,M,north,52,79.46,4131.92,2,one_year,bank_transfer,1,492.1,1,0,0,0
4871,2023-05-20 00:00:00,30,M,north,71,115.46,8197.66,5,month-to-month,electronic_check,0,229.6,0,0,1,0
4872,2024-11-29 00:00:00,47,F,east,71,32.41,2301.11,3,two_year,bank_transfer,2,403.2,1,0,1,0
4873,2023-02-13 00:00:00,19,F,north,13,46.28,601.64,6,one_year,electronic_check,2,64.3,0,1,1,0
4874,2024-03-04 00:00:00,30,M,south,31,111.67,3461.77,6,month-to-month,bank_transfer,0,394.9,0,1,0,0
4875,2023-05-20 00:00:00,48,M,south,31,62.2,1928.2,3,one_year,bank_transfer,0,253.2,1,0,0,0
4876,2024-04-29 00:00:00,38,M,west,7,47.2,330.4,2,one_year,credit_card,1,183.3,0,0,1,0
4877,2023-10-29 00:00:00,51,F,west,2,119.73,239.46,5,one_year,electronic_check,1,288.2,0,0,0,1
4878,2023-11-16 00:00:00,52,M,south,25,30.22,755.5,5,two_year,mailed_check,1,175.3,0,0,1,0
4879,2024-05-05 00:00:00,69,M,east,62,81.15,5031.3,1,one_year,credit_card,1,404.9,0,0,1,0
4880,2024-07-05 00:00:00,62,F,south,28,98.81,2766.68,6,two_year,electronic_check,2,394.6,0,0,1,0
4881,2023-10-05 00:00:00,30,F,west,27,98.67,2664.09,2,month-to-month,electronic_check,0,115.0,1,0,0,0
4882,2024-12-29 00:00:00,54,F,south,72,64.18,4620.96,4,month-to-month,mailed_check,2,216.0,0,1,1,0
4883,2023-12-30 00:00:00,51,F,east,27,24.4,658.8,2,month-to-month,credit_card,1,69.2,1,0,1,0
4884,2023-04-28 00:00:00,49,F,west,50,104.1,5205.0,3,month-to-month,electronic_check,2,2.8,0,1,0,0
4885,2023-01-05 00:00:00,60,M,north,71,100.27,7119.17,4,two_year,electronic_check,1,148.2,1,1,0,0
4886,2023-05-28 00:00:00,25,M,north,8,43.74,349.92,1,one_year,credit_card,2,280.3,0,0,1,0
4887,2024-05-19 00:00:00,37,F,south,37,54.05,1999.85,2,month-to-month,mailed_check,2,379.7,1,0,1,0
4888,2024-01-29 00:00:00,61,M,west,24,71.26,1710.24,5,month-to-month,electronic_check,0,474.9,0,1,1,0
4889,2023-09-04 00:00:00,65,F,east,8,31.41,251.28,6,two_year,mailed_check,2,211.4,0,0,0,0
4890,2023-12-18 00:00:00,19,M,north,3,102.06,306.18,6,month-to-month,electronic_check,2,1.7,1,1,1,1
4891,2024-09-03 00:00:00,42,M,south,47,112.21,5273.87,5,month-to-month,mailed_check,0,325.0,1,1,1,0
4892,2024-02-22 00:00:00,32,M,east,47,50.82,2388.54,6,one_year,electronic_check,2,103.4,0,1,0,0
4893,2023-02-12 00:00:00,26,F,west,41,112.4,4608.4,1,one_year,bank_transfer,1,288.0,0,0,1,0
4894,2023-02-05 00:00:00,21,F,south,49,100.09,4904.41,2,month-to-month,bank_transfer,0,225.9,1,1,1,0
4895,2023-12-18 00:00:00,46,M,north,52,92.78,4824.56,3,month-to-month,electronic_check,2,139.1,1,0,1,0
4896,2023-10-23 00:00:00,53,M,north,4,116.92,467.68,6,month-to-month,mailed_check,3,149.4,1,1,0,1
4897,2024-09-12 00:00:00,46,M,north,2,52.47,104.94,5,month-to-month,credit_card,4,171.1,0,1,1,0
4898,2024-03-01 00:00:00,37,M,north,24,111.56,2677.44,3,month-to-month,mailed_check,1,87.3,1,1,1,1
4899,2024-07-06 00:00:00,58,M,south,41,29.84,1223.44,1,month-to-month,credit_card,0,352.9,0,1,1,0
4900,2024-03-03 00:00:00,52,F,south,65,67.8,4407.0,4,month-to-month,credit_card,1,197.3,0,0,1,0
4901,2023-09-10 00:00:00,66,M,south,71,75.2,5339.2,2,month-to-month,electronic_check,1,359.1,1,1,0,0
4902,2024-04-24 00:00:00,36,M,west,60,32.28,1936.8,2,one_year,bank_transfer,1,291.2,0,0,1,0
4903,2024-03-29 00:00:00,30,M,south,21,93.74,1968.54,2,month-to-month,credit_card,1,113.5,1,0,0,0
4904,2024-06-09 00:00:00,42,M,east,41,67.52,2768.32,2,month-to-month,bank_transfer,1,160.6,1,1,0,0
4905,2023-05-19 00:00:00,44,M,east,8,65.55,524.4,2,month-to-month,bank_transfer,0,462.0,0,1,0,0
4906,2024-04-13 00:00:00,42,F,north,35,78.14,2734.9,4,month-to-month,electronic_check,0,210.9,1,0,0,0
4907,2023-07-28 00:00:00,62,F,west,7,33.47,234.29,1,one_year,credit_card,1,56.6,0,0,0,0
4908,2024-07-30 00:00:00,20,F,south,72,40.0,2880.0,3,month-to-month,electronic_check,0,321.6,0,1,0,0
4909,2024-08-05 00:00:00,45,M,west,32,38.07,1218.24,6,two_year,bank_transfer,0,171.1,0,1,1,0
4910,2024-04-01 00:00:00,40,F,north,52,115.19,5989.88,6,one_year,credit_card,1,232.8,1,0,1,0
4911,2024-11-22 00:00:00,29,F,west,7,97.32,681.24,5,month-to-month,mailed_check,0,103.2,0,1,0,0
4912,2024-01-28 00:00:00,51,F,east,69,72.92,5031.48,2,two_year,mailed_check,1,6.4,1,0,0,0
4913,2023-01-19 00:00:00,60,F,north,38,85.95,3266.1,1,month-to-month,bank_transfer,1,292.3,1,0,1,0
4914,2024-03-18 00:00:00,46,M,west,5,85.0,425.0,6,month-to-month,credit_card,3,217.1,1,0,0,1
4915,2024-07-21 00:00:00,22,F,east,26,46.23,1201.98,3,month-to-month,mailed_check,1,202.7,1,1,0,0
4916,2023-03-15 00:00:00,21,F,west,15,28.66,429.9,3,one_year,bank_transfer,1,461.5,1,0,0,0
4917,2023-03-18 00:00:00,40,F,north,5,75.49,377.45,3,one_year,electronic_check,1,130.6,0,1,1,0
4918,2023-07-19 00:00:00,53,F,west,2,46.3,92.6,1,one_year,electronic_check,1,293.2,1,1,1,0
4919,2024-09-08 00:00:00,34,F,west,52,107.35,5582.2,5,two_year,electronic_check,0,413.4,1,0,1,0
4920,2024-01-21 00:00:00,34,M,south,63,43.61,2747.43,2,two_year,mailed_check,1,227.5,0,1,0,0
4921,2024-12-13 00:00:00,63,F,south,48,77.29,3709.92,2,month-to-month,mailed_check,1,376.6,0,1,1,0
4922,2024-09-29 00:00:00,18,F,south,50,62.01,3100.5,5,two_year,electronic_check,1,279.7,0,0,0,0
4923,2024-02-10 00:00:00,22,F,south,2,94.29,188.58,5,month-to-month,electronic_check,0,175.5,0,0,0,1
4924,2024-05-10 00:00:00,26,F,west,12,115.07,1380.84,5,two_year,electronic_check,2,453.5,0,1,0,0
4925,2023-08-30 00:00:00,70,M,west,2,61.16,122.32,5,month-to-month,credit_card,0,188.4,1,0,0,1
4926,2023-03-07 00:00:00,44,M,north,71,24.44,1735.24,1,month-to-month,electronic_check,2,229.4,0,1,1,0
4927,2023-10-19 00:00:00,26,M,north,53,86.14,4565.42,3,month-to-month,mailed_check,1,323.9,1,0,1,0
4928,2024-03-08 00:00:00,34,F,north,69,32.92,2271.48,3,month-to-month,bank_transfer,0,296.8,1,1,0,0
4929,2023-05-14 00:00:00,69,F,east,66,30.45,2009.7,2,two_year,credit_card,3,256.2,0,0,0,0
4930,2023-06-11 00:00:00,54,F,south,16,86.16,1378.56,3,month-to-month,bank_transfer,1,345.0,0,0,0,0
4931,2023-01-11 00:00:00,29,F,west,37,30.28,1120.36,3,month-to-month,electronic_check,2,346.9,0,0,1,0
4932,2024-06-19 00:00:00,30,F,west,47,32.88,1545.36,4,two_year,electronic_check,0,264.8,1,1,1,0
4933,2024-10-18 00:00:00,21,M,north,54,63.91,3451.14,6,one_year,electronic_check,3,252.8,1,0,0,0
4934,2024-08-27 00:00:00,58,F,east,48,65.23,3131.04,4,one_year,bank_transfer,1,82.3,1,0,0,0
4935,2023-10-05 00:00:00,25,F,west,33,111.37,3675.21,6,two_year,electronic_check,0,355.5,0,0,1,0
4936,2024-03-09 00:00:00,33,F,west,0,47.61,0.0,5,month-to-month,electronic_check,2,495.5,0,1,0,0
4937,2024-12-02 00:00:00,36,F,east,68,60.09,4086.12,5,month-to-month,electronic_check,1,145.4,0,1,0,0
4938,2024-03-07 00:00:00,50,F,south,50,90.75,4537.5,2,month-to-month,mailed_check,3,100.1,0,1,1,0
4939,2023-08-04 00:00:00,50,M,west,61,102.7,6264.7,4,month-to-month,electronic_check,0,469.7,0,1,0,0
4940,2023-09-05 00:00:00,60,F,south,16,54.91,878.56,1,month-to-month,mailed_check,1,205.4,1,1,0,0
4941,2024-06-14 00:00:00,33,F,west,7,83.11,581.77,6,one_year,electronic_check,0,346.1,0,1,1,0
4942,2023-11-22 00:00:00,38,M,south,65,82.42,5357.3,2,month-to-month,mailed_check,2,235.5,1,1,0,0
4943,2024-09-03 00:00:00,38,M,west,58,50.32,2918.56,2,one_year,electronic_check,2,281.3,0,1,1,0
4944,2024-09-22 00:00:00,20,M,west,61,31.86,1943.46,6,one_year,mailed_check,0,167.0,1,0,0,0
4945,2023-01-27 00:00:00,57,M,east,32,88.25,2824.0,1,month-to-month,bank_transfer,0,385.3,1,0,1,0
4946,2024-06-12 00:00:00,46,F,north,66,46.81,3089.46,4,month-to-month,mailed_check,2,252.0,1,0,1,0
4947,2023-09-28 00:00:00,43,M,north,16,51.83,829.28,4,month-to-month,electronic_check,2,241.0,1,1,1,0
4948,2024-01-15 00:00:00,70,M,west,55,77.24,4248.2,2,one_year,bank_transfer,0,280.4,0,1,0,1
4949,2023-07-13 00:00:00,27,F,west,36,36.08,1298.88,3,month-to-month,mailed_check,0,468.8,1,0,1,0
4950,2023-09-26 00:00:00,69,M,east,12,44.15,529.8,5,two_year,mailed_check,0,409.2,1,0,1,0
4951,2023-08-30 00:00:00,54,F,west,52,64.61,3359.72,5,month-to-month,electronic_check,0,30.0,0,0,1,0
4952,2023-02-06 00:00:00,29,M,west,26,107.85,2804.1,4,one_year,credit_card,0,179.6,0,1,0,0
4953,2024-07-25 00:00:00,53,M,south,11,97.23,1069.53,4,month-to-month,mailed_check,0,77.0,1,0,0,0
4954,2023-04-15 00:00:00,58,F,west,51,51.76,2639.76,3,month-to-month,mailed_check,1,456.0,1,0,1,0
4955,2023-10-02 00:00:00,37,F,west,56,50.21,2811.76,4,month-to-month,electronic_check,0,123.1,1,1,1,0
4956,2023-05-21 00:00:00,36,F,south,23,118.73,2730.79,1,one_year,bank_transfer,0,383.3,0,1,0,0
4957,2023-04-28 00:00:00,62,F,north,70,85.34,5973.8,1,month-to-month,electronic_check,0,307.3,1,1,1,0
4958,2023-09-30 00:00:00,26,M,east,51,88.55,4516.05,5,two_year,bank_transfer,2,383.5,1,0,0,0
4959,2024-11-01 00:00:00,18,F,south,1,25.51,25.51,2,month-to-month,electronic_check,1,334.7,0,1,0,0
4960,2024-11-20 00:00:00,53,M,south,24,30.5,732.0,5,two_year,electronic_check,1,143.8,1,0,0,0
4961,2023-10-06 00:00:00,66,M,east,71,49.45,3510.95,1,two_year,bank_transfer,1,249.1,0,0,0,0
4962,2024-01-04 00:00:00,44,M,west,12,104.2,1250.4,2,month-to-month,mailed_check,2,86.2,0,0,1,1
4963,2024-12-20 00:00:00,25,F,north,69,111.07,7663.83,6,month-to-month,electronic_check,2,115.8,1,0,0,0
4964,2023-06-21 00:00:00,46,M,west,37,39.1,1446.7,2,one_year,bank_transfer,1,62.1,0,0,0,0
4965,2024-11-20 00:00:00,31,M,south,49,91.42,4479.58,6,month-to-month,credit_card,1,438.0,1,1,1,0
4966,2023-03-19 00:00:00,61,M,east,50,107.41,5370.5,2,month-to-month,mailed_check,2,142.8,1,1,0,0
4967,2023-06-14 00:00:00,50,F,west,37,107.89,3991.93,4,month-to-month,bank_transfer,3,65.7,0,1,0,0
4968,2023-09-04 00:00:00,35,M,north,37,65.88,2437.56,5,one_year,mailed_check,2,120.5,0,0,1,0
4969,2023-01-28 00:00:00,51,M,north,41,45.88,1881.08,4,month-to-month,mailed_check,1,131.6,0,1,1,0
4970,2024-08-18 00:00:00,53,M,west,46,115.63,5318.98,2,two_year,bank_transfer,4,62.7,0,1,0,0
4971,2024-09-16 00:00:00,53,F,south,53,47.66,2525.98,5,month-to-month,bank_transfer,3,348.8,0,0,0,0
4972,2023-10-07 00:00:00,37,M,west,31,45.27,1403.37,2,month-to-month,electronic_check,0,333.2,0,0,1,0
4973,2024-09-02 00:00:00,48,F,south,31,40.57,1257.67,5,month-to-month,electronic_check,1,294.6,1,1,0,0
4974,2024-07-17 00:00:00,20,M,east,56,73.25,4102.0,3,two_year,mailed_check,2,434.6,0,1,0,0
4975,2024-08-08 00:00:00,39,M,east,55,30.72,1689.6,6,two_year,bank_transfer,0,27.0,1,0,1,0
4976,2024-08-08 00:00:00,38,M,west,47,77.07,3622.29,6,month-to-month,bank_transfer,3,303.5,0,1,0,0
4977,2024-02-23 00:00:00,46,M,east,33,114.37,3774.21,5,one_year,electronic_check,0,294.0,1,0,1,0
4978,2023-03-22 00:00:00,68,M,east,41,70.5,2890.5,3,month-to-month,mailed_check,0,358.5,0,1,1,0
4979,2024-11-05 00:00:00,68,M,south,41,116.53,4777.73,3,month-to-month,bank_transfer,2,162.8,1,0,1,0
4980,2024-03-20 00:00:00,43,F,south,31,110.57,3427.67,3,month-to-month,electronic_check,0,213.0,1,0,0,0
4981,2024-10-19 00:00:00,52,M,south,13,99.23,1289.99,3,two_year,credit_card,0,169.4,0,1,0,1
4982,2024-12-01 00:00:00,23,M,south,39,80.81,3151.59,3,month-to-month,mailed_check,1,195.2,0,0,0,0
4983,2023-05-17 00:00:00,43,M,west,32,108.07,3458.24,3,one_year,bank_transfer,0,320.0,1,0,0,0
4984,2023-10-21 00:00:00,54,M,north,3,75.5,226.5,5,month-to-month,mailed_check,1,129.2,0,0,1,1
4985,2023-05-21 00:00:00,54,M,east,69,40.72,2809.68,6,two_year,mailed_check,1,434.0,1,1,1,0
4986,2023-02-07 00:00:00,69,M,east,48,112.52,5400.96,6,two_year,credit_card,1,496.9,0,1,1,0
4987,2024-12-06 00:00:00,42,M,west,8,70.22,561.76,4,month-to-month,bank_transfer,1,213.0,1,1,0,0
4988,2024-11-05 00:00:00,66,M,east,14,110.77,1550.78,6,one_year,electronic_check,2,495.4,0,1,0,1
4989,2024-11-11 00:00:00,69,F,south,41,59.31,2431.71,6,one_year,credit_card,0,241.1,1,1,0,0
4990,2024-10-07 00:00:00,48,F,north,62,53.57,3321.34,3,two_year,mailed_check,0,9.9,1,0,1,0
4991,2024-04-18 00:00:00,22,F,south,35,96.6,3381.0,3,month-to-month,bank_transfer,2,451.2,0,1,1,0
4992,2024-01-17 00:00:00,37,M,south,59,83.44,4922.96,3,month-to-month,electronic_check,0,168.2,1,0,0,0
4993,2024-12-24 00:00:00,58,F,north,9,63.97,575.73,1,month-to-month,credit_card,1,30.2,0,1,1,0
4994,2024-02-08 00:00:00,48,M,east,38,107.86,4098.68,2,one_year,credit_card,1,92.2,0,1,0,0
4995,2024-04-13 00:00:00,67,M,south,60,71.66,4299.6,3,month-to-month,mailed_check,2,362.0,1,0,1,0
4996,2023-06-04 00:00:00,61,F,west,61,21.28,1298.08,5,month-to-month,electronic_check,0,116.5,1,1,1,0
4997,2024-06-29 00:00:00,21,M,north,17,89.32,1518.44,2,two_year,mailed_check,1,366.6,1,1,1,0
4998,2024-08-21 00:00:00,63,M,west,48,26.32,1263.36,4,two_year,electronic_check,0,415.8,0,0,1,0
4999,2024-05-10 00:00:00,36,F,south,2,68.11,136.22,2,month-to-month,mailed_check,0,455.0,0,0,0,0
5000,2023-12-30 00:00:00,61,F,south,10,39.21,392.1,3,month-to-month,bank_transfer,1,453.1,1,1,0,0
5001,2023-05-25 00:00:00,44,M,south,65,44.2,2873.0,1,month-to-month,electronic_check,2,90.3,0,0,1,0
5002,2023-01-25 00:00:00,42,M,west,54,117.98,6370.92,4,month-to-month,credit_card,2,279.3,0,1,1,0
5003,2024-04-02 00:00:00,21,M,east,15,31.35,470.25,1,month-to-month,bank_transfer,1,441.7,1,0,1,0
5004,2024-05-13 00:00:00,24,F,north,72,95.77,6895.44,2,month-to-month,mailed_check,1,121.5,1,0,1,0
5005,2024-07-18 00:00:00,49,M,west,72,83.74,6029.28,4,month-to-month,mailed_check,0,499.6,0,0,1,0
5006,2024-11-24 00:00:00,48,M,north,2,39.5,79.0,5,two_year,credit_card,0,368.2,0,0,0,1
5007,2023-12-30 00:00:00,47,M,south,1,113.53,113.53,3,month-to-month,mailed_check,0,466.9,1,0,0,1
5008,2024-08-28 00:00:00,26,F,east,17,40.14,682.38,2,month-to-month,credit_card,0,155.4,0,0,0,1
5009,2024-06-06 00:00:00,45,F,east,57,71.56,4078.92,6,month-to-month,electronic_check,3,101.3,1,1,0,0
5010,2023-07-22 00:00:00,21,M,south,43,99.05,4259.15,3,two_year,electronic_check,4,474.8,0,0,1,0
5011,2024-09-08 00:00:00,25,F,west,37,96.36,3565.32,2,month-to-month,mailed_check,2,140.8,1,0,1,1
5012,2023-02-08 00:00:00,44,M,west,30,51.97,1559.1,1,month-to-month,electronic_check,0,452.1,0,1,0,0
5013,2024-03-13 00:00:00,50,F,west,35,103.93,3637.55,3,month-to-month,mailed_check,0,85.1,0,0,0,0
5014,2024-11-17 00:00:00,52,M,south,46,116.21,5345.66,2,month-to-month,mailed_check,3,179.2,1,1,0,0
5015,2024-04-26 00:00:00,70,M,west,4,67.4,269.6,3,month-to-month,electronic_check,1,314.3,1,1,1,0
5016,2024-11-15 00:00:00,63,M,north,42,85.23,3579.66,2,one_year,electronic_check,2,455.9,1,0,1,0
5017,2023-02-10 00:00:00,38,F,west,16,56.45,903.2,2,month-to-month,electronic_check,0,230.7,1,0,0,0
5018,2024-01-24 00:00:00,59,F,east,57,55.41,3158.37,5,one_year,electronic_check,1,299.6,1,0,0,0
5019,2024-07-23 00:00:00,23,F,east,14,66.97,937.58,3,month-to-month,electronic_check,2,163.2,0,0,1,0
5020,2024-04-13 00:00:00,63,M,north,5,39.71,198.55,5,one_year,electronic_check,2,97.6,0,1,1,0
5021,2024-10-04 00:00:00,38,M,west,31,88.94,2757.14,4,two_year,credit_card,1,370.3,0,1,0,0
5022,2023-12-04 00:00:00,58,M,south,32,36.56,1169.92,4,month-to-month,electronic_check,1,367.4,0,1,1,0
5023,2024-05-13 00:00:00,69,M,east,37,20.52,759.24,3,two_year,electronic_check,0,432.0,0,0,0,0
5024,2023-11-03 00:00:00,55,M,north,62,63.95,3964.9,3,month-to-month,credit_card,0,75.3,0,1,0,0
5025,2024-09-28 00:00:00,66,F,west,51,27.64,1409.64,2,one_year,bank_transfer,1,29.3,1,0,1,0
5026,2023-03-29 00:00:00,18,F,south,26,76.24,1982.24,6,month-to-month,electronic_check,2,312.6,1,0,1,0
5027,2023-07-05 00:00:00,27,F,west,53,72.04,3818.12,3,two_year,credit_card,1,244.4,1,0,1,0
5028,2023-03-12 00:00:00,51,M,west,36,33.73,1214.28,6,month-to-month,credit_card,0,312.8,0,1,1,0
5029,2024-05-27 00:00:00,46,M,east,16,44.6,713.6,5,month-to-month,bank_transfer,0,119.4,0,0,0,0
5030,2023-06-19 00:00:00,24,M,north,1,22.45,22.45,4,month-to-month,bank_transfer,2,412.8,1,0,0,1
5031,2023-08-20 00:00:00,56,M,south,0,79.4,0.0,6,month-to-month,bank_transfer,1,222.5,0,0,0,1
5032,2024-09-02 00:00:00,21,F,east,16,49.29,788.64,4,one_year,credit_card,2,338.7,1,1,1,0
5033,2023-09-20 00:00:00,70,F,east,59,91.3,5386.7,5,one_year,mailed_check,0,97.5,0,0,0,0
5034,2023-04-17 00:00:00,26,M,east,33,82.98,2738.34,5,month-to-month,credit_card,3,24.8,0,1,0,0
5035,2023-01-16 00:00:00,41,M,north,32,57.36,1835.52,4,one_year,electronic_check,0,179.0,0,1,0,0
5036,2023-06-15 00:00:00,61,F,east,29,22.17,642.93,5,month-to-month,bank_transfer,1,213.0,1,0,1,0
5037,2024-10-29 00:00:00,45,M,north,18,52.02,936.36,5,one_year,credit_card,0,214.8,0,1,1,0
5038,2024-02-05 00:00:00,57,F,south,52,52.49,2729.48,2,month-to-month,electronic_check,2,119.7,1,0,0,0
5039,2024-12-27 00:00:00,55,F,north,0,53.27,0.0,6,month-to-month,electronic_check,0,233.7,1,0,0,1
5040,2023-06-07 00:00:00,68,F,east,44,115.34,5074.96,4,month-to-month,bank_transfer,0,252.9,0,1,0,0
5041,2023-09-14 00:00:00,42,M,east,68,36.46,2479.28,1,month-to-month,bank_transfer,3,143.2,1,1,0,0
5042,2023-04-30 00:00:00,69,F,west,64,47.01,3008.64,1,one_year,bank_transfer,1,166.0,1,0,0,0
5043,2023-10-18 00:00:00,45,F,south,26,103.24,2684.24,5,two_year,credit_card,1,279.7,1,0,0,1
5044,2024-02-16 00:00:00,65,M,north,62,112.52,6976.24,5,month-to-month,electronic_check,0,22.4,0,0,0,0
5045,2024-08-12 00:00:00,56,M,north,17,66.83,1136.11,4,month-to-month,bank_transfer,0,20.6,1,1,1,0
5046,2023-09-26 00:00:00,25,F,west,17,74.0,1258.0,4,month-to-month,bank_transfer,1,216.3,0,0,1,1
5047,2024-07-17 00:00:00,52,F,west,25,25.29,632.25,6,one_year,electronic_check,2,31.3,1,1,0,0
5048,2024-04-02 00:00:00,64,M,north,1,100.8,100.8,6,month-to-month,electronic_check,0,373.2,0,1,1,0
5049,2023-08-02 00:00:00,24,F,east,19,79.46,1509.74,5,one_year,bank_transfer,2,293.4,0,1,0,0
5050,2024-10-27 00:00:00,62,F,south,62,67.9,4209.8,1,one_year,bank_transfer,0,13.1,1,1,1,0
5051,2023-11-13 00:00:00,23,M,south,55,50.26,2764.3,5,month-to-month,bank_transfer,1,164.7,0,1,1,0
5052,2023-04-21 00:00:00,64,M,east,24,64.38,1545.12,4,two_year,mailed_check,1,44.0,0,0,0,0
5053,2024-12-03 00:00:00,59,M,west,22,93.53,2057.66,5,month-to-month,bank_transfer,2,453.1,0,1,0,1
5054,2024-10-28 00:00:00,26,M,north,25,28.08,702.0,5,one_year,electronic_check,0,155.4,1,1,1,0
5055,2023-02-06 00:00:00,56,F,west,8,70.68,565.44,5,month-to-month,electronic_check,0,191.1,0,0,0,0
5056,2024-10-20 00:00:00,24,F,north,11,23.46,258.06,6,month-to-month,bank_transfer,1,393.6,1,0,0,1
5057,2024-11-22 00:00:00,48,M,east,72,97.23,7000.56,1,month-to-month,bank_transfer,2,108.2,1,1,1,0
5058,2024-08-28 00:00:00,66,F,north,50,41.1,2055.0,6,one_year,credit_card,0,103.9,1,0,1,0
5059,2023-07-06 00:00:00,28,M,north,49,110.34,5406.66,3,month-to-month,mailed_check,0,403.6,1,0,1,0
5060,2024-04-05 00:00:00,27,M,north,20,67.61,1352.2,2,two_year,bank_transfer,1,266.5,1,0,0,0
5061,2024-01-28 00:00:00,40,M,west,62,65.73,4075.26,5,month-to-month,credit_card,0,128.3,0,1,1,0
5062,2024-03-28 00:00:00,37,F,east,12,56.04,672.48,6,month-to-month,mailed_check,1,78.9,1,0,1,0
5063,2024-03-26 00:00:00,20,F,east,70,71.64,5014.8,1,one_year,mailed_check,1,395.8,0,1,0,0
5064,2024-04-11 00:00:00,42,F,north,36,53.8,1936.8,6,month-to-month,credit_card,2,102.0,0,0,1,0
5065,2024-01-11 00:00:00,31,M,west,24,55.99,1343.76,3,month-to-month,electronic_check,1,245.6,0,0,0,0
5066,2024-05-19 00:00:00,24,M,west,54,39.56,2136.24,6,month-to-month,bank_transfer,0,95.0,1,1,1,0
5067,2024-01-20 00:00:00,32,M,south,30,54.52,1635.6,1,month-to-month,bank_transfer,1,187.8,0,0,1,0
5068,2023-01-13 00:00:00,19,F,west,19,101.17,1922.23,4,month-to-month,mailed_check,2,41.9,0,0,0,0
5069,2023-01-26 00:00:00,66,M,north,49,44.57,2183.93,4,month-to-month,credit_card,2,5.1,0,1,1,0
5070,2024-11-30 00:00:00,70,F,south,52,102.13,5310.76,5,one_year,electronic_check,1,288.3,1,1,0,0
5071,2024-10-25 00:00:00,37,F,north,44,106.13,4669.72,3,two_year,electronic_check,0,284.6,0,0,0,0
5072,2024-03-03 00:00:00,64,M,north,33,86.63,2858.79,1,month-to-month,electronic_check,1,94.9,0,1,0,0
5073,2023-05-08 00:00:00,42,M,west,24,23.07,553.68,2,one_year,credit_card,2,98.7,0,0,0,0
5074,2024-07-24 00:00:00,66,M,south,29,76.1,2206.9,2,month-to-month,mailed_check,1,386.6,1,0,1,1
5075,2023-04-15 00:00:00,27,F,east,63,103.31,6508.53,6,month-to-month,bank_transfer,3,223.3,0,1,1,0
5076,2023-10-03 00:00:00,33,F,west,26,56.58,1471.08,1,month-to-month,electronic_check,6,302.0,1,0,1,0
5077,2023-08-29 00:00:00,57,M,west,70,48.28,3379.6,6,month-to-month,mailed_check,0,139.9,0,0,1,0
5078,2023-01-10 00:00:00,29,F,south,10,52.14,521.4,4,month-to-month,mailed_check,1,293.1,1,1,1,0
5079,2024-08-12 00:00:00,61,M,south,11,62.31,685.41,4,month-to-month,electronic_check,2,209.1,1,1,1,0
5080,2024-01-08 00:00:00,40,M,north,24,27.02,648.48,6,month-to-month,mailed_check,2,137.1,0,1,0,1
5081,2023-08-19 00:00:00,39,F,west,0,43.77,0.0,5,month-to-month,electronic_check,1,276.8,1,0,0,1
5082,2024-01-06 00:00:00,42,F,west,64,84.69,5420.16,4,month-to-month,electronic_check,3,34.6,0,1,1,0
5083,2023-01-01 00:00:00,60,M,east,24,67.25,1614.0,5,month-to-month,mailed_check,1,63.3,1,1,1,0
5084,2023-11-16 00:00:00,18,F,south,7,44.73,313.11,3,month-to-month,bank_transfer,0,221.7,1,0,0,0
5085,2024-01-15 00:00:00,57,F,west,45,113.09,5089.05,6,one_year,electronic_check,0,153.9,0,1,0,0
5086,2023-09-05 00:00:00,59,F,south,69,49.55,3418.95,5,month-to-month,mailed_check,3,403.4,0,1,0,0
5087,2024-08-29 00:00:00,61,F,south,72,32.93,2370.96,6,month-to-month,mailed_check,1,98.3,0,1,1,0
5088,2023-07-02 00:00:00,70,M,west,7,39.93,279.51,4,month-to-month,credit_card,0,67.0,1,0,0,0
5089,2023-04-11 00:00:00,59,M,south,57,49.66,2830.62,4,one_year,bank_transfer,1,33.4,1,1,1,0
5090,2024-01-21 00:00:00,46,F,west,26,72.26,1878.76,3,one_year,credit_card,1,408.3,1,0,1,0
5091,2024-10-09 00:00:00,42,M,north,61,26.63,1624.43,6,one_year,mailed_check,0,430.1,1,1,1,0
5092,2023-10-01 00:00:00,38,M,south,44,105.49,4641.56,4,month-to-month,credit_card,1,450.6,0,1,0,0
5093,2023-02-04 00:00:00,61,M,south,53,107.75,5710.75,1,one_year,electronic_check,3,443.5,1,1,1,0
5094,2024-12-09 00:00:00,38,M,south,61,51.84,3162.24,4,month-to-month,bank_transfer,0,437.0,0,0,1,0
5095,2023-11-21 00:00:00,48,M,west,65,97.53,6339.45,1,two_year,mailed_check,2,487.4,0,1,1,0
5096,2023-05-07 00:00:00,23,M,south,10,79.97,799.7,4,one_year,bank_transfer,1,199.1,0,1,1,0
5097,2024-03-25 00:00:00,34,M,west,52,104.54,5436.08,5,month-to-month,credit_card,2,329.1,1,1,1,0
5098,2023-08-22 00:00:00,32,M,north,10,47.7,477.0,5,two_year,bank_transfer,0,21.0,1,0,1,0
5099,2024-11-15 00:00:00,41,F,south,68,81.02,5509.36,1,month-to-month,electronic_check,1,433.1,1,1,0,0
5100,2023-08-03 00:00:00,44,F,south,45,27.27,1227.15,3,two_year,bank_transfer,1,72.6,1,1,1,0
5101,2024-02-06 00:00:00,55,M,east,14,20.95,293.3,3,month-to-month,bank_transfer,0,341.0,0,0,1,0
5102,2024-02-01 00:00:00,40,M,north,21,107.47,2256.87,3,month-to-month,electronic_check,2,163.2,1,0,1,0
5103,2023-06-26 00:00:00,25,M,south,65,49.45,3214.25,6,one_year,electronic_check,1,293.9,1,1,0,0
5104,2023-12-31 00:00:00,46,F,east,47,64.54,3033.38,4,month-to-month,bank_transfer,0,396.6,1,1,1,0
5105,2023-03-21 00:00:00,20,F,south,16,43.18,690.88,3,one_year,electronic_check,1,254.4,1,1,0,0
5106,2024-04-14 00:00:00,63,F,west,59,107.68,6353.12,6,month-to-month,electronic_check,0,475.3,0,1,0,0
5107,2024-07-07 00:00:00,58,F,south,52,58.45,3039.4,4,month-to-month,credit_card,1,154.6,0,0,1,0
5108,2024-11-24 00:00:00,29,M,west,5,37.91,189.55,3,month-to-month,credit_card,2,280.2,0,1,0,0
5109,2023-08-26 00:00:00,31,M,north,20,80.8,1616.0,4,two_year,mailed_check,2,429.0,1,0,0,0
5110,2023-07-28 00:00:00,19,M,west,61,40.55,2473.55,6,two_year,credit_card,1,275.8,0,0,0,0
5111,2024-02-05 00:00:00,37,M,south,25,46.07,1151.75,3,month-to-month,credit_card,0,267.2,1,1,1,0
5112,2024-05-20 00:00:00,20,M,north,2,87.28,174.56,4,month-to-month,mailed_check,1,193.2,0,0,0,0
5113,2024-12-25 00:00:00,67,F,east,44,115.92,5100.48,2,month-to-month,bank_transfer,0,388.9,1,1,0,0
5114,2023-01-19 00:00:00,25,M,north,65,95.48,6206.2,1,month-to-month,credit_card,1,179.6,0,0,0,0
5115,2023-06-23 00:00:00,52,F,north,40,32.41,1296.4,1,two_year,bank_transfer,2,124.0,0,1,1,0
5116,2023-07-11 00:00:00,48,M,east,71,51.26,3639.46,3,one_year,electronic_check,2,64.3,0,1,1,0
5117,2023-07-06 00:00:00,30,M,west,8,99.64,797.12,5,one_year,electronic_check,0,213.7,0,0,1,0
5118,2023-12-05 00:00:00,60,F,south,48,47.51,2280.48,2,month-to-month,mailed_check,4,143.0,1,1,1,0
5119,2024-09-29 00:00:00,23,M,east,47,94.01,4418.47,6,one_year,electronic_check,1,494.8,1,0,1,0
5120,2023-01-23 00:00:00,65,M,north,71,67.18,4769.78,1,two_year,electronic_check,1,305.5,0,0,1,0
5121,2024-08-18 00:00:00,57,M,north,38,108.44,4120.72,5,two_year,mailed_check,1,496.3,1,1,1,0
5122,2024-03-26 00:00:00,51,F,west,60,55.91,3354.6,2,one_year,electronic_check,0,347.7,1,1,0,0
5123,2024-03-25 00:00:00,64,M,north,10,113.46,1134.6,1,month-to-month,electronic_check,1,423.8,0,1,1,1
5124,2024-05-10 00:00:00,39,F,south,3,60.74,182.22,5,two_year,credit_card,2,56.0,0,1,0,0
5125,2023-03-26 00:00:00,32,F,east,52,92.62,4816.24,4,month-to-month,electronic_check,1,345.7,1,0,0,0
5126,2024-06-29 00:00:00,26,F,north,0,39.52,0.0,4,month-to-month,bank_transfer,6,59.2,1,0,1,1
5127,2023-07-01 00:00:00,66,M,west,63,73.08,4604.04,6,month-to-month,bank_transfer,3,73.2,0,1,1,0
5128,2024-01-13 00:00:00,39,F,east,1,51.01,51.01,4,one_year,credit_card,2,38.7,1,1,1,0
5129,2024-05-09 00:00:00,61,M,south,50,21.27,1063.5,6,two_year,electronic_check,1,311.9,0,0,0,0
5130,2024-03-16 00:00:00,35,F,west,32,63.73,2039.36,3,two_year,electronic_check,0,325.3,0,0,1,0
5131,2023-08-24 00:00:00,68,M,east,47,37.25,1750.75,3,two_year,bank_transfer,1,145.2,0,0,0,0
5132,2023-10-17 00:00:00,64,M,east,45,115.86,5213.7,3,one_year,mailed_check,0,447.7,1,0,0,0
5133,2023-12-14 00:00:00,34,M,north,32,100.86,3227.52,3,two_year,credit_card,1,461.7,0,0,1,0
5134,2023-01-31 00:00:00,43,F,north,35,93.95,3288.25,6,month-to-month,electronic_check,4,402.4,1,1,0,1
5135,2024-06-14 00:00:00,60,F,north,36,65.33,2351.88,4,month-to-month,electronic_check,0,313.0,0,1,1,0
5136,2023-03-14 00:00:00,29,M,east,49,45.91,2249.59,6,month-to-month,electronic_check,2,298.9,0,0,0,0
5137,2023-12-01 00:00:00,19,M,west,51,52.44,2674.44,2,one_year,bank_transfer,2,196.5,0,1,1,0
5138,2024-04-23 00:00:00,33,F,west,32,40.44,1294.08,5,two_year,electronic_check,0,228.2,0,1,1,0
5139,2023-02-28 00:00:00,49,F,east,25,75.19,1879.75,1,two_year,electronic_check,2,70.6,0,0,1,0
5140,2024-12-27 00:00:00,25,F,north,3,101.13,303.39,2,two_year,bank_transfer,1,477.9,0,1,0,0
5141,2023-10-03 00:00:00,35,M,east,56,38.74,2169.44,1,month-to-month,electronic_check,0,294.7,0,0,0,0
5142,2023-01-12 00:00:00,66,F,east,16,20.45,327.2,6,one_year,electronic_check,1,190.1,1,1,0,0
5143,2024-04-25 00:00:00,21,F,east,31,32.56,1009.36,2,month-to-month,electronic_check,1,100.9,1,1,0,0
5144,2024-02-12 00:00:00,20,M,east,72,66.09,4758.48,5,one_year,credit_card,1,203.4,0,0,1,0
5145,2024-04-12 00:00:00,40,M,east,57,21.86,1246.02,3,one_year,bank_transfer,1,83.9,0,0,1,0
5146,2024-07-02 00:00:00,18,M,east,25,60.33,1508.25,1,month-to-month,mailed_check,0,399.0,1,0,0,0
5147,2023-12-14 00:00:00,19,M,south,34,31.12,1058.08,3,month-to-month,mailed_check,1,361.0,1,0,0,0
5148,2024-08-26 00:00:00,27,F,north,23,30.78,707.94,3,month-to-month,credit_card,3,373.2,1,0,0,0
5149,2023-09-28 00:00:00,23,M,north,45,91.26,4106.7,4,two_year,electronic_check,3,342.3,0,0,0,0
5150,2024-02-02 00:00:00,60,F,west,11,119.95,1319.45,2,one_year,electronic_check,0,447.0,0,1,1,0
5151,2023-04-26 00:00:00,24,M,south,69,39.45,2722.05,5,month-to-month,credit_card,2,91.1,0,0,1,0
5152,2024-03-28 00:00:00,45,F,south,72,42.96,3093.12,5,two_year,mailed_check,1,262.3,0,0,0,0
5153,2023-07-10 00:00:00,55,F,south,21,49.64,1042.44,1,month-to-month,credit_card,1,308.5,0,1,0,0
5154,2024-05-23 00:00:00,51,F,north,16,98.51,1576.16,4,month-to-month,bank_transfer,1,490.9,0,1,1,0
5155,2024-08-07 00:00:00,52,F,west,39,70.59,2753.01,4,one_year,bank_transfer,1,181.3,0,1,1,0
5156,2024-09-19 00:00:00,36,M,north,47,77.07,3622.29,2,month-to-month,bank_transfer,0,138.4,0,0,0,0
5157,2024-11-09 00:00:00,65,F,north,46,74.65,3433.9,5,month-to-month,electronic_check,2,29.6,0,0,0,0
5158,2023-03-31 00:00:00,21,F,south,3,113.74,341.22,2,one_year,credit_card,3,485.1,0,1,1,0
5159,2023-04-11 00:00:00,23,M,south,51,23.49,1197.99,6,month-to-month,mailed_check,3,126.7,0,1,0,0
5160,2024-11-07 00:00:00,63,F,north,4,35.79,143.16,3,month-to-month,electronic_check,0,55.6,1,1,1,1
5161,2023-10-06 00:00:00,21,M,south,24,58.21,1397.04,3,month-to-month,electronic_check,1,448.4,0,0,0,0
5162,2023-01-19 00:00:00,28,F,west,52,68.8,3577.6,4,two_year,mailed_check,1,465.7,1,1,1,0
5163,2023-07-29 00:00:00,27,M,south,64,31.39,2008.96,4,month-to-month,electronic_check,0,270.6,1,0,1,0
5164,2024-09-02 00:00:00,19,F,west,46,109.32,5028.72,4,two_year,electronic_check,1,135.7,0,0,1,0
5165,2023-09-17 00:00:00,24,M,south,11,87.79,965.69,5,one_year,electronic_check,3,247.1,0,1,1,0
5166,2023-02-26 00:00:00,48,M,north,49,113.22,5547.78,2,month-to-month,credit_card,1,55.6,0,0,1,0
5167,2024-06-11 00:00:00,53,M,north,2,114.08,228.16,5,month-to-month,bank_transfer,3,66.6,1,1,0,1
5168,2023-05-23 00:00:00,22,F,west,16,71.25,1140.0,4,month-to-month,electronic_check,1,239.8,1,1,0,1
5169,2023-09-15 00:00:00,67,M,south,9,105.3,947.7,2,one_year,electronic_check,1,422.0,1,0,0,0
5170,2023-01-03 00:00:00,23,F,west,71,93.68,6651.28,6,month-to-month,bank_transfer,2,72.2,0,1,0,0
5171,2024-03-15 00:00:00,54,M,west,26,56.05,1457.3,6,one_year,bank_transfer,3,322.0,1,0,0,0
5172,2023-11-22 00:00:00,60,F,north,40,85.73,3429.2,2,one_year,electronic_check,0,166.5,1,1,0,0
5173,2024-09-24 00:00:00,45,M,south,57,115.27,6570.39,5,month-to-month,credit_card,2,28.0,1,1,0,0
5174,2023-09-02 00:00:00,44,F,east,70,96.4,6748.0,4,two_year,electronic_check,4,126.0,0,0,1,0
5175,2023-05-30 00:00:00,23,F,north,72,90.94,6547.68,5,month-to-month,electronic_check,1,34.6,0,0,0,0
5176,2023-05-02 00:00:00,30,M,west,11,42.19,464.09,3,one_year,electronic_check,1,93.9,1,1,1,0
5177,2023-05-27 00:00:00,63,M,north,28,103.11,2887.08,2,month-to-month,credit_card,1,152.6,0,1,0,1
5178,2023-11-26 00:00:00,36,F,west,29,58.97,1710.13,2,month-to-month,credit_card,2,86.8,1,1,0,0
5179,2023-03-05 00:00:00,19,M,west,58,82.41,4779.78,1,one_year,bank_transfer,0,202.0,1,0,0,0
5180,2023-10-21 00:00:00,56,M,east,24,87.77,2106.48,6,month-to-month,mailed_check,0,1.6,1,0,0,0
5181,2024-09-15 00:00:00,54,M,west,16,71.52,1144.32,2,two_year,electronic_check,3,14.5,1,1,1,0
5182,2024-07-14 00:00:00,21,F,west,55,36.56,2010.8,6,one_year,electronic_check,3,382.7,0,0,0,0
5183,2024-04-10 00:00:00,20,F,east,36,89.75,3231.0,2,one_year,electronic_check,1,388.4,1,0,1,0
5184,2024-10-13 00:00:00,24,F,east,54,44.72,2414.88,3,month-to-month,credit_card,0,191.7,0,1,1,0
5185,2024-07-23 00:00:00,20,F,south,27,46.54,1256.58,6,two_year,bank_transfer,1,491.4,1,1,1,0
5186,2024-04-21 00:00:00,50,M,south,35,32.68,1143.8,3,two_year,mailed_check,2,136.6,1,0,1,0
5187,2024-09-22 00:00:00,25,M,west,0,81.99,0.0,5,month-to-month,credit_card,0,373.7,1,0,0,1
5188,2023-04-01 00:00:00,50,M,north,1,31.74,31.74,1,month-to-month,electronic_check,1,221.5,0,1,1,0
5189,2024-08-20 00:00:00,27,M,south,0,54.52,0.0,6,two_year,electronic_check,0,171.0,1,1,0,0
5190,2023-08-04 00:00:00,69,M,east,12,108.95,1307.4,4,month-to-month,mailed_check,1,144.2,0,1,1,0
5191,2024-06-19 00:00:00,56,F,south,25,65.31,1632.75,5,month-to-month,credit_card,1,114.9,1,0,0,0
5192,2024-10-28 00:00:00,37,M,south,3,109.45,328.35,1,two_year,electronic_check,2,331.3,1,0,0,0
5193,2023-12-29 00:00:00,40,M,east,11,69.27,761.97,6,month-to-month,electronic_check,2,14.8,0,0,1,1
5194,2023-03-06 00:00:00,21,M,south,61,37.88,2310.68,3,two_year,mailed_check,3,452.3,0,1,0,0
5195,2023-09-28 00:00:00,20,M,west,62,95.89,5945.18,2,month-to-month,credit_card,2,127.2,0,0,0,0
5196,2023-10-25 00:00:00,46,M,north,21,55.34,1162.14,1,month-to-month,mailed_check,2,240.6,1,1,0,0
5197,2024-11-14 00:00:00,19,M,south,69,116.64,8048.16,1,month-to-month,bank_transfer,3,195.4,0,1,1,0
5198,2024-11-19 00:00:00,51,M,west,8,46.21,369.68,5,month-to-month,credit_card,1,474.4,0,1,0,0
5199,2024-02-19 00:00:00,38,F,south,2,102.21,204.42,2,two_year,bank_transfer,2,84.2,1,1,1,0
5200,2024-11-24 00:00:00,25,F,east,25,69.39,1734.75,6,one_year,electronic_check,0,182.6,1,1,1,0
5201,2023-11-15 00:00:00,46,F,east,19,104.21,1979.99,2,two_year,electronic_check,0,330.9,0,1,0,0
5202,2023-10-28 00:00:00,47,F,south,5,38.3,191.5,1,month-to-month,electronic_check,0,141.3,0,0,1,1
5203,2024-09-02 00:00:00,57,F,east,61,83.37,5085.57,6,two_year,bank_transfer,0,272.3,1,1,0,0
5204,2024-05-02 00:00:00,28,F,north,71,31.32,2223.72,5,one_year,credit_card,1,13.5,0,1,0,0
5205,2024-01-17 00:00:00,47,M,east,19,100.55,1910.45,4,month-to-month,electronic_check,1,451.1,1,0,1,0
5206,2023-11-30 00:00:00,62,F,north,22,43.57,958.54,5,month-to-month,mailed_check,2,419.2,0,0,1,0
5207,2024-05-30 00:00:00,32,M,east,52,62.76,3263.52,5,month-to-month,electronic_check,2,62.1,1,1,1,0
5208,2024-07-04 00:00:00,62,M,north,68,85.6,5820.8,2,month-to-month,mailed_check,1,364.5,0,0,1,0
5209,2023-12-25 00:00:00,56,M,west,20,67.82,1356.4,3,two_year,mailed_check,1,30.6,1,1,0,0
5210,2023-01-24 00:00:00,40,M,east,49,97.89,4796.61,6,two_year,credit_card,0,461.3,1,1,1,0
5211,2023-03-16 00:00:00,64,F,north,1,88.82,88.82,5,month-to-month,mailed_check,2,60.0,0,1,0,1
5212,2023-04-16 00:00:00,69,M,north,41,33.04,1354.64,4,month-to-month,electronic_check,1,179.4,0,1,0,0
5213,2023-12-04 00:00:00,30,F,north,72,97.35,7009.2,2,month-to-month,mailed_check,3,428.8,1,1,0,0
5214,2024-03-24 00:00:00,69,F,west,34,62.35,2119.9,4,two_year,credit_card,2,103.4,0,0,0,0
5215,2024-08-09 00:00:00,18,M,east,46,79.78,3669.88,1,one_year,mailed_check,0,464.0,1,1,0,0
5216,2023-06-19 00:00:00,24,M,south,50,41.66,2083.0,5,one_year,credit_card,0,333.6,0,0,0,0
5217,2024-07-28 00:00:00,20,M,south,46,62.31,2866.26,2,one_year,mailed_check,0,237.4,1,0,1,0
5218,2024-05-01 00:00:00,37,M,north,50,101.72,5086.0,2,two_year,bank_transfer,2,61.2,0,0,0,0
5219,2023-02-07 00:00:00,67,F,north,64,112.63,7208.32,4,month-to-month,mailed_check,4,328.4,0,1,1,1
5220,2023-09-14 00:00:00,49,F,west,0,113.87,0.0,1,month-to-month,credit_card,1,294.4,0,1,0,0
5221,2023-08-09 00:00:00,50,F,east,64,90.01,5760.64,5,one_year,bank_transfer,2,211.2,0,0,0,0
5222,2024-10-09 00:00:00,22,M,south,66,27.89,1840.74,3,two_year,mailed_check,1,201.8,1,0,1,0
5223,2024-11-03 00:00:00,45,F,north,65,64.26,4176.9,4,one_year,bank_transfer,1,294.6,1,0,0,0
5224,2024-08-21 00:00:00,38,F,south,26,39.31,1022.06,5,two_year,electronic_check,3,205.6,1,0,1,0
5225,2024-01-21 00:00:00,43,M,south,42,89.76,3769.92,5,two_year,electronic_check,0,341.6,1,0,0,0
5226,2023-12-26 00:00:00,31,M,north,25,36.14,903.5,6,month-to-month,electronic_check,1,218.1,0,1,1,0
5227,2023-08-16 00:00:00,28,M,east,61,117.76,7183.36,2,one_year,bank_transfer,2,489.9,0,0,0,0
5228,2024-07-18 00:00:00,68,M,east,29,39.45,1144.05,3,two_year,credit_card,1,277.0,1,0,1,0
5229,2023-03-04 00:00:00,47,F,west,22,25.27,555.94,1,month-to-month,mailed_check,0,70.4,1,0,1,0
5230,2023-07-17 00:00:00,39,F,south,50,104.35,5217.5,2,one_year,mailed_check,3,484.0,0,1,1,0
5231,2023-04-09 00:00:00,21,M,south,3,40.23,120.69,4,month-to-month,electronic_check,1,492.8,1,1,1,0
5232,2023-12-27 00:00:00,58,F,west,27,22.4,604.8,1,two_year,credit_card,1,496.5,0,1,1,0
5233,2023-08-07 00:00:00,43,M,south,15,74.81,1122.15,3,month-to-month,electronic_check,2,152.8,1,0,1,1
5234,2023-05-25 00:00:00,38,M,east,27,116.92,3156.84,6,month-to-month,electronic_check,1,171.6,0,1,1,0
5235,2023-10-02 00:00:00,53,F,east,32,46.75,1496.0,1,one_year,credit_card,3,3.1,1,0,1,0
5236,2024-09-20 00:00:00,24,F,west,4,60.87,243.48,2,one_year,credit_card,4,443.9,1,0,1,0
5237,2024-02-12 00:00:00,46,F,south,63,43.72,2754.36,2,month-to-month,electronic_check,3,354.9,1,1,0,0
5238,2024-08-23 00:00:00,63,M,east,30,75.8,2274.0,6,month-to-month,mailed_check,1,140.8,0,1,0,0
5239,2024-10-29 00:00:00,42,F,north,26,52.28,1359.28,5,two_year,bank_transfer,0,93.3,0,1,0,0
5240,2024-10-20 00:00:00,18,F,west,10,79.14,791.4,2,two_year,electronic_check,0,445.0,0,0,1,0
5241,2023-09-14 00:00:00,30,F,north,72,67.8,4881.6,5,one_year,credit_card,2,177.4,1,0,0,0
5242,2024-10-02 00:00:00,20,M,east,62,112.89,6999.18,1,month-to-month,electronic_check,0,281.5,1,1,0,0
5243,2024-10-25 00:00:00,44,M,north,35,87.0,3045.0,5,one_year,mailed_check,0,79.0,1,1,1,0
5244,2024-12-01 00:00:00,37,F,south,24,88.26,2118.24,2,one_year,electronic_check,2,88.0,0,0,0,0
5245,2023-09-14 00:00:00,25,F,north,34,68.65,2334.1,5,month-to-month,electronic_check,0,193.9,0,0,1,0
5246,2023-06-16 00:00:00,54,F,east,70,50.31,3521.7,3,month-to-month,electronic_check,3,125.3,1,0,0,0
5247,2024-03-02 00:00:00,27,F,south,16,51.4,822.4,5,month-to-month,electronic_check,1,111.3,1,0,1,0
5248,2024-11-11 00:00:00,36,F,east,49,70.4,3449.6,3,month-to-month,credit_card,1,203.7,0,1,0,0
5249,2024-10-19 00:00:00,70,F,south,65,39.19,2547.35,4,one_year,mailed_check,4,104.7,0,0,0,0
5250,2024-02-21 00:00:00,21,M,north,55,33.24,1828.2,6,month-to-month,electronic_check,1,472.1,0,1,0,0
5251,2023-04-19 00:00:00,31,M,east,63,57.24,3606.12,5,month-to-month,mailed_check,0,291.9,0,1,0,0
5252,2023-11-05 00:00:00,34,M,east,69,33.05,2280.45,4,month-to-month,electronic_check,1,21.8,1,1,1,0
5253,2024-06-05 00:00:00,44,F,east,4,43.08,172.32,6,one_year,bank_transfer,0,110.1,0,1,0,0
5254,2024-02-14 00:00:00,30,M,south,17,73.5,1249.5,1,one_year,mailed_check,0,224.4,0,0,1,0
5255,2023-09-10 00:00:00,69,M,east,10,99.01,990.1,5,month-to-month,mailed_check,0,215.1,0,0,1,0
5256,2023-09-08 00:00:00,18,F,east,41,42.48,1741.68,4,month-to-month,bank_transfer,1,343.7,1,1,0,0
5257,2023-02-13 00:00:00,68,F,north,29,99.17,2875.93,2,month-to-month,mailed_check,0,386.3,1,1,1,0
5258,2023-07-30 00:00:00,46,M,north,2,21.55,43.1,3,one_year,credit_card,1,285.2,0,0,1,0
5259,2024-05-03 00:00:00,20,M,south,40,119.7,4788.0,3,month-to-month,bank_transfer,0,178.2,1,0,1,0
5260,2023-06-26 00:00:00,24,F,north,7,71.69,501.83,5,month-to-month,electronic_check,1,93.8,1,1,1,1
5261,2024-12-26 00:00:00,23,M,east,29,67.59,1960.11,4,month-to-month,electronic_check,2,18.5,1,0,1,0
5262,2023-03-02 00:00:00,33,M,north,26,85.06,2211.56,5,month-to-month,electronic_check,3,30.1,1,1,1,0
5263,2024-03-05 00:00:00,35,M,north,65,67.52,4388.8,4,month-to-month,credit_card,0,205.2,1,1,0,0
5264,2023-12-29 00:00:00,51,M,north,49,60.8,2979.2,6,one_year,credit_card,1,0.7,0,1,0,0
5265,2024-08-31 00:00:00,34,F,south,45,57.1,2569.5,5,month-to-month,credit_card,1,169.3,0,1,1,0
5266,2024-10-10 00:00:00,56,M,north,60,117.78,7066.8,4,one_year,bank_transfer,0,3.8,1,0,0,0
5267,2024-02-01 00:00:00,33,M,east,13,106.15,1379.95,1,month-to-month,credit_card,2,430.6,1,0,1,1
5268,2024-04-05 00:00:00,31,M,north,18,70.24,1264.32,3,two_year,mailed_check,1,105.6,0,1,0,0
5269,2024-05-25 00:00:00,32,M,west,54,103.65,5597.1,1,month-to-month,bank_transfer,0,331.8,0,1,0,0
5270,2024-01-16 00:00:00,35,M,east,54,34.91,1885.14,3,one_year,mailed_check,3,446.1,1,0,1,0
5271,2023-05-15 00:00:00,62,F,north,1,72.94,72.94,6,month-to-month,credit_card,4,444.8,0,0,1,1
5272,2023-11-09 00:00:00,31,M,south,16,65.02,1040.32,3,month-to-month,credit_card,0,411.4,0,1,0,0
5273,2023-06-26 00:00:00,32,M,north,16,52.49,839.84,5,one_year,bank_transfer,1,316.7,1,0,1,1
5274,2023-12-06 00:00:00,68,M,west,0,111.84,0.0,3,month-to-month,bank_transfer,1,111.1,0,0,0,0
5275,2024-03-25 00:00:00,52,F,east,48,103.25,4956.0,4,month-to-month,credit_card,0,212.3,1,1,0,0
5276,2023-06-02 00:00:00,28,M,west,3,110.71,332.13,1,month-to-month,electronic_check,2,204.6,1,1,1,1
5277,2023-07-02 00:00:00,64,F,south,61,83.52,5094.72,5,two_year,mailed_check,3,295.1,1,1,1,0
5278,2024-08-23 00:00:00,27,F,north,42,57.62,2420.04,2,two_year,bank_transfer,2,194.3,1,0,0,0
5279,2023-10-03 00:00:00,26,F,north,55,95.68,5262.4,3,one_year,bank_transfer,3,46.4,0,1,0,0
5280,2023-05-25 00:00:00,41,F,south,36,30.86,1110.96,6,month-to-month,mailed_check,1,21.7,1,0,1,0
5281,2024-06-04 00:00:00,54,M,west,70,105.31,7371.7,2,month-to-month,mailed_check,2,203.5,1,0,0,0
5282,2024-06-07 00:00:00,28,F,south,19,22.88,434.72,6,two_year,electronic_check,0,435.3,0,1,1,0
5283,2024-08-26 00:00:00,57,F,west,40,101.82,4072.8,5,month-to-month,credit_card,1,352.6,1,0,1,0
5284,2024-07-08 00:00:00,26,M,south,0,90.39,0.0,1,month-to-month,bank_transfer,2,152.9,0,0,0,0
5285,2024-12-25 00:00:00,59,F,north,60,28.85,1731.0,3,two_year,bank_transfer,2,467.5,1,1,0,0
5286,2024-02-24 00:00:00,23,M,south,41,34.7,1422.7,6,month-to-month,electronic_check,0,328.2,1,1,1,0
5287,2023-07-29 00:00:00,42,F,north,12,65.24,782.88,3,two_year,electronic_check,0,419.5,1,1,1,0
5288,2024-09-21 00:00:00,51,F,east,59,49.99,2949.41,5,one_year,mailed_check,1,412.1,1,1,0,0
5289,2023-07-13 00:00:00,32,F,north,72,106.73,7684.56,6,two_year,electronic_check,2,311.1,1,0,0,0
5290,2023-08-01 00:00:00,50,M,east,5,39.28,196.4,1,one_year,electronic_check,1,469.8,1,1,1,0
5291,2024-08-27 00:00:00,54,F,south,61,61.71,3764.31,5,month-to-month,electronic_check,3,225.0,0,0,1,0
5292,2024-10-05 00:00:00,52,F,south,53,46.05,2440.65,6,one_year,electronic_check,3,392.8,1,0,1,0
5293,2023-09-05 00:00:00,39,M,east,25,32.72,818.0,4,two_year,electronic_check,1,101.9,1,1,1,0
5294,2024-06-16 00:00:00,58,F,east,46,45.97,2114.62,6,one_year,bank_transfer,2,471.1,1,0,1,0
5295,2024-11-04 00:00:00,56,F,west,57,106.0,6042.0,5,two_year,bank_transfer,2,365.1,0,0,0,0
5296,2024-08-06 00:00:00,35,F,south,34,91.55,3112.7,4,two_year,mailed_check,1,135.6,1,0,0,0
5297,2023-01-04 00:00:00,56,F,west,48,111.42,5348.16,1,one_year,credit_card,3,293.6,0,0,1,0
5298,2024-04-30 00:00:00,66,M,west,3,60.53,181.59,5,two_year,mailed_check,1,11.0,0,1,0,0
5299,2023-05-05 00:00:00,61,M,west,67,44.04,2950.68,6,month-to-month,credit_card,0,263.3,1,1,1,0
5300,2024-09-09 00:00:00,56,M,west,67,22.63,1516.21,2,two_year,electronic_check,4,380.7,0,0,1,0
5301,2023-02-18 00:00:00,58,M,west,15,69.52,1042.8,1,two_year,electronic_check,1,182.4,0,1,1,0
5302,2024-12-25 00:00:00,60,M,south,34,23.97,814.98,4,month-to-month,electronic_check,1,369.7,1,0,1,0
5303,2023-05-10 00:00:00,33,F,east,17,20.43,347.31,6,one_year,credit_card,3,365.0,0,1,1,0
5304,2023-11-03 00:00:00,56,M,west,29,80.47,2333.63,5,month-to-month,credit_card,1,467.2,1,0,0,1
5305,2023-06-20 00:00:00,28,F,south,20,36.48,729.6,5,two_year,mailed_check,1,480.2,1,1,1,0
5306,2024-08-17 00:00:00,36,M,west,62,75.98,4710.76,4,month-to-month,credit_card,1,104.1,0,1,0,0
5307,2023-10-15 00:00:00,67,M,east,50,77.35,3867.5,3,month-to-month,electronic_check,0,161.9,1,0,1,0
5308,2024-06-27 00:00:00,33,F,south,61,92.38,5635.18,2,month-to-month,bank_transfer,0,112.4,1,1,0,0
5309,2023-02-19 00:00:00,62,F,west,57,58.31,3323.67,5,month-to-month,electronic_check,0,194.6,1,1,1,0
5310,2023-11-27 00:00:00,40,M,north,53,90.52,4797.56,4,two_year,bank_transfer,2,19.7,0,1,1,0
5311,2024-10-27 00:00:00,29,F,east,12,56.6,679.2,5,month-to-month,electronic_check,1,240.6,0,1,0,1
5312,2024-11-07 00:00:00,23,M,west,60,29.78,1786.8,6,month-to-month,bank_transfer,1,443.0,0,1,1,0
5313,2023-06-02 00:00:00,47,M,north,57,51.0,2907.0,6,two_year,mailed_check,1,362.8,1,0,0,0
5314,2023-10-15 00:00:00,41,M,south,9,20.76,186.84,6,month-to-month,mailed_check,2,282.5,0,0,0,0
5315,2023-10-26 00:00:00,45,F,east,6,66.25,397.5,3,month-to-month,electronic_check,2,124.9,1,1,1,0
5316,2024-02-17 00:00:00,20,M,north,55,94.03,5171.65,1,month-to-month,mailed_check,5,123.4,0,0,1,0
5317,2024-01-28 00:00:00,32,F,west,28,98.47,2757.16,4,two_year,electronic_check,0,41.2,1,1,0,0
5318,2023-03-19 00:00:00,18,F,east,23,43.21,993.83,3,two_year,electronic_check,1,41.4,0,1,0,0
5319,2024-07-10 00:00:00,34,M,south,28,30.56,855.68,6,one_year,mailed_check,0,382.1,1,0,1,0
5320,2023-06-14 00:00:00,67,F,south,63,38.54,2428.02,1,month-to-month,electronic_check,0,471.0,0,0,1,0
5321,2023-08-18 00:00:00,26,M,north,26,118.37,3077.62,6,month-to-month,mailed_check,1,423.3,1,1,1,0
5322,2024-09-05 00:00:00,54,M,north,27,51.21,1382.67,4,one_year,electronic_check,2,468.5,1,0,0,0
5323,2024-05-18 00:00:00,18,M,east,29,62.93,1824.97,1,month-to-month,mailed_check,0,41.6,1,0,0,0
5324,2023-10-17 00:00:00,47,M,west,3,27.56,82.68,2,month-to-month,mailed_check,2,177.8,0,1,0,1
5325,2024-10-28 00:00:00,66,M,south,2,98.93,197.86,1,month-to-month,electronic_check,1,118.8,1,0,1,1
5326,2023-10-15 00:00:00,36,M,north,30,64.85,1945.5,6,two_year,electronic_check,0,48.8,1,0,0,0
5327,2024-02-17 00:00:00,28,F,east,1,28.74,28.74,4,one_year,mailed_check,4,118.2,0,0,0,1
5328,2023-06-29 00:00:00,48,M,east,55,67.29,3700.95,4,month-to-month,credit_card,3,320.6,0,1,1,0
5329,2023-05-14 00:00:00,32,M,north,30,91.33,2739.9,4,two_year,electronic_check,3,241.7,1,1,1,0
5330,2023-12-25 00:00:00,65,F,east,36,67.3,2422.8,3,month-to-month,electronic_check,1,454.5,0,1,0,0
5331,2024-02-16 00:00:00,62,M,north,24,116.86,2804.64,2,one_year,bank_transfer,0,66.3,0,1,1,0
5332,2024-08-11 00:00:00,52,F,north,55,107.17,5894.35,5,month-to-month,electronic_check,1,341.6,0,0,0,0
5333,2023-10-13 00:00:00,51,F,south,31,71.48,2215.88,1,two_year,electronic_check,2,293.9,0,1,1,0
5334,2024-10-15 00:00:00,49,M,east,2,114.05,228.1,2,month-to-month,electronic_check,2,370.3,1,0,1,1
5335,2024-03-19 00:00:00,56,M,east,35,101.14,3539.9,6,two_year,credit_card,0,234.2,1,0,0,0
5336,2023-02-21 00:00:00,42,M,east,12,56.83,681.96,1,one_year,mailed_check,2,17.6,0,0,0,0
5337,2024-06-23 00:00:00,69,M,north,43,97.14,4177.02,6,month-to-month,electronic_check,2,196.0,0,0,0,0
5338,2024-02-24 00:00:00,36,M,south,41,70.59,2894.19,1,month-to-month,mailed_check,1,105.7,1,0,0,1
5339,2023-10-12 00:00:00,18,F,east,34,73.91,2512.94,3,two_year,electronic_check,2,154.3,0,1,0,0
5340,2023-12-08 00:00:00,55,F,east,28,72.06,2017.68,4,month-to-month,electronic_check,3,112.2,0,1,1,0
5341,2023-08-09 00:00:00,53,M,north,43,100.37,4315.91,1,month-to-month,credit_card,1,317.1,1,0,1,0
5342,2024-03-24 00:00:00,69,F,west,49,111.86,5481.14,6,one_year,mailed_check,1,461.4,0,1,0,0
5343,2024-02-18 00:00:00,38,M,north,64,51.95,3324.8,6,month-to-month,bank_transfer,2,73.6,1,1,1,0
5344,2023-11-23 00:00:00,40,F,west,70,84.19,5893.3,2,month-to-month,credit_card,0,194.2,0,0,0,0
5345,2023-07-28 00:00:00,47,F,east,6,82.84,497.04,2,one_year,electronic_check,1,143.0,1,0,1,0
5346,2023-10-19 00:00:00,38,M,north,48,108.75,5220.0,5,month-to-month,electronic_check,1,57.6,0,0,1,0
5347,2023-12-30 00:00:00,59,M,south,6,64.72,388.32,3,month-to-month,electronic_check,0,199.7,1,1,0,0
5348,2023-12-11 00:00:00,40,M,south,30,39.02,1170.6,1,month-to-month,bank_transfer,0,398.0,0,0,1,0
5349,2023-08-14 00:00:00,59,F,west,54,40.31,2176.74,5,two_year,mailed_check,1,137.5,1,0,1,0
5350,2024-02-29 00:00:00,40,M,east,39,25.13,980.07,3,month-to-month,mailed_check,0,130.0,1,0,1,0
5351,2023-06-15 00:00:00,29,F,south,58,30.07,1744.06,3,one_year,electronic_check,1,464.0,1,1,0,0
5352,2024-01-01 00:00:00,70,M,west,66,50.12,3307.92,4,one_year,electronic_check,1,323.2,0,0,0,0
5353,2023-03-30 00:00:00,45,M,north,71,30.26,2148.46,4,one_year,mailed_check,0,141.7,0,1,0,0
5354,2023-12-11 00:00:00,55,F,west,49,107.11,5248.39,5,month-to-month,electronic_check,0,15.8,0,0,1,0
5355,2024-07-26 00:00:00,49,M,west,49,56.2,2753.8,5,month-to-month,bank_transfer,0,495.5,0,1,0,0
5356,2024-08-20 00:00:00,37,M,south,58,56.85,3297.3,6,month-to-month,credit_card,0,488.0,0,1,0,0
5357,2024-05-22 00:00:00,69,F,north,17,95.75,1627.75,6,one_year,credit_card,1,334.5,1,0,0,0
5358,2024-06-28 00:00:00,37,M,west,22,50.13,1102.86,4,one_year,mailed_check,1,62.5,1,0,1,0
5359,2023-02-18 00:00:00,70,F,west,24,91.52,2196.48,4,month-to-month,electronic_check,0,361.9,0,1,0,1
5360,2023-09-07 00:00:00,40,F,south,54,102.24,5520.96,3,one_year,mailed_check,1,226.4,1,0,1,0
5361,2024-04-22 00:00:00,19,M,north,25,56.02,1400.5,4,month-to-month,electronic_check,0,23.4,1,1,1,0
5362,2024-08-07 00:00:00,19,F,south,10,67.78,677.8,1,month-to-month,credit_card,2,65.7,0,0,1,0
5363,2024-03-01 00:00:00,69,M,north,58,52.22,3028.76,3,one_year,bank_transfer,0,20.8,0,0,0,0
5364,2024-09-15 00:00:00,45,F,east,54,62.32,3365.28,2,month-to-month,electronic_check,0,57.5,0,0,0,0
5365,2023-07-19 00:00:00,38,F,east,43,78.07,3357.01,4,two_year,bank_transfer,2,277.3,1,0,0,0
5366,2023-04-23 00:00:00,61,F,south,64,54.96,3517.44,6,one_year,electronic_check,0,367.9,1,0,0,0
5367,2023-03-05 00:00:00,50,F,east,57,66.41,3785.37,3,month-to-month,bank_transfer,0,489.2,1,1,1,0
5368,2024-03-01 00:00:00,53,M,east,65,69.62,4525.3,4,month-to-month,mailed_check,0,492.1,1,1,0,0
5369,2024-04-30 00:00:00,54,F,north,18,22.45,404.1,3,one_year,credit_card,0,406.3,1,0,0,0
5370,2023-07-28 00:00:00,28,M,south,8,36.36,290.88,3,two_year,credit_card,1,24.5,1,1,0,0
5371,2024-07-26 00:00:00,22,F,west,24,74.14,1779.36,5,month-to-month,electronic_check,1,226.2,0,1,1,0
5372,2024-06-23 00:00:00,56,M,west,60,20.27,1216.2,2,month-to-month,mailed_check,2,24.5,1,0,0,0
5373,2023-09-20 00:00:00,19,M,west,67,90.42,6058.14,6,one_year,electronic_check,0,318.4,1,1,1,0
5374,2023-06-24 00:00:00,56,M,west,8,110.55,884.4,1,month-to-month,credit_card,1,78.2,1,0,0,0
5375,2024-06-25 00:00:00,24,M,north,62,95.46,5918.52,2,month-to-month,mailed_check,1,328.5,1,1,0,0
5376,2024-05-05 00:00:00,31,M,south,34,51.42,1748.28,5,month-to-month,credit_card,1,126.5,0,1,0,0
5377,2023-05-05 00:00:00,55,M,south,59,64.98,3833.82,1,month-to-month,credit_card,2,326.0,0,1,0,0
5378,2023-07-06 00:00:00,51,F,east,49,85.07,4168.43,3,month-to-month,electronic_check,2,365.5,0,0,1,0
5379,2023-12-21 00:00:00,59,F,west,4,88.04,352.16,3,month-to-month,electronic_check,1,144.2,0,0,1,1
5380,2024-01-09 00:00:00,50,M,east,35,117.75,4121.25,6,month-to-month,bank_transfer,3,495.8,1,0,0,1
5381,2023-05-02 00:00:00,20,F,east,6,69.3,415.8,1,month-to-month,electronic_check,0,115.1,1,1,0,0
5382,2024-11-23 00:00:00,62,M,north,24,44.95,1078.8,3,two_year,electronic_check,1,48.7,0,0,1,0
5383,2023-10-11 00:00:00,29,F,east,55,56.22,3092.1,3,month-to-month,mailed_check,1,292.0,1,1,1,0
5384,2023-10-06 00:00:00,25,M,west,49,112.24,5499.76,5,month-to-month,mailed_check,1,205.5,1,1,1,0
5385,2023-02-14 00:00:00,64,F,west,51,83.27,4246.77,4,two_year,mailed_check,2,415.1,0,0,1,0
5386,2024-10-01 00:00:00,28,M,east,48,106.43,5108.64,1,two_year,electronic_check,2,258.0,1,0,0,0
5387,2023-06-21 00:00:00,46,M,north,1,92.41,92.41,6,two_year,electronic_check,0,127.6,1,1,1,0
5388,2024-12-21 00:00:00,43,F,north,42,116.54,4894.68,1,month-to-month,electronic_check,1,262.2,1,1,0,0
5389,2023-12-29 00:00:00,58,F,east,35,70.12,2454.2,5,one_year,bank_transfer,0,431.7,1,0,0,0
5390,2024-09-30 00:00:00,20,F,west,38,114.99,4369.62,2,one_year,mailed_check,2,118.4,1,1,0,0
5391,2023-05-11 00:00:00,23,M,west,15,108.59,1628.85,1,one_year,mailed_check,0,60.6,0,1,1,0
5392,2023-05-02 00:00:00,40,M,south,51,104.31,5319.81,2,month-to-month,credit_card,1,436.5,1,0,0,0
5393,2024-08-07 00:00:00,43,F,east,44,113.91,5012.04,6,month-to-month,credit_card,2,430.9,0,0,0,0
5394,2024-08-21 00:00:00,59,M,north,29,72.55,2103.95,6,month-to-month,electronic_check,2,425.2,0,1,0,0
5395,2024-02-01 00:00:00,50,M,east,4,94.28,377.12,4,one_year,bank_transfer,1,137.1,1,1,0,0
5396,2023-01-24 00:00:00,25,M,north,5,75.53,377.65,5,month-to-month,electronic_check,0,398.0,0,1,0,0
5397,2024-11-19 00:00:00,69,M,west,26,97.63,2538.38,6,month-to-month,bank_transfer,2,128.5,1,1,1,1
5398,2023-10-15 00:00:00,42,M,west,39,96.38,3758.82,3,one_year,electronic_check,0,310.4,0,0,0,1
5399,2024-11-14 00:00:00,69,M,north,72,95.84,6900.48,5,two_year,electronic_check,1,60.6,0,0,1,0
5400,2024-09-27 00:00:00,70,F,west,52,62.84,3267.68,4,two_year,credit_card,1,209.7,0,1,0,0
5401,2024-09-13 00:00:00,20,F,west,35,99.63,3487.05,2,one_year,mailed_check,0,453.7,1,1,0,0
5402,2024-05-17 00:00:00,44,F,south,21,107.65,2260.65,4,month-to-month,mailed_check,3,10.0,0,1,0,0
5403,2024-05-06 00:00:00,40,F,south,12,83.63,1003.56,1,two_year,credit_card,1,76.9,0,1,1,0
5404,2024-01-24 00:00:00,44,M,north,10,65.47,654.7,4,month-to-month,electronic_check,2,319.6,0,0,1,0
5405,2023-01-19 00:00:00,34,F,west,5,105.32,526.6,2,month-to-month,electronic_check,2,397.5,1,1,0,0
5406,2023-10-11 00:00:00,47,F,north,66,97.85,6458.1,1,month-to-month,mailed_check,0,218.5,1,1,1,0
5407,2024-06-17 00:00:00,44,F,west,1,66.96,66.96,5,one_year,bank_transfer,0,381.2,1,0,0,1
5408,2024-08-15 00:00:00,27,M,east,63,77.99,4913.37,3,month-to-month,bank_transfer,2,486.6,1,1,0,0
5409,2024-02-13 00:00:00,33,F,west,42,88.58,3720.36,3,month-to-month,mailed_check,3,347.7,0,0,0,0
5410,2024-06-01 00:00:00,25,F,south,45,88.83,3997.35,1,month-to-month,mailed_check,0,221.4,0,0,0,0
5411,2023-01-16 00:00:00,62,F,west,69,51.1,3525.9,1,one_year,mailed_check,3,315.1,0,0,0,0
5412,2023-12-08 00:00:00,53,F,south,57,49.27,2808.39,6,one_year,mailed_check,1,153.3,0,0,1,0
5413,2024-01-06 00:00:00,38,F,south,10,108.73,1087.3,4,month-to-month,electronic_check,2,47.8,1,1,0,1
5414,2024-10-13 00:00:00,38,F,south,70,113.7,7959.0,3,month-to-month,electronic_check,0,72.6,1,0,1,0
5415,2023-08-16 00:00:00,22,F,west,12,60.21,722.52,4,two_year,bank_transfer,0,218.8,0,0,0,0
5416,2023-06-17 00:00:00,33,F,south,41,111.34,4564.94,5,month-to-month,credit_card,2,141.6,1,0,0,0
5417,2023-09-15 00:00:00,66,F,south,46,67.07,3085.22,1,month-to-month,mailed_check,4,22.3,0,1,0,0
5418,2023-05-05 00:00:00,19,M,east,17,36.72,624.24,6,one_year,electronic_check,0,189.0,0,0,0,0
5419,2024-02-12 00:00:00,25,F,east,46,93.29,4291.34,4,one_year,bank_transfer,0,426.1,0,1,1,0
5420,2024-04-14 00:00:00,62,M,east,46,24.59,1131.14,2,one_year,electronic_check,1,40.6,0,0,0,0
5421,2024-08-07 00:00:00,45,M,south,71,31.39,2228.69,2,month-to-month,bank_transfer,0,451.0,1,0,0,0
5422,2024-12-10 00:00:00,19,M,north,66,114.1,7530.6,1,two_year,mailed_check,0,79.7,0,1,1,0
5423,2023-02-23 00:00:00,43,M,west,29,71.76,2081.04,2,month-to-month,mailed_check,1,229.5,1,1,1,1
5424,2023-06-30 00:00:00,57,M,south,50,46.64,2332.0,3,two_year,electronic_check,2,445.6,1,0,1,0
5425,2023-08-08 00:00:00,36,M,west,59,68.04,4014.36,2,month-to-month,credit_card,2,38.6,1,1,1,0
5426,2023-07-02 00:00:00,38,M,south,1,77.82,77.82,5,month-to-month,electronic_check,3,292.5,0,1,0,1
5427,2024-08-26 00:00:00,51,F,east,49,83.89,4110.61,2,month-to-month,electronic_check,2,376.0,0,0,1,0
5428,2023-04-12 00:00:00,49,F,east,66,54.82,3618.12,3,month-to-month,mailed_check,1,288.1,1,1,1,0
5429,2023-01-22 00:00:00,65,F,west,8,58.74,469.92,4,month-to-month,bank_transfer,0,20.5,0,0,1,0
5430,2024-09-20 00:00:00,31,M,north,55,74.98,4123.9,1,two_year,bank_transfer,0,273.0,1,1,1,0
5431,2024-12-02 00:00:00,32,M,east,4,82.67,330.68,2,two_year,mailed_check,0,73.8,1,0,0,0
5432,2023-06-15 00:00:00,26,F,north,29,112.14,3252.06,1,month-to-month,mailed_check,0,202.4,1,1,0,0
5433,2023-08-31 00:00:00,53,M,west,59,59.23,3494.57,5,two_year,mailed_check,1,112.1,1,1,1,0
5434,2024-01-03 00:00:00,46,F,east,72,107.47,7737.84,5,two_year,electronic_check,0,378.2,1,0,0,0
5435,2024-01-19 00:00:00,36,F,west,53,119.32,6323.96,1,two_year,electronic_check,3,403.6,1,0,1,0
5436,2024-12-24 00:00:00,54,M,south,52,53.9,2802.8,5,month-to-month,mailed_check,2,103.3,0,0,0,0
5437,2023-10-23 00:00:00,37,M,north,18,22.73,409.14,5,month-to-month,mailed_check,2,320.6,0,1,0,0
5438,2023-01-09 00:00:00,28,M,east,60,80.44,4826.4,1,two_year,bank_transfer,0,403.6,1,1,0,0
5439,2023-11-05 00:00:00,46,F,north,48,110.36,5297.28,1,one_year,credit_card,1,217.9,0,0,1,0
5440,2024-02-11 00:00:00,41,M,south,68,25.34,1723.12,5,month-to-month,mailed_check,0,458.6,1,1,0,0
5441,2024-01-13 00:00:00,39,F,south,44,39.71,1747.24,2,month-to-month,bank_transfer,2,109.0,0,1,0,0
5442,2024-01-09 00:00:00,41,F,north,2,87.62,175.24,3,month-to-month,credit_card,1,63.2,0,1,0,1
5443,2024-11-04 00:00:00,66,M,north,37,100.97,3735.89,4,month-to-month,electronic_check,1,76.6,0,0,0,1
5444,2024-08-12 00:00:00,29,M,east,56,28.66,1604.96,1,month-to-month,mailed_check,1,456.4,1,0,1,0
5445,2023-07-03 00:00:00,32,M,west,57,56.37,3213.09,3,one_year,bank_transfer,1,310.1,1,1,0,0
5446,2023-09-17 00:00:00,47,M,south,28,43.87,1228.36,3,month-to-month,bank_transfer,1,58.4,1,0,0,1
5447,2024-05-02 00:00:00,20,F,south,12,116.49,1397.88,5,month-to-month,credit_card,4,194.5,1,0,1,0
5448,2023-10-27 00:00:00,25,F,north,63,88.25,5559.75,5,month-to-month,bank_transfer,3,153.2,1,0,0,0
5449,2023-11-09 00:00:00,48,F,east,60,67.56,4053.6,2,month-to-month,credit_card,1,438.5,1,0,1,0
5450,2023-05-03 00:00:00,45,M,west,64,106.24,6799.36,4,month-to-month,electronic_check,1,177.3,0,1,1,0
5451,2023-07-05 00:00:00,52,M,east,48,73.77,3540.96,3,month-to-month,credit_card,1,42.8,1,0,0,0
5452,2024-06-24 00:00:00,24,F,south,60,111.13,6667.8,3,two_year,electronic_check,1,5.5,0,1,1,0
5453,2024-09-07 00:00:00,63,F,east,29,43.88,1272.52,5,month-to-month,electronic_check,0,285.6,1,1,0,1
5454,2024-07-26 00:00:00,43,F,west,56,22.73,1272.88,2,month-to-month,electronic_check,1,75.5,0,0,1,0
5455,2023-08-13 00:00:00,26,F,west,35,62.87,2200.45,4,month-to-month,bank_transfer,1,496.4,1,1,0,0
5456,2023-04-10 00:00:00,34,F,north,57,40.43,2304.51,3,one_year,electronic_check,1,453.4,0,1,1,0
5457,2023-04-27 00:00:00,30,M,south,10,103.57,1035.7,4,month-to-month,electronic_check,2,259.9,1,1,1,1
5458,2023-10-15 00:00:00,41,M,west,21,73.29,1539.09,3,one_year,bank_transfer,2,349.7,1,0,0,0
5459,2024-01-13 00:00:00,42,F,east,15,48.87,733.05,6,month-to-month,mailed_check,1,99.4,1,1,0,0
5460,2024-10-13 00:00:00,40,M,west,29,97.36,2823.44,3,month-to-month,mailed_check,1,10.1,0,1,0,1
5461,2024-10-18 00:00:00,42,F,west,59,72.69,4288.71,1,month-to-month,mailed_check,3,13.2,1,1,0,0
5462,2023-01-02 00:00:00,66,M,north,8,70.28,562.24,3,one_year,credit_card,0,283.4,1,0,1,0
5463,2024-05-31 00:00:00,68,M,east,53,38.08,2018.24,2,one_year,bank_transfer,1,84.9,1,0,1,0
5464,2023-08-07 00:00:00,43,M,east,60,119.52,7171.2,3,two_year,mailed_check,1,357.4,1,0,1,0
5465,2023-05-25 00:00:00,69,F,south,48,85.9,4123.2,6,month-to-month,credit_card,2,351.0,0,0,0,0
5466,2024-02-10 00:00:00,61,F,east,47,105.48,4957.56,1,month-to-month,credit_card,2,481.1,1,0,0,0
5467,2023-01-25 00:00:00,61,M,north,10,95.97,959.7,1,one_year,mailed_check,0,385.9,1,1,1,0
5468,2023-09-01 00:00:00,29,M,south,44,70.29,3092.76,2,month-to-month,electronic_check,5,281.8,1,1,1,0
5469,2024-02-08 00:00:00,41,M,south,16,20.97,335.52,3,one_year,electronic_check,1,172.9,0,0,1,0
5470,2023-07-18 00:00:00,36,M,south,17,86.67,1473.39,1,month-to-month,bank_transfer,0,478.8,0,0,0,0
5471,2024-03-09 00:00:00,23,F,east,62,30.07,1864.34,5,month-to-month,credit_card,1,93.3,1,0,0,0
5472,2023-12-02 00:00:00,21,M,west,44,116.15,5110.6,4,one_year,electronic_check,3,99.9,1,1,0,0
5473,2024-08-06 00:00:00,50,M,west,72,44.93,3234.96,5,month-to-month,mailed_check,1,315.3,1,1,1,1
5474,2023-05-13 00:00:00,40,M,east,33,56.73,1872.09,3,two_year,electronic_check,0,493.4,0,0,1,0
5475,2023-02-11 00:00:00,61,F,south,26,75.16,1954.16,6,one_year,mailed_check,1,41.5,1,1,1,0
5476,2024-01-22 00:00:00,53,F,west,72,70.26,5058.72,5,month-to-month,credit_card,1,494.9,0,0,1,0
5477,2023-07-07 00:00:00,22,F,west,45,85.51,3847.95,6,month-to-month,bank_transfer,2,196.2,1,1,1,0
5478,2024-05-30 00:00:00,62,F,west,63,98.34,6195.42,1,month-to-month,credit_card,2,319.5,1,0,0,0
5479,2023-03-10 00:00:00,44,F,west,3,95.76,287.28,5,month-to-month,mailed_check,1,342.2,0,0,0,0
5480,2024-02-24 00:00:00,47,M,west,38,110.81,4210.78,3,month-to-month,bank_transfer,3,278.5,0,0,0,1
5481,2024-12-23 00:00:00,69,F,west,59,66.99,3952.41,2,month-to-month,credit_card,0,459.0,1,0,0,0
5482,2023-03-09 00:00:00,51,F,east,59,73.42,4331.78,2,one_year,bank_transfer,0,161.6,1,1,1,0
5483,2023-08-09 00:00:00,19,M,east,52,107.41,5585.32,2,month-to-month,credit_card,3,367.7,1,0,0,0
5484,2024-09-08 00:00:00,27,F,east,12,48.23,578.76,1,month-to-month,electronic_check,4,271.7,0,0,0,1
5485,2024-01-25 00:00:00,40,F,south,39,44.59,1739.01,3,month-to-month,electronic_check,1,383.4,1,1,0,0
5486,2023-05-08 00:00:00,19,F,west,7,20.91,146.37,5,one_year,electronic_check,0,432.5,0,0,0,1
5487,2023-06-05 00:00:00,26,M,east,58,93.85,5443.3,3,month-to-month,credit_card,1,195.6,0,1,1,0
5488,2024-07-12 00:00:00,59,M,east,46,88.76,4082.96,1,two_year,electronic_check,0,5.3,0,1,1,0
5489,2024-09-20 00:00:00,25,F,east,14,47.67,667.38,5,two_year,credit_card,1,393.8,1,1,1,0
5490,2023-09-21 00:00:00,26,M,north,53,32.99,1748.47,2,two_year,mailed_check,2,66.7,0,1,1,0
5491,2023-12-12 00:00:00,44,M,west,52,24.25,1261.0,6,one_year,bank_transfer,0,140.4,0,0,1,0
5492,2024-07-25 00:00:00,22,M,east,3,68.79,206.37,3,two_year,bank_transfer,0,287.5,1,0,1,0
5493,2023-05-10 00:00:00,31,M,west,6,39.35,236.1,1,month-to-month,mailed_check,0,94.0,0,0,0,0
5494,2023-05-31 00:00:00,67,F,north,14,99.34,1390.76,2,one_year,electronic_check,0,427.6,0,1,1,0
5495,2024-07-19 00:00:00,51,F,north,5,115.0,575.0,5,month-to-month,bank_transfer,2,141.3,1,0,0,1
5496,2023-05-17 00:00:00,69,F,west,39,97.69,3809.91,6,month-to-month,credit_card,1,164.9,1,0,1,0
5497,2024-07-16 00:00:00,36,M,east,64,105.16,6730.24,3,two_year,electronic_check,2,361.6,1,1,1,0
5498,2023-12-29 00:00:00,50,M,east,4,119.08,476.32,6,month-to-month,electronic_check,2,57.9,0,0,1,1
5499,2024-12-23 00:00:00,30,M,south,44,94.08,4139.52,2,month-to-month,credit_card,3,330.0,0,1,0,0
5500,2023-01-25 00:00:00,38,M,east,30,76.73,2301.9,3,month-to-month,electronic_check,1,13.7,0,1,1,0
5501,2024-11-21 00:00:00,27,F,east,61,101.0,6161.0,3,month-to-month,electronic_check,1,344.6,1,0,1,0
5502,2023-06-14 00:00:00,62,M,north,35,76.39,2673.65,2,two_year,credit_card,2,198.5,1,1,1,0
5503,2023-01-26 00:00:00,27,M,east,48,63.25,3036.0,3,two_year,bank_transfer,1,381.9,1,1,0,0
5504,2024-06-12 00:00:00,28,F,east,67,23.25,1557.75,3,month-to-month,electronic_check,2,25.7,0,1,1,0
5505,2024-01-24 00:00:00,42,F,south,9,84.3,758.7,5,month-to-month,credit_card,4,454.8,1,1,0,1
5506,2024-09-03 00:00:00,40,M,south,23,109.75,2524.25,3,month-to-month,bank_transfer,1,173.8,0,1,0,0
5507,2023-03-21 00:00:00,34,F,west,19,89.32,1697.08,1,one_year,electronic_check,1,194.6,1,1,1,0
5508,2023-02-28 00:00:00,36,M,east,12,60.41,724.92,3,month-to-month,mailed_check,1,85.9,0,1,0,1
5509,2024-02-19 00:00:00,33,F,south,47,81.69,3839.43,6,one_year,credit_card,3,64.5,0,0,1,0
5510,2024-10-05 00:00:00,66,F,east,0,101.3,0.0,1,one_year,bank_transfer,1,27.2,0,0,1,0
5511,2023-10-24 00:00:00,48,M,north,28,96.42,2699.76,6,month-to-month,bank_transfer,5,53.7,1,0,1,1
5512,2024-08-05 00:00:00,66,M,south,8,69.12,552.96,1,month-to-month,mailed_check,1,277.2,1,0,0,0
5513,2024-10-23 00:00:00,70,M,east,44,56.17,2471.48,1,month-to-month,electronic_check,2,364.3,1,1,1,0
5514,2024-09-26 00:00:00,52,F,south,54,59.69,3223.26,1,one_year,bank_transfer,1,51.0,1,1,0,0
5515,2024-01-07 00:00:00,61,M,north,34,110.79,3766.86,2,one_year,electronic_check,2,64.5,1,1,1,0
5516,2024-05-24 00:00:00,23,F,east,32,36.99,1183.68,3,two_year,credit_card,1,45.4,0,1,1,0
5517,2024-01-19 00:00:00,68,M,west,32,106.3,3401.6,5,month-to-month,electronic_check,1,244.5,1,0,0,0
5518,2024-05-07 00:00:00,43,M,south,14,39.53,553.42,4,two_year,electronic_check,1,110.8,0,0,1,0
5519,2024-02-18 00:00:00,55,M,west,27,118.09,3188.43,4,month-to-month,electronic_check,3,73.0,0,1,0,1
5520,2024-01-19 00:00:00,31,M,west,68,64.83,4408.44,6,month-to-month,credit_card,1,210.3,1,1,1,0
5521,2023-11-15 00:00:00,23,M,east,3,93.34,280.02,1,month-to-month,mailed_check,0,296.2,1,0,1,0
5522,2024-04-21 00:00:00,64,F,west,57,92.94,5297.58,2,month-to-month,mailed_check,0,88.9,0,0,1,0
5523,2024-07-02 00:00:00,41,F,south,12,97.25,1167.0,6,month-to-month,mailed_check,3,388.6,1,1,0,1
5524,2024-11-01 00:00:00,25,M,west,8,98.94,791.52,5,month-to-month,bank_transfer,1,298.0,1,1,1,0
5525,2024-03-23 00:00:00,52,F,north,20,23.91,478.2,1,one_year,credit_card,1,380.0,1,0,0,0
5526,2023-03-15 00:00:00,20,M,south,19,47.33,899.27,2,one_year,mailed_check,0,164.8,1,0,0,0
5527,2024-03-04 00:00:00,41,F,east,23,42.97,988.31,3,one_year,electronic_check,1,196.4,1,1,1,0
5528,2023-08-19 00:00:00,55,M,north,62,89.86,5571.32,1,two_year,credit_card,0,490.3,1,1,1,0
5529,2023-01-20 00:00:00,56,F,west,66,88.33,5829.78,4,one_year,mailed_check,1,302.4,1,0,0,0
5530,2023-02-22 00:00:00,42,M,west,50,49.7,2485.0,4,two_year,bank_transfer,0,75.8,0,1,0,0
5531,2024-03-07 00:00:00,37,M,north,10,99.35,993.5,3,month-to-month,electronic_check,1,357.1,0,0,0,1
5532,2024-11-20 00:00:00,62,F,west,69,51.16,3530.04,2,two_year,credit_card,3,371.9,0,1,1,0
5533,2024-01-05 00:00:00,27,M,north,61,54.29,3311.69,3,month-to-month,credit_card,0,482.4,0,0,0,0
5534,2023-11-22 00:00:00,21,M,north,5,59.89,299.45,6,month-to-month,mailed_check,1,273.7,0,1,0,1
5535,2023-03-06 00:00:00,26,M,west,28,94.46,2644.88,5,one_year,electronic_check,0,294.8,0,0,0,0
5536,2024-05-08 00:00:00,60,F,east,56,21.18,1186.08,6,month-to-month,electronic_check,0,152.6,0,0,0,0
5537,2023-02-10 00:00:00,42,M,west,6,110.65,663.9,4,month-to-month,electronic_check,2,278.3,0,0,0,1
5538,2024-09-06 00:00:00,19,F,south,5,89.21,446.05,1,month-to-month,mailed_check,0,19.4,1,0,1,0
5539,2024-08-18 00:00:00,26,F,east,44,78.66,3461.04,1,one_year,mailed_check,1,411.7,1,1,0,0
5540,2024-12-24 00:00:00,19,F,north,24,43.73,1049.52,2,two_year,bank_transfer,1,347.4,0,1,0,0
5541,2023-07-27 00:00:00,61,M,east,32,98.55,3153.6,4,month-to-month,electronic_check,1,341.3,1,0,1,0
5542,2023-04-29 00:00:00,42,F,west,54,107.28,5793.12,2,month-to-month,electronic_check,1,340.4,1,1,1,0
5543,2023-08-07 00:00:00,21,M,east,39,70.15,2735.85,2,one_year,credit_card,1,108.7,1,0,0,0
5544,2024-08-06 00:00:00,29,F,west,51,49.25,2511.75,6,month-to-month,electronic_check,2,22.1,1,1,0,0
5545,2023-06-09 00:00:00,50,M,south,9,58.06,522.54,1,month-to-month,credit_card,0,263.9,1,1,1,0
5546,2024-10-09 00:00:00,49,F,west,0,61.63,0.0,1,month-to-month,bank_transfer,1,270.1,0,0,0,0
5547,2023-04-23 00:00:00,61,F,east,18,50.59,910.62,3,one_year,electronic_check,1,426.6,1,0,1,0
5548,2023-02-05 00:00:00,19,M,north,14,91.22,1277.08,5,month-to-month,bank_transfer,1,339.2,0,0,0,1
5549,2023-06-10 00:00:00,21,M,south,23,54.22,1247.06,5,month-to-month,credit_card,2,164.2,1,1,0,0
5550,2024-07-04 00:00:00,19,M,south,56,102.12,5718.72,2,month-to-month,credit_card,3,259.1,0,1,1,0
5551,2024-03-15 00:00:00,38,F,north,11,66.37,730.07,2,month-to-month,electronic_check,1,265.9,1,1,0,0
5552,2023-09-16 00:00:00,56,M,west,9,82.9,746.1,4,month-to-month,electronic_check,1,350.2,1,0,0,1
5553,2024-04-23 00:00:00,53,F,north,14,114.8,1607.2,6,one_year,mailed_check,1,376.7,0,1,1,0
5554,2024-04-18 00:00:00,29,M,east,23,64.61,1486.03,2,two_year,electronic_check,1,308.5,0,0,1,0
5555,2024-02-09 00:00:00,52,F,west,14,37.03,518.42,6,month-to-month,electronic_check,2,427.2,0,1,1,1
5556,2024-01-11 00:00:00,52,M,south,13,74.99,974.87,5,month-to-month,credit_card,0,159.6,0,1,1,0
5557,2023-03-16 00:00:00,28,M,east,42,69.67,2926.14,2,month-to-month,bank_transfer,1,409.9,1,1,1,0
5558,2023-07-09 00:00:00,57,M,east,8,98.26,786.08,5,two_year,bank_transfer,2,17.7,1,1,1,0
5559,2024-01-21 00:00:00,40,F,west,11,106.02,1166.22,4,month-to-month,mailed_check,1,417.7,0,0,1,0
5560,2023-04-09 00:00:00,21,M,north,61,91.26,5566.86,1,two_year,electronic_check,1,154.7,0,0,1,0
5561,2023-12-14 00:00:00,38,M,south,1,117.15,117.15,3,two_year,electronic_check,1,347.3,1,0,0,0
5562,2023-03-27 00:00:00,58,M,east,4,46.92,187.68,2,two_year,bank_transfer,2,355.7,1,1,0,0
5563,2024-07-28 00:00:00,54,F,north,5,43.92,219.6,1,two_year,mailed_check,2,188.0,1,1,0,0
5564,2023-03-17 00:00:00,32,F,west,39,49.13,1916.07,3,month-to-month,mailed_check,1,114.6,0,1,0,0
5565,2023-03-09 00:00:00,58,M,east,50,87.09,4354.5,5,one_year,electronic_check,1,376.9,1,1,0,0
5566,2024-04-10 00:00:00,38,M,north,50,43.25,2162.5,4,two_year,mailed_check,2,153.6,0,0,1,0
5567,2023-06-10 00:00:00,42,M,north,50,28.84,1442.0,1,one_year,electronic_check,4,161.7,0,0,0,0
5568,2023-09-14 00:00:00,22,M,north,4,117.77,471.08,5,one_year,electronic_check,2,322.4,1,0,1,0
5569,2023-08-18 00:00:00,70,F,east,25,51.46,1286.5,1,two_year,credit_card,0,345.6,1,0,0,0
5570,2023-06-08 00:00:00,62,M,east,46,42.24,1943.04,3,one_year,bank_transfer,1,2.6,1,0,1,0
5571,2024-07-10 00:00:00,28,F,south,49,55.87,2737.63,4,one_year,credit_card,0,251.0,0,1,0,0
5572,2024-05-20 00:00:00,47,F,east,24,35.84,860.16,6,one_year,credit_card,0,411.6,1,1,0,0
5573,2023-06-24 00:00:00,59,F,south,61,23.58,1438.38,5,month-to-month,bank_transfer,1,201.6,0,1,1,0
5574,2024-05-16 00:00:00,44,M,south,60,50.54,3032.4,2,month-to-month,electronic_check,0,175.5,1,0,1,0
5575,2024-06-04 00:00:00,29,F,north,55,53.79,2958.45,3,one_year,mailed_check,0,310.1,0,1,0,0
5576,2024-01-29 00:00:00,69,M,north,58,101.1,5863.8,6,two_year,electronic_check,1,96.0,1,1,0,0
5577,2024-02-27 00:00:00,32,M,east,71,63.56,4512.76,2,two_year,credit_card,3,462.7,0,1,1,0
5578,2024-11-13 00:00:00,35,F,east,57,93.68,5339.76,6,month-to-month,credit_card,1,116.6,0,0,0,0
5579,2023-11-28 00:00:00,37,M,north,42,93.57,3929.94,4,two_year,mailed_check,1,347.4,1,0,1,0
5580,2023-10-09 00:00:00,65,M,north,29,98.9,2868.1,4,month-to-month,mailed_check,0,338.3,0,0,1,0
5581,2024-01-29 00:00:00,44,M,south,26,111.85,2908.1,4,one_year,electronic_check,0,356.5,1,1,1,0
5582,2024-09-02 00:00:00,56,M,east,60,69.86,4191.6,6,two_year,electronic_check,1,419.7,1,1,0,0
5583,2024-06-01 00:00:00,65,F,east,21,30.4,638.4,5,two_year,electronic_check,0,261.4,1,0,1,0
5584,2023-02-24 00:00:00,67,F,east,45,23.87,1074.15,3,one_year,credit_card,0,451.6,1,1,1,0
5585,2023-12-02 00:00:00,63,F,north,36,38.69,1392.84,4,one_year,electronic_check,4,305.6,0,0,0,0
5586,2024-06-24 00:00:00,66,M,south,27,102.92,2778.84,5,month-to-month,credit_card,0,481.6,1,0,1,0
5587,2023-06-13 00:00:00,68,M,west,32,77.43,2477.76,4,one_year,mailed_check,2,45.7,1,1,0,0
5588,2024-12-22 00:00:00,70,M,east,5,34.01,170.05,1,month-to-month,mailed_check,4,421.7,1,1,1,0
5589,2024-08-12 00:00:00,52,M,west,51,33.26,1696.26,6,month-to-month,electronic_check,0,313.8,0,1,0,0
5590,2024-09-10 00:00:00,24,F,east,4,109.15,436.6,2,two_year,electronic_check,1,443.9,1,0,0,0
5591,2023-03-01 00:00:00,24,F,west,5,72.0,360.0,4,month-to-month,mailed_check,1,175.4,0,0,1,0
5592,2024-02-28 00:00:00,60,F,east,18,37.19,669.42,4,one_year,bank_transfer,1,326.6,1,0,1,0
5593,2024-01-21 00:00:00,34,F,east,38,109.67,4167.46,1,month-to-month,mailed_check,4,256.6,1,1,0,0
5594,2024-04-02 00:00:00,60,M,east,21,92.07,1933.47,6,month-to-month,electronic_check,1,380.3,1,1,1,0
5595,2024-09-12 00:00:00,67,F,south,64,67.78,4337.92,1,month-to-month,electronic_check,2,329.2,1,0,0,0
5596,2023-09-15 00:00:00,52,F,south,67,66.51,4456.17,6,month-to-month,electronic_check,0,446.5,1,1,0,0
5597,2024-01-25 00:00:00,58,F,north,28,87.27,2443.56,6,month-to-month,bank_transfer,1,214.8,1,0,1,0
5598,2024-05-11 00:00:00,32,M,south,72,53.83,3875.76,4,one_year,bank_transfer,0,291.1,0,0,0,0
5599,2024-07-03 00:00:00,41,F,north,6,119.99,719.94,6,one_year,electronic_check,1,425.1,1,0,1,0
5600,2024-07-16 00:00:00,69,M,south,10,98.46,984.6,6,month-to-month,bank_transfer,2,278.6,0,0,1,1
5601,2023-09-03 00:00:00,61,F,west,25,84.1,2102.5,6,two_year,electronic_check,1,213.6,1,1,1,1
5602,2024-12-29 00:00:00,28,F,south,68,88.75,6035.0,5,one_year,bank_transfer,3,233.7,0,0,0,0
5603,2023-01-08 00:00:00,67,F,east,36,119.61,4305.96,6,one_year,mailed_check,1,386.2,1,1,1,0
5604,2023-12-26 00:00:00,44,M,south,51,21.08,1075.08,5,one_year,bank_transfer,0,469.9,0,0,0,0
5605,2024-03-20 00:00:00,62,M,west,47,22.28,1047.16,6,one_year,electronic_check,1,102.0,0,1,1,0
5606,2023-02-14 00:00:00,45,F,north,36,98.5,3546.0,1,month-to-month,bank_transfer,2,124.9,0,0,1,0
5607,2023-11-26 00:00:00,50,F,west,68,40.94,2783.92,3,month-to-month,bank_transfer,3,96.5,0,0,1,0
5608,2024-03-10 00:00:00,26,F,east,69,88.52,6107.88,3,month-to-month,electronic_check,0,94.3,0,1,1,0
5609,2024-03-19 00:00:00,35,M,west,32,70.33,2250.56,6,one_year,electronic_check,0,31.1,1,0,0,0
5610,2023-03-28 00:00:00,56,F,north,52,51.87,2697.24,3,month-to-month,bank_transfer,0,398.8,0,1,1,0
5611,2023-07-22 00:00:00,62,F,west,45,43.13,1940.85,3,two_year,mailed_check,2,169.7,1,1,1,0
5612,2023-06-28 00:00:00,22,M,west,43,97.67,4199.81,5,month-to-month,bank_transfer,2,212.3,0,0,1,1
5613,2024-04-12 00:00:00,22,M,south,7,37.1,259.7,4,month-to-month,electronic_check,0,432.8,1,0,1,0
5614,2023-08-29 00:00:00,54,F,east,15,35.87,538.05,4,month-to-month,electronic_check,2,457.9,1,1,1,0
5615,2024-02-22 00:00:00,41,M,east,72,64.19,4621.68,6,two_year,bank_transfer,1,272.7,1,1,1,0
5616,2024-06-17 00:00:00,62,F,north,17,31.93,542.81,5,month-to-month,electronic_check,0,48.7,0,0,0,1
5617,2024-08-05 00:00:00,21,F,east,47,84.15,3955.05,5,one_year,electronic_check,0,228.2,1,0,0,0
5618,2023-05-15 00:00:00,36,M,east,66,119.2,7867.2,6,one_year,electronic_check,2,456.7,1,0,1,0
5619,2024-10-21 00:00:00,19,M,north,43,94.79,4075.97,1,month-to-month,credit_card,1,450.9,0,1,1,0
5620,2023-05-01 00:00:00,55,F,south,15,80.32,1204.8,4,one_year,mailed_check,2,162.5,1,0,1,0
5621,2023-01-16 00:00:00,63,F,east,62,59.46,3686.52,1,two_year,mailed_check,0,485.5,1,0,1,0
5622,2023-02-02 00:00:00,26,F,west,2,118.8,237.6,5,one_year,bank_transfer,1,162.2,0,0,0,0
5623,2023-05-27 00:00:00,35,F,north,52,107.99,5615.48,1,month-to-month,mailed_check,1,407.1,1,0,0,0
5624,2024-09-29 00:00:00,62,F,west,19,102.06,1939.14,4,one_year,electronic_check,0,468.1,0,0,1,0
5625,2023-06-01 00:00:00,20,F,west,46,43.0,1978.0,5,one_year,electronic_check,1,65.0,1,0,1,0
5626,2024-05-21 00:00:00,68,F,west,35,32.36,1132.6,4,two_year,electronic_check,0,146.1,1,1,1,0
5627,2023-11-02 00:00:00,65,F,north,41,37.79,1549.39,1,month-to-month,credit_card,1,280.5,0,1,1,0
5628,2023-01-30 00:00:00,26,M,east,27,45.87,1238.49,3,two_year,bank_transfer,1,184.4,1,0,1,0
5629,2023-11-21 00:00:00,25,M,south,38,28.17,1070.46,5,two_year,credit_card,0,489.6,1,0,0,0
5630,2023-01-21 00:00:00,54,F,west,68,108.84,7401.12,6,month-to-month,credit_card,0,201.6,0,1,0,0
5631,2023-12-14 00:00:00,18,M,east,60,38.52,2311.2,6,one_year,electronic_check,0,419.0,1,1,1,0
5632,2024-02-12 00:00:00,44,F,east,30,42.66,1279.8,5,month-to-month,bank_transfer,2,98.9,0,0,0,0
5633,2024-01-16 00:00:00,21,F,north,68,108.82,7399.76,2,month-to-month,mailed_check,3,491.6,1,0,1,0
5634,2023-07-26 00:00:00,46,M,west,64,115.81,7411.84,5,one_year,bank_transfer,3,365.0,1,1,0,0
5635,2024-07-13 00:00:00,36,M,south,45,42.18,1898.1,2,month-to-month,credit_card,1,7.0,1,0,1,0
5636,2024-03-11 00:00:00,55,F,north,43,49.42,2125.06,2,month-to-month,mailed_check,2,86.2,1,1,0,0
5637,2023-07-05 00:00:00,64,M,west,2,100.01,200.02,2,one_year,bank_transfer,2,51.1,0,0,1,0
5638,2023-11-14 00:00:00,43,F,west,38,117.03,4447.14,3,two_year,electronic_check,1,295.8,1,1,1,0
5639,2023-03-21 00:00:00,52,F,south,15,84.97,1274.55,6,month-to-month,credit_card,2,416.9,1,0,0,0
5640,2024-11-05 00:00:00,49,M,east,11,64.26,706.86,6,month-to-month,electronic_check,2,392.6,1,1,1,0
5641,2024-07-03 00:00:00,70,F,east,62,87.46,5422.52,6,month-to-month,mailed_check,0,289.1,0,1,0,0
5642,2023-07-30 00:00:00,30,M,south,19,98.03,1862.57,6,month-to-month,credit_card,3,308.6,0,1,0,1
5643,2024-05-07 00:00:00,30,M,east,44,31.27,1375.88,1,two_year,electronic_check,0,471.6,0,0,1,0
5644,2024-05-10 00:00:00,38,M,west,63,63.53,4002.39,6,month-to-month,mailed_check,0,226.2,1,1,1,0
5645,2024-03-21 00:00:00,57,M,west,43,105.73,4546.39,6,one_year,bank_transfer,0,375.2,0,0,1,0
5646,2023-02-09 00:00:00,63,F,east,56,90.54,5070.24,5,month-to-month,bank_transfer,3,48.6,1,1,0,0
5647,2024-10-03 00:00:00,32,M,south,56,35.38,1981.28,1,two_year,electronic_check,1,42.3,1,1,1,0
5648,2024-11-28 00:00:00,23,M,west,32,95.52,3056.64,5,month-to-month,electronic_check,1,85.9,0,1,1,0
5649,2024-12-12 00:00:00,50,M,west,67,86.74,5811.58,5,two_year,mailed_check,0,479.0,1,0,1,0
5650,2024-12-16 00:00:00,49,M,north,66,46.46,3066.36,1,one_year,mailed_check,0,379.8,0,0,0,0
5651,2024-11-09 00:00:00,37,M,south,24,54.4,1305.6,2,two_year,credit_card,0,455.8,1,1,1,0
5652,2024-06-23 00:00:00,27,F,east,59,51.44,3034.96,5,month-to-month,bank_transfer,2,170.0,0,1,0,0
5653,2023-02-11 00:00:00,63,M,east,13,119.32,1551.16,2,two_year,bank_transfer,2,83.7,0,1,1,1
5654,2023-12-06 00:00:00,62,F,east,8,38.37,306.96,3,month-to-month,electronic_check,1,30.0,1,1,1,0
5655,2023-06-28 00:00:00,57,M,east,38,102.94,3911.72,4,one_year,credit_card,1,219.0,0,1,0,0
5656,2023-06-10 00:00:00,48,M,north,44,73.06,3214.64,6,one_year,electronic_check,2,485.9,1,1,1,0
5657,2024-08-29 00:00:00,31,M,north,42,108.05,4538.1,2,month-to-month,credit_card,0,21.0,1,0,1,0
5658,2024-08-16 00:00:00,39,F,west,58,118.19,6855.02,1,month-to-month,credit_card,1,463.6,1,1,0,0
5659,2024-01-17 00:00:00,21,F,east,28,116.11,3251.08,6,month-to-month,credit_card,3,138.0,1,1,0,0
5660,2024-06-21 00:00:00,31,M,east,59,105.43,6220.37,6,two_year,electronic_check,2,28.7,1,0,0,0
5661,2023-04-05 00:00:00,41,F,south,65,61.36,3988.4,6,month-to-month,electronic_check,1,86.4,1,0,0,0
5662,2023-06-12 00:00:00,41,M,south,6,47.13,282.78,3,month-to-month,bank_transfer,2,49.5,0,0,1,0
5663,2024-09-20 00:00:00,22,F,south,32,51.95,1662.4,5,one_year,mailed_check,2,340.0,0,1,1,0
5664,2023-11-26 00:00:00,68,F,east,16,85.31,1364.96,1,one_year,mailed_check,0,477.9,1,0,1,0
5665,2024-02-04 00:00:00,32,M,east,47,54.19,2546.93,4,month-to-month,mailed_check,1,494.3,0,1,1,0
5666,2023-12-04 00:00:00,44,M,north,30,63.49,1904.7,4,month-to-month,bank_transfer,0,35.4,1,1,1,0
5667,2023-05-28 00:00:00,42,M,south,20,27.97,559.4,4,one_year,electronic_check,1,273.6,1,0,0,0
5668,2024-08-26 00:00:00,42,F,west,18,97.1,1747.8,5,two_year,electronic_check,0,217.4,0,0,0,0
5669,2024-07-07 00:00:00,62,M,east,25,31.15,778.75,6,month-to-month,bank_transfer,3,139.8,1,0,0,0
5670,2024-05-14 00:00:00,57,F,west,7,53.7,375.9,5,month-to-month,electronic_check,0,269.2,0,1,1,0
5671,2023-09-15 00:00:00,63,M,east,7,79.04,553.28,1,one_year,bank_transfer,0,122.7,1,0,0,0
5672,2024-04-14 00:00:00,38,F,south,45,73.12,3290.4,5,month-to-month,bank_transfer,0,120.0,1,1,0,0
5673,2024-11-26 00:00:00,32,M,west,68,109.31,7433.08,5,two_year,credit_card,2,477.6,1,1,0,0
5674,2024-04-19 00:00:00,40,F,east,37,85.87,3177.19,4,one_year,bank_transfer,2,374.3,1,1,0,0
5675,2023-12-27 00:00:00,47,M,north,67,98.9,6626.3,4,two_year,mailed_check,0,382.8,0,1,1,0
5676,2023-07-17 00:00:00,35,M,south,11,50.34,553.74,1,month-to-month,credit_card,1,255.5,1,0,1,0
5677,2024-01-17 00:00:00,42,M,east,71,33.23,2359.33,2,month-to-month,mailed_check,2,212.5,1,0,1,0
5678,2023-09-29 00:00:00,25,F,south,42,94.33,3961.86,6,one_year,bank_transfer,1,191.5,0,1,1,0
5679,2024-03-22 00:00:00,48,M,south,54,35.36,1909.44,1,month-to-month,electronic_check,1,68.3,0,0,1,0
5680,2023-02-03 00:00:00,55,F,west,4,103.42,413.68,6,month-to-month,bank_transfer,0,486.5,0,1,0,1
5681,2023-05-19 00:00:00,45,F,south,44,114.3,5029.2,2,month-to-month,electronic_check,4,337.8,1,1,0,0
5682,2024-07-28 00:00:00,64,M,south,27,48.29,1303.83,5,month-to-month,electronic_check,1,253.9,1,1,0,0
5683,2023-10-05 00:00:00,70,M,north,65,96.1,6246.5,2,month-to-month,mailed_check,1,315.0,0,1,0,0
5684,2023-11-13 00:00:00,65,M,south,57,63.73,3632.61,1,month-to-month,electronic_check,2,498.6,0,1,1,0
5685,2024-02-02 00:00:00,22,M,west,63,49.9,3143.7,4,month-to-month,electronic_check,0,125.1,0,1,0,0
5686,2023-11-16 00:00:00,64,M,south,64,63.11,4039.04,5,one_year,bank_transfer,0,439.4,1,0,1,0
5687,2024-07-07 00:00:00,35,F,south,52,84.68,4403.36,1,month-to-month,mailed_check,0,50.2,1,0,0,0
5688,2023-06-29 00:00:00,41,M,east,17,118.81,2019.77,2,one_year,bank_transfer,1,2.8,1,0,1,1
5689,2024-07-07 00:00:00,39,M,west,20,50.0,1000.0,2,one_year,bank_transfer,3,456.1,0,0,1,0
5690,2023-06-02 00:00:00,33,F,west,62,90.59,5616.58,6,one_year,mailed_check,2,43.3,0,1,1,0
5691,2023-09-28 00:00:00,64,M,south,43,53.49,2300.07,2,two_year,credit_card,1,343.1,0,0,0,0
5692,2024-03-05 00:00:00,51,F,north,65,45.14,2934.1,1,two_year,electronic_check,0,239.4,1,1,1,0
5693,2024-10-08 00:00:00,69,F,east,58,83.18,4824.44,6,month-to-month,electronic_check,1,205.4,0,0,1,0
5694,2023-06-19 00:00:00,68,M,south,44,96.13,4229.72,1,month-to-month,electronic_check,3,494.9,1,1,1,0
5695,2024-03-04 00:00:00,40,M,south,11,91.74,1009.14,3,one_year,bank_transfer,2,161.6,0,1,0,0
5696,2023-02-16 00:00:00,56,F,north,71,114.26,8112.46,2,one_year,electronic_check,2,46.7,1,0,0,0
5697,2023-02-25 00:00:00,44,F,west,17,30.74,522.58,2,month-to-month,mailed_check,0,122.2,0,1,1,0
5698,2024-07-14 00:00:00,44,F,north,17,74.07,1259.19,5,two_year,bank_transfer,1,481.8,1,1,0,0
5699,2024-06-08 00:00:00,57,F,south,10,49.08,490.8,1,two_year,credit_card,0,467.7,1,0,0,0
5700,2023-10-02 00:00:00,54,F,south,5,101.7,508.5,4,two_year,credit_card,0,146.0,0,0,1,0
5701,2024-03-30 00:00:00,66,F,north,27,26.2,707.4,4,month-to-month,electronic_check,0,273.0,0,0,1,0
5702,2023-10-05 00:00:00,58,F,west,61,37.58,2292.38,5,month-to-month,electronic_check,0,295.6,0,0,1,0
5703,2023-07-22 00:00:00,50,F,east,63,97.2,6123.6,1,month-to-month,bank_transfer,2,489.8,0,0,1,0
5704,2023-11-11 00:00:00,66,F,east,35,55.46,1941.1,3,month-to-month,credit_card,0,311.6,1,0,1,0
5705,2023-08-16 00:00:00,23,M,north,22,88.18,1939.96,1,month-to-month,electronic_check,0,424.8,1,1,1,0
5706,2024-08-17 00:00:00,58,F,north,25,119.85,2996.25,6,month-to-month,bank_transfer,3,72.4,0,1,0,0
5707,2023-10-28 00:00:00,38,M,north,67,65.98,4420.66,6,two_year,electronic_check,0,246.8,1,0,1,0
5708,2023-08-23 00:00:00,40,M,east,4,73.3,293.2,3,month-to-month,electronic_check,0,382.0,1,1,0,0
5709,2024-01-27 00:00:00,59,M,east,4,117.53,470.12,4,one_year,electronic_check,1,21.0,1,0,0,0
5710,2024-07-07 00:00:00,32,M,west,4,94.64,378.56,1,month-to-month,bank_transfer,1,215.9,1,0,0,1
5711,2023-07-19 00:00:00,64,F,west,64,39.68,2539.52,6,two_year,bank_transfer,0,472.5,0,1,1,0
5712,2024-11-16 00:00:00,44,M,south,6,100.43,602.58,5,two_year,mailed_check,2,390.1,1,0,1,0
5713,2023-12-05 00:00:00,36,F,north,68,71.59,4868.12,1,one_year,bank_transfer,1,69.5,0,0,0,0
5714,2024-04-27 00:00:00,35,M,north,13,98.74,1283.62,4,month-to-month,mailed_check,0,244.6,1,1,0,1
5715,2024-11-29 00:00:00,40,M,west,40,79.86,3194.4,2,month-to-month,electronic_check,1,229.9,0,0,0,0
5716,2023-11-12 00:00:00,67,M,west,70,42.73,2991.1,4,one_year,credit_card,0,60.2,1,1,1,0
5717,2023-05-26 00:00:00,23,F,east,8,101.44,811.52,4,two_year,electronic_check,3,154.4,1,0,0,1
5718,2024-06-29 00:00:00,44,F,north,20,20.2,404.0,3,two_year,credit_card,0,90.3,0,0,1,0
5719,2023-01-05 00:00:00,62,M,west,53,108.8,5766.4,3,month-to-month,bank_transfer,1,494.2,1,1,0,0
5720,2023-12-01 00:00:00,43,M,west,59,101.86,6009.74,5,month-to-month,bank_transfer,0,252.3,0,0,0,0
5721,2024-12-16 00:00:00,47,M,north,66,117.01,7722.66,1,month-to-month,bank_transfer,0,76.9,0,0,0,0
5722,2023-10-30 00:00:00,36,M,west,1,23.55,23.55,1,month-to-month,credit_card,0,233.7,0,0,0,0
5723,2024-05-14 00:00:00,25,M,east,56,63.76,3570.56,3,one_year,electronic_check,1,45.1,1,0,0,0
5724,2024-01-19 00:00:00,51,F,west,23,36.91,848.93,3,month-to-month,bank_transfer,0,420.8,0,1,1,0
5725,2023-06-06 00:00:00,66,M,east,40,57.4,2296.0,2,two_year,electronic_check,1,319.7,0,0,0,0
5726,2023-08-20 00:00:00,45,M,north,66,55.98,3694.68,3,month-to-month,bank_transfer,1,260.4,1,0,1,0
5727,2024-01-18 00:00:00,40,F,east,65,79.76,5184.4,1,month-to-month,bank_transfer,0,365.0,0,1,0,0
5728,2023-03-18 00:00:00,24,F,north,13,63.74,828.62,5,month-to-month,electronic_check,4,154.6,1,0,0,1
5729,2023-10-30 00:00:00,68,M,south,34,116.56,3963.04,5,two_year,electronic_check,2,203.5,0,0,0,0
5730,2023-10-30 00:00:00,64,F,west,20,47.78,955.6,2,two_year,bank_transfer,2,45.2,1,0,1,0
5731,2024-09-01 00:00:00,65,F,west,44,61.88,2722.72,4,two_year,credit_card,2,120.7,0,0,0,0
5732,2023-04-01 00:00:00,37,M,south,60,90.07,5404.2,2,month-to-month,bank_transfer,0,16.3,0,0,1,0
5733,2024-09-07 00:00:00,51,M,south,23,47.65,1095.95,3,month-to-month,mailed_check,1,52.2,1,0,1,0
5734,2023-10-27 00:00:00,40,F,south,8,92.38,739.04,2,one_year,credit_card,1,327.2,0,1,1,0
5735,2024-04-20 00:00:00,30,F,north,4,90.87,363.48,6,two_year,credit_card,0,112.9,0,0,0,1
5736,2024-02-11 00:00:00,28,F,east,3,91.22,273.66,3,month-to-month,bank_transfer,2,3.4,0,0,1,1
5737,2023-08-07 00:00:00,38,M,south,26,87.51,2275.26,4,month-to-month,mailed_check,2,97.9,1,0,0,0
5738,2024-11-10 00:00:00,47,F,north,70,101.75,7122.5,2,month-to-month,mailed_check,1,153.8,0,1,1,0
5739,2023-06-13 00:00:00,24,M,east,18,119.49,2150.82,6,one_year,electronic_check,2,70.7,0,1,1,0
5740,2023-01-27 00:00:00,55,F,east,29,25.53,740.37,5,month-to-month,credit_card,1,106.5,1,0,1,0
5741,2024-07-01 00:00:00,42,F,east,49,69.71,3415.79,1,month-to-month,electronic_check,1,487.9,1,1,0,0
5742,2024-03-29 00:00:00,64,M,west,48,101.31,4862.88,2,month-to-month,bank_transfer,1,12.0,1,1,1,0
5743,2024-10-12 00:00:00,32,M,east,19,20.0,380.0,4,one_year,credit_card,2,282.4,0,1,0,0
5744,2023-12-01 00:00:00,20,F,east,9,74.52,670.68,3,month-to-month,mailed_check,0,391.9,0,0,0,0
5745,2023-01-13 00:00:00,34,F,north,11,85.98,945.78,5,month-to-month,electronic_check,2,490.7,1,1,1,0
5746,2023-01-15 00:00:00,69,M,south,16,39.17,626.72,4,one_year,electronic_check,1,179.3,1,1,0,0
5747,2023-11-13 00:00:00,35,F,south,6,60.08,360.48,4,month-to-month,bank_transfer,2,152.3,1,0,1,0
5748,2023-07-02 00:00:00,55,M,west,33,98.95,3265.35,3,month-to-month,electronic_check,2,211.7,1,1,1,0
5749,2024-11-04 00:00:00,62,M,south,47,26.67,1253.49,6,month-to-month,electronic_check,2,313.9,1,0,0,0
5750,2023-03-28 00:00:00,33,M,east,49,33.49,1641.01,5,month-to-month,mailed_check,2,220.1,1,0,1,0
5751,2024-10-04 00:00:00,52,F,east,66,101.81,6719.46,5,month-to-month,bank_transfer,5,164.8,0,1,1,0
5752,2023-06-08 00:00:00,28,M,north,21,100.92,2119.32,4,month-to-month,mailed_check,1,456.0,0,1,1,0
5753,2023-03-29 00:00:00,37,F,west,47,79.04,3714.88,4,month-to-month,electronic_check,2,205.5,1,1,1,0
5754,2023-07-20 00:00:00,33,M,east,64,61.62,3943.68,5,one_year,bank_transfer,1,93.0,0,0,1,0
5755,2023-04-16 00:00:00,53,F,north,2,30.57,61.14,2,two_year,mailed_check,1,498.1,0,1,1,0
5756,2023-10-20 00:00:00,64,F,north,57,101.14,5764.98,4,month-to-month,mailed_check,1,283.1,0,0,0,0
5757,2023-08-30 00:00:00,31,M,west,6,44.17,265.02,1,one_year,credit_card,2,425.3,1,0,1,0
5758,2024-01-22 00:00:00,33,M,south,40,111.32,4452.8,3,month-to-month,electronic_check,2,160.4,1,0,1,0
5759,2024-01-28 00:00:00,61,M,north,60,97.58,5854.8,2,two_year,mailed_check,0,115.7,0,1,0,0
5760,2023-01-01 00:00:00,42,M,east,33,28.09,926.97,2,month-to-month,electronic_check,1,95.0,0,0,0,0
5761,2023-04-02 00:00:00,45,F,north,40,83.55,3342.0,4,month-to-month,electronic_check,0,377.6,0,0,0,0
5762,2023-04-29 00:00:00,55,F,north,45,112.06,5042.7,3,month-to-month,bank_transfer,1,483.3,0,1,0,0
5763,2023-05-23 00:00:00,25,M,west,42,107.92,4532.64,3,month-to-month,bank_transfer,1,470.7,1,1,1,1
5764,2023-03-10 00:00:00,64,F,north,53,81.34,4311.02,6,month-to-month,bank_transfer,1,353.6,1,0,0,0
5765,2023-08-18 00:00:00,37,M,west,62,37.2,2306.4,3,month-to-month,credit_card,1,361.5,1,0,1,0
5766,2024-02-06 00:00:00,52,M,east,9,88.02,792.18,1,one_year,bank_transfer,1,132.5,0,0,1,0
5767,2023-08-14 00:00:00,40,M,south,30,86.61,2598.3,5,month-to-month,electronic_check,1,187.6,1,1,0,0
5768,2023-08-29 00:00:00,57,M,south,62,78.87,4889.94,2,month-to-month,bank_transfer,1,33.1,0,1,1,0
5769,2023-12-09 00:00:00,50,F,south,27,46.57,1257.39,6,two_year,bank_transfer,0,281.4,1,1,0,0
5770,2024-02-05 00:00:00,27,M,east,35,110.03,3851.05,4,month-to-month,bank_transfer,1,479.3,0,1,1,0
5771,2023-08-30 00:00:00,27,F,west,54,70.26,3794.04,2,month-to-month,mailed_check,1,332.1,0,0,0,0
5772,2023-06-11 00:00:00,64,M,south,68,49.71,3380.28,4,month-to-month,credit_card,2,216.0,1,1,1,0
5773,2023-10-26 00:00:00,45,F,east,18,45.52,819.36,6,month-to-month,mailed_check,4,152.9,0,1,0,1
5774,2023-01-18 00:00:00,32,M,east,69,48.1,3318.9,6,two_year,bank_transfer,1,246.9,1,1,0,0
5775,2023-12-26 00:00:00,25,M,north,51,66.11,3371.61,3,month-to-month,mailed_check,2,172.8,0,1,0,0
5776,2024-11-18 00:00:00,24,M,west,2,43.09,86.18,1,month-to-month,bank_transfer,0,462.4,0,0,1,0
5777,2023-10-18 00:00:00,66,M,west,62,71.74,4447.88,1,two_year,mailed_check,0,354.8,0,1,1,0
5778,2023-03-21 00:00:00,69,M,north,28,39.2,1097.6,6,two_year,electronic_check,0,130.3,0,0,1,0
5779,2024-05-31 00:00:00,38,M,south,20,47.1,942.0,4,one_year,mailed_check,1,217.9,1,1,1,0
5780,2023-04-03 00:00:00,28,F,west,38,31.97,1214.86,5,month-to-month,mailed_check,0,6.4,0,1,0,0
5781,2023-05-22 00:00:00,40,M,west,42,55.74,2341.08,5,month-to-month,electronic_check,3,10.9,1,0,0,0
5782,2023-04-17 00:00:00,25,F,north,39,60.6,2363.4,5,two_year,bank_transfer,1,222.6,1,1,0,0
5783,2024-10-07 00:00:00,47,F,west,4,60.37,241.48,4,month-to-month,credit_card,1,218.4,1,1,1,0
5784,2024-12-17 00:00:00,51,M,south,60,92.49,5549.4,3,two_year,credit_card,2,5.9,1,0,0,0
5785,2024-02-20 00:00:00,70,F,south,24,68.34,1640.16,2,one_year,mailed_check,0,183.5,1,0,0,0
5786,2024-03-26 00:00:00,34,M,south,10,89.3,893.0,2,two_year,mailed_check,1,135.9,0,1,1,0
5787,2024-04-16 00:00:00,28,F,east,41,23.31,955.71,5,month-to-month,credit_card,1,139.8,0,1,0,0
5788,2024-03-21 00:00:00,25,F,north,45,63.66,2864.7,1,two_year,credit_card,0,168.4,1,0,1,0
5789,2024-02-02 00:00:00,37,F,east,7,28.98,202.86,1,two_year,electronic_check,4,299.0,0,1,1,0
5790,2024-12-21 00:00:00,49,M,north,68,66.21,4502.28,5,one_year,electronic_check,0,362.2,0,0,0,0
5791,2024-06-19 00:00:00,21,F,north,43,81.52,3505.36,4,two_year,electronic_check,1,195.8,0,0,1,0
5792,2023-03-06 00:00:00,58,M,west,72,99.67,7176.24,1,one_year,mailed_check,2,490.8,1,0,1,0
5793,2023-10-14 00:00:00,42,M,south,48,75.02,3600.96,1,one_year,bank_transfer,2,291.0,0,0,0,0
5794,2024-12-12 00:00:00,60,M,west,0,57.95,0.0,2,one_year,electronic_check,1,346.7,0,1,0,0
5795,2023-10-22 00:00:00,42,M,east,15,46.45,696.75,1,two_year,bank_transfer,3,226.2,1,1,0,1
5796,2023-05-29 00:00:00,26,F,west,70,115.74,8101.8,2,one_year,electronic_check,1,469.8,1,0,1,0
5797,2024-09-25 00:00:00,19,F,north,40,39.83,1593.2,5,one_year,electronic_check,1,269.4,1,1,0,0
5798,2024-03-30 00:00:00,47,M,west,8,24.24,193.92,6,one_year,bank_transfer,2,372.5,1,0,1,1
5799,2024-02-15 00:00:00,46,F,west,5,32.59,162.95,2,two_year,bank_transfer,1,260.4,0,1,1,0
5800,2023-11-03 00:00:00,61,F,south,39,119.75,4670.25,2,month-to-month,electronic_check,0,433.7,1,1,1,0
5801,2023-04-01 00:00:00,64,F,north,43,110.61,4756.23,5,one_year,electronic_check,2,382.4,1,0,0,0
5802,2023-10-08 00:00:00,26,F,north,17,52.03,884.51,3,one_year,mailed_check,3,412.5,0,0,0,0
5803,2023-11-16 00:00:00,34,M,east,14,20.38,285.32,2,two_year,credit_card,1,31.5,0,0,1,0
5804,2024-11-10 00:00:00,29,M,north,44,96.72,4255.68,5,month-to-month,credit_card,3,286.2,0,1,1,0
5805,2023-08-13 00:00:00,23,F,north,31,50.05,1551.55,3,month-to-month,mailed_check,2,261.4,0,1,0,0
5806,2023-04-19 00:00:00,18,M,east,2,22.21,44.42,6,month-to-month,credit_card,1,194.8,1,1,1,1
5807,2023-11-09 00:00:00,22,F,east,4,65.66,262.64,6,one_year,bank_transfer,2,138.9,1,0,0,1
5808,2024-12-28 00:00:00,45,F,west,17,62.42,1061.14,5,one_year,electronic_check,3,408.8,0,0,0,0
5809,2023-12-19 00:00:00,26,F,west,41,56.18,2303.38,6,one_year,mailed_check,0,144.7,1,1,0,0
5810,2023-10-04 00:00:00,28,M,south,21,85.34,1792.14,4,one_year,credit_card,1,283.7,1,1,1,0
5811,2024-05-01 00:00:00,24,F,south,1,92.6,92.6,4,month-to-month,bank_transfer,2,248.5,0,1,1,0
5812,2024-04-18 00:00:00,56,F,north,66,75.92,5010.72,1,one_year,credit_card,2,255.0,0,0,1,0
5813,2023-08-07 00:00:00,51,M,north,50,21.4,1070.0,2,two_year,mailed_check,0,466.9,1,0,0,0
5814,2024-12-07 00:00:00,68,M,south,42,22.24,934.08,1,one_year,credit_card,2,446.7,1,1,1,0
5815,2024-03-08 00:00:00,23,M,west,17,108.17,1838.89,6,month-to-month,bank_transfer,0,294.5,0,0,0,1
5816,2023-02-12 00:00:00,29,M,west,51,38.64,1970.64,2,month-to-month,credit_card,3,101.4,1,0,0,0
5817,2023-10-25 00:00:00,42,F,west,69,59.81,4126.89,4,one_year,credit_card,2,92.4,1,1,0,0
5818,2024-11-04 00:00:00,52,F,south,49,30.35,1487.15,3,month-to-month,electronic_check,2,54.6,0,0,1,0
5819,2023-10-15 00:00:00,24,M,east,21,42.93,901.53,5,one_year,bank_transfer,1,231.0,0,1,1,0
5820,2024-02-19 00:00:00,29,F,east,28,68.54,1919.12,3,two_year,electronic_check,2,94.8,0,1,1,0
5821,2024-03-23 00:00:00,40,M,north,67,43.55,2917.85,6,two_year,credit_card,4,222.4,0,1,0,0
5822,2024-05-29 00:00:00,18,M,south,1,85.91,85.91,4,month-to-month,bank_transfer,0,174.6,0,1,0,1
5823,2024-09-28 00:00:00,38,M,east,16,56.73,907.68,2,month-to-month,electronic_check,5,15.8,0,1,1,1
5824,2023-04-19 00:00:00,58,F,south,7,98.85,691.95,3,one_year,mailed_check,0,394.5,0,0,0,1
5825,2024-01-13 00:00:00,45,F,south,46,80.2,3689.2,3,two_year,electronic_check,1,475.2,1,1,0,0
5826,2024-01-25 00:00:00,41,F,south,33,45.4,1498.2,5,month-to-month,mailed_check,1,203.1,0,0,1,0
5827,2023-04-22 00:00:00,43,F,north,9,100.84,907.56,2,month-to-month,electronic_check,4,156.8,1,1,0,1
5828,2024-05-06 00:00:00,68,M,west,68,113.21,7698.28,1,one_year,credit_card,3,24.6,0,1,0,0
5829,2023-03-28 00:00:00,45,F,west,40,32.0,1280.0,5,month-to-month,bank_transfer,2,8.9,1,1,1,0
5830,2023-11-30 00:00:00,46,M,west,18,86.97,1565.46,6,month-to-month,credit_card,0,317.2,1,0,1,0
5831,2023-08-30 00:00:00,67,M,west,69,83.08,5732.52,2,two_year,electronic_check,3,269.8,0,0,0,0
5832,2023-04-24 00:00:00,26,M,south,50,86.97,4348.5,6,month-to-month,mailed_check,0,392.3,1,0,1,0
5833,2024-08-23 00:00:00,23,M,north,9,23.12,208.08,1,month-to-month,credit_card,4,272.3,1,0,0,0
5834,2023-06-28 00:00:00,41,M,south,60,22.81,1368.6,3,month-to-month,bank_transfer,1,96.7,1,0,1,0
5835,2023-07-06 00:00:00,34,M,west,4,49.48,197.92,1,month-to-month,electronic_check,1,431.5,1,1,1,0
5836,2024-09-15 00:00:00,28,M,north,66,28.02,1849.32,3,month-to-month,credit_card,2,443.8,0,0,0,0
5837,2024-10-02 00:00:00,24,F,east,28,56.61,1585.08,4,month-to-month,electronic_check,0,390.3,1,1,0,0
5838,2023-01-26 00:00:00,64,M,north,21,107.24,2252.04,6,month-to-month,electronic_check,1,475.8,0,0,0,1
5839,2023-07-22 00:00:00,50,M,south,3,55.44,166.32,6,one_year,bank_transfer,2,437.9,0,0,1,0
5840,2024-06-01 00:00:00,54,F,north,67,59.28,3971.76,6,month-to-month,bank_transfer,1,234.2,1,1,1,0
5841,2024-07-22 00:00:00,24,F,north,40,46.75,1870.0,4,one_year,bank_transfer,2,420.9,1,1,0,0
5842,2024-12-30 00:00:00,36,M,north,44,62.16,2735.04,3,two_year,electronic_check,2,365.6,1,0,0,0
5843,2024-02-09 00:00:00,50,F,east,62,99.75,6184.5,6,two_year,electronic_check,2,246.4,0,1,1,0
5844,2023-01-06 00:00:00,45,M,east,37,103.09,3814.33,1,month-to-month,mailed_check,0,205.3,1,1,1,0
5845,2024-09-29 00:00:00,54,M,south,21,62.11,1304.31,5,month-to-month,mailed_check,0,348.4,1,0,1,0
5846,2023-04-28 00:00:00,53,F,west,56,59.69,3342.64,6,one_year,electronic_check,4,35.5,1,0,0,0
5847,2023-03-30 00:00:00,39,M,south,38,39.51,1501.38,1,month-to-month,bank_transfer,1,338.7,0,0,1,0
5848,2024-05-07 00:00:00,59,F,east,17,117.56,1998.52,4,one_year,credit_card,0,209.9,1,1,1,0
5849,2024-03-16 00:00:00,31,M,east,61,51.1,3117.1,6,one_year,credit_card,1,191.0,1,0,1,0
5850,2023-02-13 00:00:00,22,F,east,59,54.26,3201.34,5,month-to-month,bank_transfer,2,235.1,1,0,0,0
5851,2023-05-04 00:00:00,66,F,west,18,62.99,1133.82,6,month-to-month,electronic_check,2,467.4,0,0,1,0
5852,2024-03-06 00:00:00,19,F,west,47,28.04,1317.88,2,two_year,mailed_check,2,489.2,1,0,0,0
5853,2023-07-06 00:00:00,33,M,east,67,52.85,3540.95,4,one_year,credit_card,3,487.9,1,0,1,0
5854,2024-05-14 00:00:00,24,M,west,58,113.06,6557.48,5,one_year,electronic_check,1,323.0,0,1,1,0
5855,2023-10-28 00:00:00,30,F,east,14,27.44,384.16,1,one_year,electronic_check,2,404.1,1,1,1,0
5856,2024-03-05 00:00:00,38,F,south,62,44.05,2731.1,4,month-to-month,electronic_check,0,83.3,0,0,1,0
5857,2023-12-13 00:00:00,24,M,west,4,41.78,167.12,6,month-to-month,bank_transfer,1,264.4,1,0,1,1
5858,2023-09-24 00:00:00,42,M,north,45,43.51,1957.95,3,one_year,credit_card,1,155.7,0,0,0,0
5859,2023-09-07 00:00:00,67,F,south,37,115.46,4272.02,5,month-to-month,mailed_check,1,85.7,1,0,0,0
5860,2024-05-24 00:00:00,25,F,north,2,90.86,181.72,5,one_year,bank_transfer,0,352.0,1,0,1,0
5861,2024-01-11 00:00:00,67,F,west,52,111.98,5822.96,2,month-to-month,bank_transfer,1,4.5,1,0,0,0
5862,2024-03-09 00:00:00,39,F,west,21,105.76,2220.96,3,two_year,credit_card,0,432.7,0,1,0,0
5863,2024-02-26 00:00:00,49,M,west,62,82.47,5113.14,3,one_year,electronic_check,0,496.1,1,0,0,0
5864,2023-06-01 00:00:00,41,M,north,64,75.98,4862.72,3,month-to-month,bank_transfer,0,160.2,0,1,1,0
5865,2024-10-28 00:00:00,34,F,south,43,70.91,3049.13,4,one_year,credit_card,1,66.3,0,1,1,0
5866,2024-02-16 00:00:00,23,F,south,45,88.95,4002.75,4,one_year,credit_card,1,395.1,0,1,1,0
5867,2024-06-08 00:00:00,49,M,north,3,90.18,270.54,3,one_year,mailed_check,1,400.4,0,1,1,0
5868,2024-10-05 00:00:00,66,F,east,64,79.95,5116.8,4,month-to-month,electronic_check,1,390.9,1,0,0,0
5869,2024-11-06 00:00:00,45,M,north,49,64.89,3179.61,4,month-to-month,credit_card,1,352.8,0,0,1,0
5870,2024-05-01 00:00:00,49,M,east,28,87.54,2451.12,6,one_year,credit_card,0,394.6,1,0,1,0
5871,2024-07-28 00:00:00,52,F,east,6,35.67,214.02,5,month-to-month,electronic_check,4,431.5,1,1,0,1
5872,2023-12-11 00:00:00,38,M,east,36,75.15,2705.4,4,one_year,electronic_check,2,17.2,0,0,1,0
5873,2024-06-22 00:00:00,24,M,west,65,71.93,4675.45,2,month-to-month,electronic_check,0,495.8,0,0,0,0
5874,2023-08-23 00:00:00,44,F,west,62,73.47,4555.14,2,two_year,bank_transfer,0,382.4,0,1,0,0
5875,2024-06-03 00:00:00,64,M,south,7,71.08,497.56,2,two_year,electronic_check,2,272.5,0,0,0,1
5876,2023-03-04 00:00:00,34,M,east,55,95.03,5226.65,2,month-to-month,electronic_check,2,199.6,1,0,1,0
5877,2024-10-29 00:00:00,64,F,west,5,95.75,478.75,6,month-to-month,bank_transfer,0,494.1,1,1,0,1
5878,2023-06-28 00:00:00,63,M,west,27,52.96,1429.92,4,month-to-month,electronic_check,1,46.4,1,0,1,0
5879,2024-04-24 00:00:00,30,F,east,32,55.08,1762.56,6,two_year,credit_card,0,384.1,0,0,1,0
5880,2023-01-09 00:00:00,48,M,north,1,21.65,21.65,1,month-to-month,mailed_check,1,67.8,0,0,1,0
5881,2023-04-24 00:00:00,57,M,south,10,31.33,313.3,5,one_year,mailed_check,1,279.6,1,0,0,0
5882,2024-12-21 00:00:00,44,F,west,64,46.23,2958.72,4,two_year,credit_card,2,232.9,0,1,0,0
5883,2024-08-31 00:00:00,55,M,north,45,96.57,4345.65,5,month-to-month,electronic_check,0,53.8,1,0,1,0
5884,2023-06-12 00:00:00,66,F,east,57,99.79,5688.03,3,one_year,electronic_check,0,89.2,1,0,0,0
5885,2023-04-06 00:00:00,51,F,east,41,44.8,1836.8,4,month-to-month,mailed_check,0,180.7,1,1,1,0
5886,2024-08-17 00:00:00,62,F,north,32,106.98,3423.36,3,month-to-month,bank_transfer,1,162.5,1,0,1,0
5887,2024-12-23 00:00:00,60,M,south,1,57.57,57.57,5,two_year,mailed_check,2,117.4,1,0,0,0
5888,2023-05-04 00:00:00,61,M,west,39,99.81,3892.59,2,month-to-month,credit_card,1,243.2,0,1,1,0
5889,2024-04-29 00:00:00,63,F,east,56,66.69,3734.64,4,month-to-month,credit_card,2,297.5,1,0,0,0
5890,2023-07-27 00:00:00,29,M,west,14,91.26,1277.64,3,one_year,electronic_check,0,357.7,0,0,1,0
5891,2024-06-27 00:00:00,18,F,south,35,55.63,1947.05,5,one_year,electronic_check,0,161.6,0,1,1,0
5892,2023-11-02 00:00:00,26,F,west,30,27.06,811.8,1,one_year,mailed_check,1,324.6,1,1,0,0
5893,2023-04-02 00:00:00,31,M,east,63,45.41,2860.83,2,month-to-month,credit_card,1,304.1,1,1,1,0
5894,2023-08-25 00:00:00,54,M,west,11,89.71,986.81,4,one_year,electronic_check,1,351.7,1,0,1,0
5895,2024-01-29 00:00:00,45,F,south,7,111.8,782.6,3,month-to-month,mailed_check,0,478.1,0,1,0,0
5896,2024-08-05 00:00:00,42,F,south,15,82.83,1242.45,2,month-to-month,electronic_check,0,450.5,0,1,1,0
5897,2023-01-16 00:00:00,18,M,north,11,96.9,1065.9,6,month-to-month,credit_card,3,418.7,0,0,1,1
5898,2024-11-30 00:00:00,54,F,north,61,21.41,1306.01,6,one_year,electronic_check,1,355.4,1,1,1,0
5899,2024-04-19 00:00:00,37,F,north,19,96.01,1824.19,1,two_year,bank_transfer,2,140.7,1,0,0,0
5900,2024-09-30 00:00:00,58,M,north,26,103.55,2692.3,4,month-to-month,electronic_check,1,73.4,1,1,0,1
5901,2024-11-09 00:00:00,23,M,south,18,61.27,1102.86,5,month-to-month,bank_transfer,0,347.4,0,0,0,0
5902,2023-04-23 00:00:00,33,F,west,59,69.39,4094.01,5,one_year,mailed_check,1,294.6,1,1,1,0
5903,2023-03-10 00:00:00,20,F,south,48,25.24,1211.52,2,month-to-month,bank_transfer,2,283.5,1,0,0,0
5904,2024-07-20 00:00:00,33,F,west,34,37.46,1273.64,6,month-to-month,electronic_check,0,353.9,1,0,0,0
5905,2023-05-18 00:00:00,66,M,west,58,25.65,1487.7,4,one_year,electronic_check,0,314.3,0,0,0,0
5906,2023-04-19 00:00:00,44,F,west,5,93.14,465.7,6,month-to-month,electronic_check,3,115.3,0,1,0,1
5907,2023-12-09 00:00:00,41,F,east,49,99.99,4899.51,5,month-to-month,credit_card,1,456.7,1,1,0,0
5908,2024-10-28 00:00:00,32,F,west,26,30.87,802.62,6,one_year,bank_transfer,3,440.4,1,0,1,0
5909,2024-08-03 00:00:00,32,M,south,27,112.16,3028.32,1,month-to-month,electronic_check,2,63.0,0,1,0,0
5910,2024-01-14 00:00:00,53,M,east,11,103.95,1143.45,2,two_year,electronic_check,0,297.9,0,1,1,0
5911,2023-05-24 00:00:00,70,M,west,7,77.63,543.41,4,one_year,mailed_check,0,454.9,1,0,1,1
5912,2023-09-03 00:00:00,57,M,north,50,117.83,5891.5,2,month-to-month,electronic_check,2,333.7,0,1,1,0
5913,2024-05-17 00:00:00,57,M,north,62,108.25,6711.5,2,one_year,credit_card,1,261.6,1,1,1,0
5914,2023-04-25 00:00:00,43,F,north,66,42.26,2789.16,5,one_year,mailed_check,0,456.6,0,0,0,0
5915,2024-01-18 00:00:00,23,M,east,17,115.4,1961.8,6,two_year,bank_transfer,2,385.5,1,0,1,0
5916,2023-01-09 00:00:00,56,F,south,55,64.3,3536.5,4,one_year,bank_transfer,0,328.7,1,0,0,0
5917,2023-08-26 00:00:00,60,M,south,8,35.49,283.92,4,month-to-month,credit_card,1,216.2,0,1,0,0
5918,2023-07-01 00:00:00,45,F,west,56,40.01,2240.56,4,one_year,bank_transfer,3,388.1,1,1,0,0
5919,2024-05-12 00:00:00,22,M,north,41,88.42,3625.22,3,one_year,electronic_check,0,435.4,1,1,1,0
5920,2024-10-29 00:00:00,55,F,north,62,118.76,7363.12,5,one_year,electronic_check,0,82.2,0,1,0,0
5921,2023-04-17 00:00:00,66,F,south,4,64.53,258.12,5,month-to-month,mailed_check,2,348.4,0,1,0,1
5922,2024-08-05 00:00:00,29,F,west,56,77.31,4329.36,1,two_year,electronic_check,1,349.0,1,1,0,0
5923,2024-04-23 00:00:00,26,M,east,34,50.02,1700.68,2,month-to-month,mailed_check,1,73.3,0,1,1,0
5924,2024-12-08 00:00:00,57,M,east,41,104.55,4286.55,2,two_year,credit_card,1,423.9,1,1,1,0
5925,2024-10-27 00:00:00,35,F,east,39,31.52,1229.28,5,month-to-month,electronic_check,2,432.8,0,1,1,0
5926,2023-03-15 00:00:00,55,M,south,52,78.22,4067.44,4,month-to-month,bank_transfer,2,67.6,0,0,0,1
5927,2024-06-26 00:00:00,55,F,south,43,78.62,3380.66,5,month-to-month,electronic_check,2,366.0,0,1,1,0
5928,2024-03-08 00:00:00,32,M,west,30,20.11,603.3,4,two_year,electronic_check,5,117.7,0,0,0,0
5929,2023-03-24 00:00:00,20,M,east,31,114.06,3535.86,4,one_year,electronic_check,1,115.6,1,0,0,0
5930,2023-07-07 00:00:00,47,F,east,5,117.43,587.15,5,month-to-month,electronic_check,0,63.2,1,1,1,1
5931,2024-11-07 00:00:00,39,F,north,52,66.75,3471.0,1,two_year,electronic_check,1,343.6,1,1,0,0
5932,2024-02-01 00:00:00,63,F,east,51,92.56,4720.56,5,month-to-month,credit_card,1,453.8,1,1,1,0
5933,2023-09-05 00:00:00,36,M,south,41,104.87,4299.67,6,month-to-month,bank_transfer,2,287.2,1,1,0,1
5934,2023-08-22 00:00:00,31,F,south,52,31.67,1646.84,2,month-to-month,electronic_check,0,129.2,1,1,1,0
5935,2024-09-03 00:00:00,63,F,east,19,28.46,540.74,5,month-to-month,electronic_check,1,94.6,1,1,1,0
5936,2023-07-26 00:00:00,57,M,south,16,88.93,1422.88,1,month-to-month,credit_card,0,83.7,1,0,1,0
5937,2023-04-26 00:00:00,50,M,east,67,75.95,5088.65,1,month-to-month,electronic_check,0,102.5,1,0,1,0
5938,2024-02-23 00:00:00,68,M,north,69,87.94,6067.86,3,month-to-month,electronic_check,1,276.7,1,0,1,0
5939,2024-12-25 00:00:00,59,F,north,62,77.2,4786.4,6,month-to-month,credit_card,0,497.5,1,0,1,0
5940,2023-05-14 00:00:00,63,M,east,3,92.64,277.92,3,month-to-month,mailed_check,0,467.4,0,0,1,1
5941,2023-07-06 00:00:00,60,F,west,40,35.49,1419.6,3,one_year,electronic_check,1,47.0,1,0,0,0
5942,2023-12-09 00:00:00,39,M,west,53,41.56,2202.68,5,month-to-month,bank_transfer,0,100.9,0,0,0,0
5943,2023-05-26 00:00:00,21,F,south,2,43.7,87.4,5,month-to-month,mailed_check,0,340.7,1,0,0,1
5944,2024-04-20 00:00:00,50,F,west,70,61.65,4315.5,5,month-to-month,bank_transfer,0,344.8,1,0,1,0
5945,2023-07-05 00:00:00,58,M,south,57,95.96,5469.72,1,one_year,electronic_check,3,105.1,0,0,1,0
5946,2023-04-04 00:00:00,70,M,west,22,103.14,2269.08,6,one_year,credit_card,1,478.2,1,1,0,0
5947,2023-07-10 00:00:00,54,M,south,36,60.13,2164.68,2,month-to-month,bank_transfer,5,293.5,1,1,1,0
5948,2024-11-10 00:00:00,48,M,north,66,80.2,5293.2,4,one_year,electronic_check,1,264.5,1,1,1,0
5949,2024-11-13 00:00:00,48,M,north,62,49.52,3070.24,5,two_year,mailed_check,0,411.4,1,0,0,0
5950,2024-01-05 00:00:00,24,F,west,60,67.58,4054.8,2,one_year,mailed_check,2,187.6,0,1,0,0
5951,2023-10-20 00:00:00,18,M,east,71,114.09,8100.39,5,month-to-month,credit_card,2,357.2,0,0,0,0
5952,2024-08-21 00:00:00,20,M,north,54,46.93,2534.22,4,two_year,electronic_check,1,459.2,1,0,1,0
5953,2023-05-22 00:00:00,65,M,west,68,98.79,6717.72,1,month-to-month,electronic_check,1,474.6,1,0,0,0
5954,2024-04-22 00:00:00,59,F,north,69,24.22,1671.18,2,month-to-month,bank_transfer,1,19.9,0,1,1,0
5955,2024-05-11 00:00:00,31,F,south,1,54.52,54.52,5,one_year,electronic_check,2,36.4,0,0,1,0
5956,2024-06-02 00:00:00,40,M,east,47,85.88,4036.36,1,month-to-month,electronic_check,1,354.1,0,0,0,0
5957,2023-06-09 00:00:00,43,M,north,24,97.6,2342.4,3,two_year,bank_transfer,3,2.2,0,1,1,1
5958,2024-06-06 00:00:00,31,M,west,36,79.22,2851.92,3,month-to-month,bank_transfer,1,331.6,0,0,1,0
5959,2024-03-22 00:00:00,40,F,east,12,106.92,1283.04,3,month-to-month,mailed_check,2,411.1,0,1,0,0
5960,2024-09-30 00:00:00,36,F,west,49,102.08,5001.92,3,month-to-month,mailed_check,1,45.0,0,0,1,0
5961,2023-05-08 00:00:00,54,M,west,60,81.75,4905.0,6,one_year,mailed_check,2,11.7,0,1,1,0
5962,2024-03-23 00:00:00,58,F,west,30,54.81,1644.3,1,month-to-month,credit_card,0,254.3,1,1,1,1
5963,2024-08-28 00:00:00,23,F,north,50,56.37,2818.5,6,month-to-month,bank_transfer,0,493.7,0,1,0,0
5964,2023-07-23 00:00:00,42,F,north,23,81.51,1874.73,5,two_year,bank_transfer,3,267.5,0,0,1,0
5965,2024-06-26 00:00:00,70,M,north,54,85.66,4625.64,6,month-to-month,credit_card,2,487.6,1,0,0,0
5966,2023-03-14 00:00:00,64,F,north,6,59.46,356.76,4,month-to-month,electronic_check,1,350.8,0,1,0,0
5967,2024-06-08 00:00:00,60,F,east,64,59.75,3824.0,6,one_year,mailed_check,1,151.2,0,1,1,0
5968,2024-03-18 00:00:00,56,M,north,27,37.68,1017.36,1,month-to-month,bank_transfer,0,120.8,1,1,0,0
5969,2023-05-21 00:00:00,18,M,south,36,20.03,721.08,5,month-to-month,mailed_check,1,302.9,1,1,1,0
5970,2023-02-18 00:00:00,69,M,east,58,66.15,3836.7,5,month-to-month,mailed_check,4,166.3,0,0,0,0
5971,2024-06-28 00:00:00,56,M,east,2,103.08,206.16,6,month-to-month,electronic_check,1,119.4,1,0,1,1
5972,2023-06-26 00:00:00,65,M,south,69,96.65,6668.85,1,month-to-month,bank_transfer,1,197.2,1,0,1,0
5973,2023-12-30 00:00:00,66,F,north,44,119.39,5253.16,4,one_year,bank_transfer,2,266.4,0,0,0,0
5974,2023-02-14 00:00:00,31,F,north,71,86.94,6172.74,4,month-to-month,credit_card,0,461.7,0,1,0,0
5975,2024-12-04 00:00:00,18,M,west,40,43.39,1735.6,1,month-to-month,electronic_check,1,477.8,1,1,1,0
5976,2024-02-05 00:00:00,52,M,south,15,87.73,1315.95,4,month-to-month,credit_card,1,365.2,0,1,0,0
5977,2024-11-11 00:00:00,42,F,east,42,102.85,4319.7,3,two_year,electronic_check,0,120.9,0,0,1,0
5978,2023-04-28 00:00:00,19,M,east,41,84.1,3448.1,3,one_year,bank_transfer,4,230.4,0,0,1,0
5979,2023-05-31 00:00:00,32,M,south,67,68.17,4567.39,5,month-to-month,bank_transfer,1,49.1,0,1,1,0
5980,2024-03-21 00:00:00,70,F,east,42,81.85,3437.7,5,one_year,mailed_check,3,285.2,1,1,0,0
5981,2024-03-17 00:00:00,37,M,south,29,22.58,654.82,4,month-to-month,credit_card,2,320.3,1,0,0,0
5982,2024-07-31 00:00:00,31,M,south,12,46.51,558.12,3,month-to-month,mailed_check,2,198.8,1,0,1,0
5983,2024-11-08 00:00:00,52,F,west,23,35.77,822.71,6,month-to-month,electronic_check,3,109.4,1,0,1,1
5984,2024-08-22 00:00:00,53,F,south,42,61.34,2576.28,2,one_year,mailed_check,0,493.6,1,1,0,0
5985,2023-04-13 00:00:00,35,M,east,26,109.3,2841.8,3,month-to-month,mailed_check,1,19.8,0,1,1,1
5986,2023-08-14 00:00:00,63,F,east,26,38.79,1008.54,3,month-to-month,bank_transfer,0,365.7,1,1,0,0
5987,2024-10-29 00:00:00,48,F,north,1,27.1,27.1,2,one_year,mailed_check,2,343.8,1,1,1,0
5988,2024-02-05 00:00:00,26,M,east,68,97.69,6642.92,3,two_year,electronic_check,1,280.4,0,0,1,0
5989,2024-09-24 00:00:00,35,F,west,61,106.79,6514.19,6,two_year,mailed_check,2,93.5,0,0,0,0
5990,2024-02-15 00:00:00,62,M,south,18,73.14,1316.52,1,one_year,bank_transfer,0,427.1,0,1,0,0
5991,2023-02-06 00:00:00,22,M,west,10,57.66,576.6,4,one_year,mailed_check,3,305.2,1,0,1,0
5992,2023-12-12 00:00:00,18,M,north,60,63.05,3783.0,3,month-to-month,credit_card,2,339.0,0,1,0,0
5993,2024-08-25 00:00:00,52,M,north,61,85.9,5239.9,1,month-to-month,electronic_check,0,354.5,0,1,0,0
5994,2024-04-23 00:00:00,41,M,west,65,103.13,6703.45,2,one_year,bank_transfer,1,60.1,0,1,0,0
5995,2023-04-07 00:00:00,31,F,west,39,38.94,1518.66,2,month-to-month,credit_card,0,233.2,1,0,1,0
5996,2023-06-03 00:00:00,43,M,west,53,110.23,5842.19,3,two_year,electronic_check,1,394.7,0,0,0,0
5997,2024-09-15 00:00:00,27,F,east,53,85.74,4544.22,3,month-to-month,mailed_check,0,198.9,1,1,1,0
5998,2024-12-15 00:00:00,37,M,north,15,93.83,1407.45,4,month-to-month,credit_card,0,365.7,1,0,0,0
5999,2024-07-03 00:00:00,30,F,south,38,28.69,1090.22,3,month-to-month,electronic_check,1,187.9,1,1,0,0
6000,2023-03-13 00:00:00,49,F,east,19,111.83,2124.77,5,two_year,bank_transfer,3,401.8,1,0,1,0
6001,2024-03-28 00:00:00,53,M,north,55,72.82,4005.1,3,month-to-month,mailed_check,5,422.8,0,1,0,0
6002,2024-08-28 00:00:00,66,F,east,70,56.21,3934.7,6,one_year,electronic_check,0,416.8,0,1,1,0
6003,2024-04-12 00:00:00,21,F,north,5,59.89,299.45,6,month-to-month,bank_transfer,1,326.6,0,1,0,1
6004,2024-03-09 00:00:00,35,M,north,5,49.3,246.5,5,one_year,electronic_check,1,252.2,0,0,0,0
6005,2023-12-08 00:00:00,32,M,north,19,36.3,689.7,1,one_year,credit_card,1,427.3,1,0,0,1
6006,2023-06-28 00:00:00,48,F,north,8,23.47,187.76,6,two_year,mailed_check,1,189.7,1,1,0,0
6007,2023-07-24 00:00:00,46,F,north,0,46.44,0.0,5,month-to-month,electronic_check,3,481.1,0,1,1,1
6008,2024-06-28 00:00:00,64,M,west,71,69.66,4945.86,4,month-to-month,electronic_check,0,415.5,0,1,1,0
6009,2023-02-20 00:00:00,66,F,west,42,86.68,3640.56,3,month-to-month,credit_card,0,134.4,1,0,0,0
6010,2023-03-03 00:00:00,58,M,east,56,93.33,5226.48,5,month-to-month,mailed_check,0,187.9,1,1,0,0
6011,2023-10-17 00:00:00,28,M,south,41,79.56,3261.96,4,two_year,electronic_check,1,448.0,0,1,0,0
6012,2024-07-19 00:00:00,20,F,north,54,31.61,1706.94,5,month-to-month,electronic_check,0,126.3,1,1,1,0
6013,2024-04-24 00:00:00,65,F,west,50,63.15,3157.5,4,two_year,bank_transfer,3,41.1,0,0,1,0
6014,2024-03-06 00:00:00,67,M,west,11,86.74,954.14,5,month-to-month,electronic_check,2,39.2,1,1,0,1
6015,2024-01-25 00:00:00,31,M,west,10,94.32,943.2,6,two_year,credit_card,1,433.2,1,0,1,1
6016,2023-03-22 00:00:00,20,M,south,35,52.45,1835.75,5,one_year,electronic_check,0,185.6,0,1,1,0
6017,2023-08-31 00:00:00,54,F,north,27,112.84,3046.68,2,two_year,electronic_check,1,105.6,0,0,0,0
6018,2023-02-28 00:00:00,49,M,east,61,99.54,6071.94,6,month-to-month,mailed_check,2,133.6,1,0,1,0
6019,2024-07-07 00:00:00,65,M,south,22,105.17,2313.74,5,one_year,electronic_check,1,296.4,0,0,1,0
6020,2024-07-02 00:00:00,48,M,south,24,86.65,2079.6,3,month-to-month,bank_transfer,3,209.4,0,0,1,0
6021,2023-07-08 00:00:00,58,F,south,38,61.38,2332.44,1,month-to-month,credit_card,2,71.3,0,1,1,0
6022,2023-08-02 00:00:00,59,M,north,14,113.42,1587.88,6,one_year,bank_transfer,3,245.9,1,0,1,0
6023,2023-08-20 00:00:00,18,F,west,62,110.14,6828.68,4,month-to-month,credit_card,0,326.8,1,0,1,0
6024,2024-10-11 00:00:00,25,M,north,0,102.85,0.0,3,one_year,credit_card,0,197.4,1,0,1,0
6025,2023-12-23 00:00:00,59,M,west,61,109.11,6655.71,4,month-to-month,electronic_check,0,308.4,1,1,1,0
6026,2024-07-10 00:00:00,27,M,west,45,111.66,5024.7,1,month-to-month,electronic_check,1,351.1,1,1,1,0
6027,2023-11-24 00:00:00,28,M,north,64,94.64,6056.96,5,one_year,bank_transfer,0,325.3,1,0,1,0
6028,2024-05-24 00:00:00,57,M,east,21,40.03,840.63,2,month-to-month,credit_card,0,71.2,1,1,0,0
6029,2024-01-21 00:00:00,28,M,north,65,73.85,4800.25,2,one_year,credit_card,0,218.2,1,0,1,0
6030,2023-07-23 00:00:00,25,M,west,63,81.6,5140.8,4,two_year,bank_transfer,1,454.6,1,1,1,0
6031,2024-10-01 00:00:00,18,M,east,33,97.34,3212.22,4,month-to-month,electronic_check,1,79.3,1,0,1,0
6032,2024-06-01 00:00:00,42,M,north,20,69.51,1390.2,1,month-to-month,bank_transfer,0,437.5,1,0,0,0
6033,2024-07-15 00:00:00,51,M,west,14,71.29,998.06,4,month-to-month,bank_transfer,1,223.2,1,1,0,0
6034,2024-11-23 00:00:00,56,M,west,11,119.56,1315.16,1,month-to-month,credit_card,2,301.6,1,1,0,1
6035,2023-07-01 00:00:00,65,M,west,42,65.22,2739.24,6,one_year,bank_transfer,5,157.4,0,0,1,0
6036,2023-03-08 00:00:00,52,F,south,70,33.0,2310.0,3,two_year,electronic_check,0,363.5,1,1,1,0
6037,2024-03-01 00:00:00,58,F,west,41,90.97,3729.77,3,month-to-month,bank_transfer,2,89.5,1,0,0,0
6038,2023-08-27 00:00:00,29,F,east,70,56.25,3937.5,4,month-to-month,mailed_check,0,381.4,1,1,1,0
6039,2023-11-15 00:00:00,36,M,east,55,44.85,2466.75,1,month-to-month,mailed_check,0,71.4,1,0,1,0
6040,2023-06-21 00:00:00,34,F,south,50,82.85,4142.5,1,month-to-month,bank_transfer,2,86.2,1,0,1,0
6041,2023-10-18 00:00:00,21,F,south,52,115.44,6002.88,6,month-to-month,credit_card,0,4.3,0,1,0,0
6042,2023-10-15 00:00:00,69,M,east,67,51.28,3435.76,4,two_year,bank_transfer,2,431.6,1,1,1,0
6043,2023-09-13 00:00:00,30,M,east,62,57.23,3548.26,2,month-to-month,electronic_check,1,422.1,1,0,1,0
6044,2024-06-25 00:00:00,41,F,north,11,66.55,732.05,4,one_year,electronic_check,1,195.5,0,1,1,0
6045,2024-03-08 00:00:00,36,F,south,42,88.8,3729.6,6,month-to-month,mailed_check,1,1.6,0,1,1,0
6046,2023-12-13 00:00:00,20,F,north,33,59.59,1966.47,5,two_year,bank_transfer,2,466.5,1,1,0,0
6047,2023-03-24 00:00:00,65,F,south,64,62.51,4000.64,3,two_year,bank_transfer,1,85.7,0,0,0,0
6048,2024-02-21 00:00:00,29,F,west,14,90.09,1261.26,4,two_year,mailed_check,3,74.5,1,1,0,0
6049,2023-05-08 00:00:00,23,F,east,59,118.51,6992.09,6,month-to-month,mailed_check,0,105.6,1,0,0,0
6050,2023-08-18 00:00:00,36,M,north,34,51.65,1756.1,2,month-to-month,bank_transfer,0,128.6,1,1,1,1
6051,2023-10-30 00:00:00,25,M,east,68,78.53,5340.04,5,month-to-month,electronic_check,4,465.7,1,0,1,0
6052,2023-04-14 00:00:00,70,F,north,57,99.44,5668.08,6,month-to-month,bank_transfer,1,314.0,1,0,0,0
6053,2023-10-12 00:00:00,28,M,north,25,41.21,1030.25,3,one_year,credit_card,1,170.6,1,1,0,0
6054,2023-07-14 00:00:00,34,M,west,61,101.83,6211.63,6,two_year,electronic_check,2,382.0,0,0,1,0
6055,2024-09-12 00:00:00,32,M,north,13,55.49,721.37,1,one_year,electronic_check,1,386.5,1,0,0,0
6056,2024-09-19 00:00:00,19,M,south,0,31.1,0.0,3,month-to-month,bank_transfer,1,123.2,0,1,1,0
6057,2023-01-04 00:00:00,18,M,north,36,22.49,809.64,2,month-to-month,electronic_check,0,87.2,1,0,0,0
6058,2024-03-15 00:00:00,45,F,east,28,23.31,652.68,1,one_year,mailed_check,1,76.3,0,1,0,0
6059,2024-04-12 00:00:00,30,M,east,9,99.76,897.84,4,month-to-month,credit_card,2,178.2,0,1,0,1
6060,2023-10-03 00:00:00,22,F,west,72,87.49,6299.28,4,month-to-month,electronic_check,3,14.1,1,0,0,0
6061,2023-12-09 00:00:00,33,M,west,2,99.35,198.7,3,month-to-month,credit_card,0,220.5,1,0,0,0
6062,2024-07-30 00:00:00,32,F,east,43,95.29,4097.47,6,two_year,electronic_check,1,100.6,1,0,0,0
6063,2023-10-03 00:00:00,40,F,south,19,58.1,1103.9,2,month-to-month,mailed_check,0,383.7,1,1,0,0
6064,2023-02-17 00:00:00,70,F,north,21,113.3,2379.3,5,two_year,electronic_check,1,164.9,0,1,0,1
6065,2023-09-29 00:00:00,34,M,west,15,107.79,1616.85,4,month-to-month,bank_transfer,1,325.5,1,0,0,0
6066,2023-07-05 00:00:00,55,M,east,28,54.84,1535.52,6,one_year,credit_card,0,341.2,1,1,0,0
6067,2023-10-07 00:00:00,58,F,north,48,97.29,4669.92,1,two_year,electronic_check,0,397.7,0,1,1,0
6068,2023-06-17 00:00:00,20,F,east,23,101.97,2345.31,6,two_year,credit_card,1,237.6,1,1,0,0
6069,2023-04-20 00:00:00,44,M,south,52,68.85,3580.2,1,month-to-month,bank_transfer,0,199.9,0,0,1,0
6070,2024-12-20 00:00:00,41,F,south,32,32.04,1025.28,5,month-to-month,credit_card,1,128.6,1,0,1,0
6071,2023-04-05 00:00:00,44,F,south,57,53.41,3044.37,5,month-to-month,bank_transfer,1,4.8,1,0,1,0
6072,2024-05-30 00:00:00,27,M,west,32,118.88,3804.16,1,month-to-month,bank_transfer,1,78.7,0,0,0,0
6073,2024-06-07 00:00:00,42,F,north,26,91.59,2381.34,1,month-to-month,credit_card,1,111.0,1,0,1,0
6074,2024-03-26 00:00:00,24,M,west,37,97.47,3606.39,1,one_year,bank_transfer,0,329.2,1,0,1,0
6075,2024-10-27 00:00:00,68,M,north,50,111.19,5559.5,1,month-to-month,credit_card,2,395.5,1,0,0,1
6076,2023-01-04 00:00:00,49,F,north,33,40.28,1329.24,1,two_year,electronic_check,3,229.4,1,0,1,0
6077,2023-08-09 00:00:00,19,M,east,66,116.84,7711.44,6,two_year,electronic_check,2,410.9,1,1,1,0
6078,2023-05-15 00:00:00,44,F,north,37,71.81,2656.97,2,one_year,bank_transfer,1,186.9,0,1,1,0
6079,2024-02-26 00:00:00,67,F,west,21,94.47,1983.87,5,one_year,electronic_check,2,327.2,1,1,0,1
6080,2024-04-08 00:00:00,57,F,east,2,51.82,103.64,1,month-to-month,mailed_check,2,278.6,1,0,0,1
6081,2024-10-17 00:00:00,32,M,south,28,52.94,1482.32,4,month-to-month,credit_card,1,75.1,0,0,1,0
6082,2023-10-05 00:00:00,65,M,south,3,55.96,167.88,3,month-to-month,bank_transfer,1,231.1,0,1,0,0
6083,2023-06-22 00:00:00,27,M,west,2,54.81,109.62,4,two_year,credit_card,3,483.8,1,1,0,0
6084,2024-11-05 00:00:00,31,F,west,27,26.25,708.75,5,month-to-month,mailed_check,0,75.0,1,1,0,0
6085,2024-05-06 00:00:00,26,M,east,21,50.96,1070.16,2,month-to-month,electronic_check,1,202.9,0,0,0,0
6086,2024-07-12 00:00:00,66,F,north,64,84.74,5423.36,1,one_year,electronic_check,5,166.2,1,1,1,0
6087,2023-11-21 00:00:00,55,M,east,53,110.2,5840.6,2,month-to-month,credit_card,1,373.1,0,0,1,0
6088,2023-11-23 00:00:00,45,M,north,57,24.17,1377.69,5,two_year,mailed_check,2,19.3,1,1,1,0
6089,2023-10-12 00:00:00,53,F,south,39,21.66,844.74,4,two_year,credit_card,1,226.5,1,1,0,0
6090,2024-07-01 00:00:00,31,F,east,8,79.24,633.92,6,month-to-month,mailed_check,2,132.3,0,0,0,1
6091,2023-06-03 00:00:00,21,M,south,62,89.97,5578.14,6,one_year,electronic_check,1,148.9,0,1,0,0
6092,2024-12-13 00:00:00,62,F,west,36,80.82,2909.52,1,month-to-month,bank_transfer,0,203.6,1,0,0,0
6093,2023-05-09 00:00:00,69,M,west,31,117.3,3636.3,1,month-to-month,bank_transfer,4,145.8,1,1,0,1
6094,2023-12-03 00:00:00,19,F,north,44,42.89,1887.16,1,two_year,mailed_check,1,283.9,1,0,0,0
6095,2023-08-18 00:00:00,20,M,west,11,68.12,749.32,2,month-to-month,mailed_check,2,143.6,1,0,1,0
6096,2024-04-14 00:00:00,47,F,west,35,111.59,3905.65,3,two_year,mailed_check,0,458.7,1,1,0,0
6097,2024-05-11 00:00:00,20,M,north,44,81.75,3597.0,1,two_year,credit_card,1,223.7,1,0,1,0
6098,2024-11-01 00:00:00,56,M,south,50,77.71,3885.5,6,one_year,electronic_check,1,77.5,1,0,1,0
6099,2024-07-30 00:00:00,68,F,west,36,113.28,4078.08,3,month-to-month,electronic_check,1,144.6,0,1,1,1
6100,2023-07-01 00:00:00,32,M,north,72,53.89,3880.08,5,month-to-month,electronic_check,1,398.6,0,1,1,0
6101,2023-05-31 00:00:00,33,M,north,72,35.72,2571.84,6,month-to-month,mailed_check,3,54.5,0,0,1,0
6102,2024-10-09 00:00:00,63,M,east,7,32.92,230.44,1,month-to-month,credit_card,1,189.9,1,1,0,0
6103,2023-12-23 00:00:00,36,M,west,6,102.19,613.14,3,month-to-month,bank_transfer,4,474.4,0,0,0,1
6104,2023-03-13 00:00:00,30,F,south,37,105.69,3910.53,5,month-to-month,credit_card,2,0.6,1,1,0,0
6105,2024-08-25 00:00:00,22,M,west,60,43.39,2603.4,6,one_year,bank_transfer,2,485.6,1,0,0,0
6106,2024-04-18 00:00:00,62,F,east,37,65.71,2431.27,5,month-to-month,mailed_check,4,179.5,0,1,0,0
6107,2023-01-19 00:00:00,67,F,north,15,78.49,1177.35,2,month-to-month,bank_transfer,0,105.5,0,0,0,1
6108,2024-07-25 00:00:00,22,M,south,41,33.9,1389.9,2,one_year,credit_card,0,412.8,1,1,1,0
6109,2024-03-19 00:00:00,60,F,east,68,104.88,7131.84,5,month-to-month,electronic_check,0,234.6,1,0,0,0
6110,2024-03-24 00:00:00,26,M,south,12,61.89,742.68,4,month-to-month,mailed_check,3,52.8,0,1,1,1
6111,2024-09-23 00:00:00,25,M,north,32,106.35,3403.2,2,month-to-month,mailed_check,2,333.4,0,1,1,0
6112,2023-12-28 00:00:00,38,M,north,46,96.01,4416.46,3,month-to-month,credit_card,0,389.0,1,0,1,0
6113,2023-12-03 00:00:00,41,M,east,28,49.5,1386.0,6,month-to-month,electronic_check,1,225.5,0,0,0,0
6114,2024-03-26 00:00:00,63,M,west,3,91.66,274.98,2,month-to-month,electronic_check,2,357.2,1,1,1,1
6115,2023-05-25 00:00:00,55,M,south,48,94.07,4515.36,2,month-to-month,bank_transfer,0,53.6,0,0,1,0
6116,2023-04-21 00:00:00,25,F,west,54,51.13,2761.02,6,month-to-month,bank_transfer,1,15.9,1,1,1,0
6117,2024-09-07 00:00:00,48,F,east,47,45.37,2132.39,5,month-to-month,electronic_check,1,109.5,1,0,0,0
6118,2023-06-07 00:00:00,64,F,south,48,102.34,4912.32,2,one_year,mailed_check,0,490.4,1,1,1,0
6119,2024-01-04 00:00:00,53,F,east,47,87.79,4126.13,2,one_year,bank_transfer,2,87.7,0,0,1,0
6120,2023-07-17 00:00:00,30,F,south,24,93.96,2255.04,6,month-to-month,mailed_check,0,459.9,0,1,1,0
6121,2023-06-18 00:00:00,24,M,west,1,51.31,51.31,2,two_year,mailed_check,1,148.5,0,0,0,0
6122,2024-03-12 00:00:00,41,F,west,72,92.22,6639.84,5,one_year,electronic_check,0,245.8,0,1,1,0
6123,2024-08-08 00:00:00,43,M,west,14,91.43,1280.02,3,one_year,bank_transfer,3,352.1,0,0,0,0
6124,2023-11-19 00:00:00,36,F,north,60,53.33,3199.8,2,month-to-month,mailed_check,4,84.9,0,1,0,0
6125,2023-04-12 00:00:00,23,F,north,39,47.05,1834.95,3,month-to-month,bank_transfer,0,99.8,1,0,0,0
6126,2023-06-28 00:00:00,24,M,west,39,63.14,2462.46,5,month-to-month,mailed_check,3,126.5,0,1,0,0
6127,2023-05-01 00:00:00,46,F,west,1,93.91,93.91,5,month-to-month,electronic_check,1,238.5,0,1,1,1
6128,2024-10-06 00:00:00,68,F,east,72,39.36,2833.92,1,two_year,bank_transfer,2,173.0,0,0,1,0
6129,2023-08-22 00:00:00,49,F,north,38,107.43,4082.34,6,two_year,mailed_check,0,43.0,0,1,1,0
6130,2023-09-30 00:00:00,41,M,west,60,45.53,2731.8,2,month-to-month,electronic_check,1,133.6,0,0,0,0
6131,2023-02-21 00:00:00,67,F,south,56,103.96,5821.76,4,two_year,credit_card,1,413.7,1,0,1,0
6132,2023-11-22 00:00:00,54,F,south,10,35.58,355.8,2,one_year,credit_card,0,258.3,0,0,0,0
6133,2024-10-29 00:00:00,56,M,south,69,93.94,6481.86,2,one_year,bank_transfer,1,473.7,1,0,0,0
6134,2023-10-27 00:00:00,48,M,south,43,76.14,3274.02,6,two_year,bank_transfer,1,138.7,1,0,1,0
6135,2024-04-20 00:00:00,58,M,south,13,86.15,1119.95,5,month-to-month,bank_transfer,4,131.0,0,1,1,0
6136,2023-05-13 00:00:00,44,F,south,42,117.41,4931.22,6,month-to-month,mailed_check,3,212.8,0,0,1,0
6137,2023-04-15 00:00:00,50,M,east,44,25.26,1111.44,1,two_year,electronic_check,1,39.7,0,0,0,0
6138,2024-06-18 00:00:00,50,M,north,47,34.91,1640.77,2,month-to-month,bank_transfer,2,158.1,1,0,0,0
6139,2023-02-17 00:00:00,57,M,south,23,27.91,641.93,1,one_year,bank_transfer,0,180.2,0,1,0,0
6140,2023-11-24 00:00:00,65,F,north,68,71.96,4893.28,3,two_year,mailed_check,1,310.8,1,0,1,0
6141,2023-08-20 00:00:00,33,F,east,17,100.28,1704.76,3,two_year,credit_card,1,71.0,0,1,0,0
6142,2023-01-12 00:00:00,55,M,west,35,25.48,891.8,6,month-to-month,mailed_check,1,444.3,1,1,0,0
6143,2024-01-23 00:00:00,19,M,west,61,97.94,5974.34,2,one_year,mailed_check,3,438.1,1,1,0,0
6144,2024-12-04 00:00:00,46,F,north,5,63.31,316.55,4,month-to-month,mailed_check,1,264.9,1,1,0,0
6145,2023-02-20 00:00:00,65,M,east,29,114.14,3310.06,6,two_year,bank_transfer,0,210.4,0,1,1,0
6146,2024-08-18 00:00:00,52,M,north,34,58.27,1981.18,1,month-to-month,electronic_check,1,349.3,1,1,1,0
6147,2024-01-29 00:00:00,32,F,south,56,118.46,6633.76,3,one_year,mailed_check,2,102.0,1,1,1,0
6148,2024-06-12 00:00:00,50,M,south,57,75.65,4312.05,3,two_year,bank_transfer,1,282.0,1,1,0,0
6149,2023-03-12 00:00:00,36,M,east,58,119.0,6902.0,1,month-to-month,mailed_check,0,143.6,0,1,1,0
6150,2024-09-26 00:00:00,40,M,south,26,83.19,2162.94,3,month-to-month,electronic_check,0,461.4,0,1,0,0
6151,2023-01-09 00:00:00,30,F,east,35,54.63,1912.05,2,month-to-month,bank_transfer,0,240.2,0,0,1,0
6152,2024-10-23 00:00:00,51,F,east,1,100.34,100.34,2,one_year,credit_card,1,253.0,0,0,0,0
6153,2024-04-25 00:00:00,28,M,west,60,68.7,4122.0,2,one_year,mailed_check,0,381.3,0,1,0,0
6154,2023-09-04 00:00:00,41,F,north,22,50.88,1119.36,4,two_year,bank_transfer,1,392.2,1,1,1,0
6155,2023-01-06 00:00:00,67,F,west,34,67.83,2306.22,3,month-to-month,electronic_check,1,117.7,0,1,1,0
6156,2024-03-21 00:00:00,58,F,west,49,107.19,5252.31,5,month-to-month,mailed_check,2,304.8,1,1,0,0
6157,2023-03-05 00:00:00,39,M,east,56,93.23,5220.88,3,month-to-month,electronic_check,2,433.0,1,0,0,0
6158,2024-03-20 00:00:00,69,M,west,6,37.38,224.28,5,month-to-month,credit_card,0,206.6,1,1,0,1
6159,2024-07-18 00:00:00,18,F,north,56,103.86,5816.16,4,one_year,electronic_check,2,55.6,0,0,0,0
6160,2023-07-15 00:00:00,68,M,north,27,63.14,1704.78,3,month-to-month,credit_card,1,434.2,1,1,0,0
6161,2023-06-24 00:00:00,36,M,north,30,28.29,848.7,5,month-to-month,mailed_check,2,447.9,1,0,1,0
6162,2023-06-12 00:00:00,61,M,west,9,34.72,312.48,5,one_year,mailed_check,1,76.5,1,0,0,1
6163,2023-06-14 00:00:00,68,F,south,52,26.62,1384.24,4,month-to-month,mailed_check,2,107.4,0,0,0,0
6164,2023-03-25 00:00:00,49,M,south,34,87.66,2980.44,4,one_year,electronic_check,1,119.6,1,1,0,1
6165,2023-07-02 00:00:00,50,M,east,7,45.76,320.32,5,month-to-month,electronic_check,4,417.5,0,1,1,0
6166,2024-04-26 00:00:00,57,F,south,10,29.63,296.3,5,month-to-month,mailed_check,3,477.9,1,0,0,0
6167,2023-08-09 00:00:00,30,M,east,52,56.57,2941.64,5,month-to-month,bank_transfer,1,197.5,1,1,1,0
6168,2024-07-24 00:00:00,27,M,west,7,106.7,746.9,1,month-to-month,bank_transfer,2,467.2,1,1,0,1
6169,2024-08-21 00:00:00,36,M,south,38,82.87,3149.06,2,one_year,credit_card,1,10.3,0,0,0,0
6170,2024-07-09 00:00:00,43,M,west,50,68.62,3431.0,3,one_year,electronic_check,2,198.2,1,0,1,0
6171,2024-01-29 00:00:00,57,F,east,66,93.32,6159.12,4,month-to-month,bank_transfer,4,58.1,1,0,1,0
6172,2023-08-19 00:00:00,31,M,south,11,27.59,303.49,3,one_year,electronic_check,0,492.7,0,0,0,0
6173,2024-11-09 00:00:00,47,F,west,21,108.28,2273.88,5,month-to-month,mailed_check,1,98.2,1,1,0,1
6174,2023-05-30 00:00:00,18,M,south,11,37.77,415.47,3,one_year,electronic_check,2,467.1,0,1,1,0
6175,2023-12-06 00:00:00,19,M,north,64,22.14,1416.96,4,month-to-month,credit_card,2,388.3,0,1,1,0
6176,2023-11-28 00:00:00,69,M,south,43,56.24,2418.32,5,one_year,mailed_check,3,445.4,1,1,1,0
6177,2024-06-28 00:00:00,63,M,west,71,25.84,1834.64,3,one_year,mailed_check,1,254.1,0,0,1,0
6178,2024-02-04 00:00:00,63,M,east,3,36.71,110.13,4,one_year,electronic_check,1,255.9,0,0,1,1
6179,2024-08-06 00:00:00,35,M,east,51,93.9,4788.9,5,month-to-month,mailed_check,1,73.8,1,1,1,0
6180,2024-11-01 00:00:00,45,F,east,2,60.47,120.94,3,month-to-month,electronic_check,2,62.4,0,1,1,0
6181,2023-10-13 00:00:00,53,M,north,7,20.69,144.83,6,month-to-month,bank_transfer,6,330.4,1,0,1,1
6182,2024-09-30 00:00:00,31,F,north,31,84.38,2615.78,4,two_year,bank_transfer,1,137.3,1,1,1,0
6183,2023-05-04 00:00:00,57,M,south,26,90.71,2358.46,5,one_year,electronic_check,2,237.4,0,0,1,0
6184,2024-10-30 00:00:00,54,M,west,26,110.2,2865.2,5,one_year,electronic_check,1,61.3,0,0,0,0
6185,2023-05-10 00:00:00,39,F,north,4,35.46,141.84,5,month-to-month,electronic_check,1,294.7,0,0,0,1
6186,2024-09-12 00:00:00,41,M,east,39,105.72,4123.08,5,month-to-month,mailed_check,2,38.9,1,0,0,0
6187,2023-10-12 00:00:00,34,M,west,24,90.87,2180.88,4,month-to-month,electronic_check,2,87.1,1,1,1,0
6188,2024-12-05 00:00:00,60,M,north,72,76.36,5497.92,5,one_year,electronic_check,0,73.5,1,1,0,0
6189,2023-04-05 00:00:00,70,M,north,57,46.18,2632.26,3,month-to-month,electronic_check,1,68.8,0,1,0,0
6190,2023-12-06 00:00:00,70,F,west,31,65.78,2039.18,6,two_year,electronic_check,2,312.6,1,1,1,0
6191,2024-10-20 00:00:00,58,M,north,55,39.83,2190.65,4,month-to-month,bank_transfer,1,18.3,0,0,0,0
6192,2023-02-04 00:00:00,36,F,east,42,91.77,3854.34,5,one_year,bank_transfer,4,336.6,0,1,0,0
6193,2023-07-13 00:00:00,59,M,west,36,90.36,3252.96,2,month-to-month,electronic_check,2,336.9,0,0,1,1
6194,2023-03-03 00:00:00,30,M,south,67,39.15,2623.05,2,two_year,mailed_check,2,99.7,0,1,1,0
6195,2023-08-23 00:00:00,65,M,south,42,45.26,1900.92,4,two_year,bank_transfer,3,236.5,0,0,0,0
6196,2023-10-12 00:00:00,32,M,east,35,110.11,3853.85,6,month-to-month,mailed_check,3,88.0,1,1,1,0
6197,2024-03-27 00:00:00,39,F,east,41,67.17,2753.97,5,month-to-month,credit_card,0,149.1,0,0,0,0
6198,2023-07-08 00:00:00,22,F,west,57,75.11,4281.27,2,two_year,bank_transfer,3,389.0,0,1,0,0
6199,2023-04-26 00:00:00,22,M,east,54,115.86,6256.44,6,one_year,bank_transfer,0,253.2,0,1,0,0
6200,2023-05-05 00:00:00,38,M,west,40,40.7,1628.0,4,month-to-month,mailed_check,2,482.4,0,1,1,0
6201,2024-11-16 00:00:00,47,F,north,12,82.71,992.52,4,one_year,mailed_check,0,469.1,1,0,1,0
6202,2024-11-26 00:00:00,18,M,south,46,97.4,4480.4,6,month-to-month,electronic_check,1,108.4,0,0,1,0
6203,2023-06-11 00:00:00,62,F,north,31,51.94,1610.14,5,month-to-month,electronic_check,3,406.5,1,1,1,0
6204,2023-05-23 00:00:00,24,M,east,68,50.88,3459.84,2,two_year,credit_card,4,171.1,0,1,1,0
6205,2023-02-09 00:00:00,70,M,north,66,109.68,7238.88,1,two_year,credit_card,1,191.7,0,0,1,0
6206,2024-12-01 00:00:00,32,M,west,0,29.94,0.0,2,month-to-month,credit_card,1,297.8,1,1,0,1
6207,2024-05-30 00:00:00,38,M,west,72,35.74,2573.28,2,month-to-month,mailed_check,1,252.1,0,0,0,0
6208,2024-07-09 00:00:00,26,F,west,65,61.1,3971.5,2,month-to-month,credit_card,0,467.7,0,0,0,0
6209,2023-08-01 00:00:00,61,F,west,66,99.84,6589.44,4,two_year,bank_transfer,3,452.8,0,0,0,0
6210,2024-04-12 00:00:00,56,F,north,36,65.5,2358.0,6,two_year,mailed_check,3,223.9,0,0,1,0
6211,2023-02-13 00:00:00,22,F,east,19,47.06,894.14,4,two_year,credit_card,1,413.4,1,0,1,0
6212,2024-05-08 00:00:00,23,M,east,44,62.03,2729.32,3,month-to-month,credit_card,2,456.9,1,0,1,0
6213,2024-02-28 00:00:00,50,M,east,64,64.55,4131.2,2,month-to-month,mailed_check,1,361.9,0,1,1,0
6214,2023-08-30 00:00:00,63,M,west,32,92.7,2966.4,5,one_year,bank_transfer,1,349.0,0,1,1,0
6215,2024-06-02 00:00:00,23,F,east,71,106.88,7588.48,4,month-to-month,bank_transfer,0,282.1,0,1,1,0
6216,2024-04-16 00:00:00,29,M,north,19,52.13,990.47,1,month-to-month,bank_transfer,1,346.1,0,0,1,0
6217,2023-11-17 00:00:00,46,F,west,62,90.85,5632.7,3,month-to-month,mailed_check,0,74.1,1,1,1,0
6218,2023-05-17 00:00:00,23,F,south,4,90.14,360.56,2,one_year,electronic_check,0,103.0,0,0,0,0
6219,2023-01-18 00:00:00,34,F,south,61,96.69,5898.09,3,one_year,credit_card,2,183.9,0,1,0,0
6220,2024-11-15 00:00:00,18,M,east,68,77.53,5272.04,1,one_year,electronic_check,0,471.7,1,1,1,0
6221,2023-07-25 00:00:00,44,F,west,51,21.47,1094.97,2,month-to-month,electronic_check,2,149.3,1,1,1,0
6222,2023-08-09 00:00:00,55,F,east,45,85.59,3851.55,5,one_year,mailed_check,1,64.3,0,0,1,0
6223,2024-05-12 00:00:00,39,F,north,30,81.23,2436.9,2,month-to-month,mailed_check,1,231.5,0,0,1,0
6224,2023-07-06 00:00:00,31,M,east,63,81.15,5112.45,1,month-to-month,electronic_check,1,169.6,1,1,0,0
6225,2023-10-02 00:00:00,40,F,east,9,48.13,433.17,2,one_year,electronic_check,1,495.2,1,1,1,0
6226,2024-06-03 00:00:00,45,M,north,21,29.79,625.59,6,one_year,credit_card,4,193.6,1,1,1,0
6227,2024-03-10 00:00:00,26,F,east,9,38.94,350.46,6,month-to-month,mailed_check,0,281.6,1,0,0,0
6228,2024-04-24 00:00:00,23,F,west,20,41.62,832.4,4,two_year,credit_card,4,482.7,0,1,0,0
6229,2023-01-04 00:00:00,27,M,west,38,37.36,1419.68,5,one_year,credit_card,3,445.5,0,0,0,0
6230,2023-11-26 00:00:00,70,F,south,24,44.45,1066.8,6,one_year,mailed_check,1,451.3,1,0,1,0
6231,2023-12-13 00:00:00,56,M,east,30,26.87,806.1,2,two_year,mailed_check,2,396.1,0,1,1,0
6232,2024-04-06 00:00:00,24,F,west,16,46.93,750.88,3,one_year,electronic_check,3,181.2,0,1,1,0
6233,2023-04-21 00:00:00,33,F,east,25,119.79,2994.75,1,one_year,credit_card,0,387.0,1,0,0,0
6234,2023-04-27 00:00:00,39,F,south,36,71.14,2561.04,4,month-to-month,bank_transfer,2,299.3,0,0,1,0
6235,2024-07-10 00:00:00,27,F,north,15,54.44,816.6,6,month-to-month,credit_card,1,181.5,1,0,1,1
6236,2024-05-06 00:00:00,63,M,north,68,92.05,6259.4,1,two_year,credit_card,1,265.5,1,1,0,0
6237,2024-08-15 00:00:00,67,M,east,65,66.95,4351.75,5,two_year,electronic_check,3,432.3,0,0,0,0
6238,2023-07-17 00:00:00,30,F,west,63,22.95,1445.85,3,one_year,credit_card,0,32.8,0,1,1,0
6239,2024-12-29 00:00:00,18,M,east,0,74.74,0.0,6,one_year,bank_transfer,0,449.4,0,1,0,0
6240,2023-07-19 00:00:00,32,M,west,36,50.41,1814.76,4,one_year,mailed_check,1,355.1,1,1,1,0
6241,2024-04-20 00:00:00,48,M,east,58,77.12,4472.96,3,one_year,credit_card,3,163.4,0,0,0,0
6242,2023-04-29 00:00:00,60,M,south,25,37.32,933.0,1,month-to-month,bank_transfer,0,201.2,1,1,1,0
6243,2024-11-01 00:00:00,35,F,east,16,68.25,1092.0,4,month-to-month,mailed_check,1,216.0,1,0,1,0
6244,2023-08-31 00:00:00,32,M,south,44,39.36,1731.84,6,one_year,electronic_check,1,216.5,0,1,0,0
6245,2024-08-08 00:00:00,31,M,north,0,49.88,0.0,1,month-to-month,bank_transfer,3,10.3,1,1,0,1
6246,2023-08-30 00:00:00,18,F,east,44,88.72,3903.68,1,one_year,bank_transfer,1,90.5,0,1,1,0
6247,2024-07-31 00:00:00,18,F,east,32,42.77,1368.64,6,two_year,electronic_check,2,217.9,1,0,1,0
6248,2023-11-28 00:00:00,40,M,west,49,61.71,3023.79,2,two_year,mailed_check,2,45.4,1,0,1,0
6249,2023-02-15 00:00:00,50,F,north,49,27.31,1338.19,4,two_year,electronic_check,2,70.2,1,1,0,0
6250,2023-05-20 00:00:00,18,M,south,39,88.72,3460.08,4,two_year,mailed_check,2,464.3,1,0,1,0
6251,2024-05-13 00:00:00,28,F,north,42,73.89,3103.38,3,one_year,bank_transfer,0,283.0,0,0,0,0
6252,2023-05-21 00:00:00,66,M,west,1,101.38,101.38,3,one_year,credit_card,0,452.1,0,1,1,0
6253,2023-07-20 00:00:00,70,M,west,71,73.51,5219.21,5,month-to-month,electronic_check,1,324.8,0,0,1,0
6254,2024-01-31 00:00:00,52,M,south,5,119.42,597.1,2,two_year,electronic_check,1,178.0,0,1,1,1
6255,2023-07-04 00:00:00,45,F,west,71,44.11,3131.81,2,month-to-month,electronic_check,1,405.7,1,1,1,0
6256,2023-04-05 00:00:00,48,M,east,71,94.21,6688.91,6,one_year,credit_card,1,289.0,1,0,0,0
6257,2024-03-31 00:00:00,37,M,south,52,63.23,3287.96,1,month-to-month,mailed_check,1,263.2,1,1,0,0
6258,2024-05-17 00:00:00,28,F,south,54,57.6,3110.4,2,month-to-month,electronic_check,0,45.9,1,1,1,0
6259,2024-06-19 00:00:00,37,M,east,2,93.15,186.3,5,month-to-month,electronic_check,1,102.7,1,0,0,1
6260,2024-11-20 00:00:00,55,F,north,69,115.56,7973.64,4,one_year,electronic_check,0,20.3,1,0,1,0
6261,2023-04-01 00:00:00,53,M,north,38,95.56,3631.28,2,two_year,bank_transfer,1,42.7,0,0,1,0
6262,2023-11-08 00:00:00,53,M,west,24,53.01,1272.24,1,month-to-month,mailed_check,1,445.5,1,0,0,0
6263,2023-06-20 00:00:00,50,M,north,48,70.99,3407.52,3,month-to-month,bank_transfer,0,395.6,1,0,1,0
6264,2024-10-19 00:00:00,21,M,north,39,41.71,1626.69,1,two_year,electronic_check,1,110.9,0,0,1,0
6265,2024-01-30 00:00:00,51,M,west,26,82.02,2132.52,4,month-to-month,mailed_check,3,121.0,1,0,0,0
6266,2023-03-13 00:00:00,64,M,west,23,60.26,1385.98,3,one_year,bank_transfer,0,245.1,0,0,0,0
6267,2024-05-20 00:00:00,52,F,west,8,42.81,342.48,6,two_year,electronic_check,0,165.2,1,1,0,0
6268,2023-02-01 00:00:00,48,M,north,66,22.11,1459.26,5,one_year,electronic_check,1,277.4,1,0,1,0
6269,2023-07-20 00:00:00,29,M,west,48,112.53,5401.44,3,month-to-month,electronic_check,3,108.4,1,1,0,0
6270,2024-06-10 00:00:00,60,F,south,21,27.88,585.48,4,one_year,bank_transfer,1,203.7,0,1,1,0
6271,2024-01-05 00:00:00,41,M,north,52,52.93,2752.36,5,two_year,bank_transfer,1,458.0,1,0,0,0
6272,2024-07-09 00:00:00,31,F,west,50,39.05,1952.5,2,month-to-month,mailed_check,0,229.7,0,0,1,0
6273,2024-02-21 00:00:00,43,F,south,10,69.41,694.1,4,one_year,bank_transfer,2,437.7,1,0,1,0
6274,2024-09-07 00:00:00,24,M,east,12,39.49,473.88,1,month-to-month,electronic_check,0,265.7,0,1,0,0
6275,2024-02-15 00:00:00,67,F,north,16,93.62,1497.92,6,two_year,credit_card,2,213.4,0,1,1,0
6276,2023-02-11 00:00:00,55,F,north,7,42.48,297.36,6,month-to-month,bank_transfer,2,255.2,0,1,1,1
6277,2023-02-22 00:00:00,35,F,west,60,38.55,2313.0,6,month-to-month,electronic_check,4,370.5,0,1,0,0
6278,2024-07-21 00:00:00,60,F,east,11,41.69,458.59,2,month-to-month,credit_card,2,499.2,0,0,0,0
6279,2023-01-29 00:00:00,20,M,west,59,49.76,2935.84,5,two_year,mailed_check,1,14.8,1,1,1,0
6280,2023-10-02 00:00:00,38,F,north,38,84.18,3198.84,4,one_year,mailed_check,5,258.5,1,1,0,0
6281,2023-01-12 00:00:00,52,M,west,8,40.96,327.68,6,month-to-month,mailed_check,1,336.0,1,0,1,0
6282,2023-08-10 00:00:00,19,M,west,61,89.69,5471.09,1,month-to-month,bank_transfer,0,202.3,1,0,0,0
6283,2024-03-10 00:00:00,55,F,west,12,63.02,756.24,3,two_year,electronic_check,0,285.8,1,0,0,0
6284,2023-05-07 00:00:00,61,M,north,72,39.7,2858.4,1,month-to-month,electronic_check,1,26.8,1,1,1,0
6285,2023-12-07 00:00:00,49,F,north,1,44.0,44.0,6,one_year,credit_card,3,140.2,0,0,1,0
6286,2024-12-28 00:00:00,28,F,east,45,72.73,3272.85,2,one_year,credit_card,0,188.6,0,0,0,0
6287,2023-02-21 00:00:00,57,F,north,22,57.86,1272.92,1,one_year,credit_card,0,203.1,1,0,1,0
6288,2023-02-16 00:00:00,35,F,north,38,71.37,2712.06,1,one_year,electronic_check,1,340.8,1,1,0,0
6289,2023-07-18 00:00:00,57,F,west,61,101.26,6176.86,6,two_year,bank_transfer,0,451.2,1,1,0,0
6290,2024-08-26 00:00:00,51,F,east,57,24.58,1401.06,4,month-to-month,mailed_check,0,30.5,0,0,1,0
6291,2023-10-24 00:00:00,22,F,west,20,59.36,1187.2,1,month-to-month,electronic_check,2,224.6,0,1,0,0
6292,2024-04-11 00:00:00,23,F,west,4,61.54,246.16,3,month-to-month,electronic_check,0,198.9,0,0,1,1
6293,2023-01-25 00:00:00,18,F,north,20,45.09,901.8,3,month-to-month,credit_card,1,482.4,0,1,1,0
6294,2024-06-20 00:00:00,21,M,west,59,64.19,3787.21,5,one_year,electronic_check,1,353.0,0,0,0,0
6295,2023-02-19 00:00:00,33,M,north,37,76.66,2836.42,2,one_year,electronic_check,0,477.4,1,0,1,0
6296,2024-06-03 00:00:00,19,M,south,55,78.5,4317.5,1,two_year,electronic_check,1,251.6,1,0,0,0
6297,2023-04-18 00:00:00,67,M,south,36,86.98,3131.28,5,two_year,bank_transfer,3,313.9,0,1,0,0
6298,2024-09-18 00:00:00,66,M,north,38,27.68,1051.84,3,month-to-month,bank_transfer,2,427.2,0,0,0,0
6299,2023-08-05 00:00:00,27,M,east,4,66.0,264.0,1,one_year,electronic_check,0,18.3,1,1,0,1
6300,2023-05-15 00:00:00,34,F,north,1,95.76,95.76,3,one_year,bank_transfer,3,462.7,0,1,1,1
6301,2023-09-03 00:00:00,57,F,west,51,65.5,3340.5,3,two_year,electronic_check,1,238.1,0,0,1,0
6302,2023-01-01 00:00:00,53,F,west,14,85.65,1199.1,2,month-to-month,mailed_check,1,480.7,1,1,1,0
6303,2023-05-01 00:00:00,48,F,east,26,79.04,2055.04,2,one_year,electronic_check,2,4.7,0,1,0,0
6304,2024-03-12 00:00:00,70,F,north,26,66.47,1728.22,1,month-to-month,mailed_check,0,47.0,1,0,0,0
6305,2023-08-08 00:00:00,51,F,east,46,27.89,1282.94,6,month-to-month,credit_card,1,37.4,0,0,1,0
6306,2023-09-16 00:00:00,53,M,east,68,83.32,5665.76,1,one_year,bank_transfer,0,28.0,1,0,1,0
6307,2024-08-12 00:00:00,44,F,south,55,73.45,4039.75,4,month-to-month,electronic_check,1,66.9,1,1,0,0
6308,2023-04-01 00:00:00,45,M,south,46,20.57,946.22,1,month-to-month,credit_card,2,166.6,1,0,0,0
6309,2023-10-17 00:00:00,33,M,south,60,40.69,2441.4,5,one_year,bank_transfer,1,67.1,0,1,0,0
6310,2023-05-16 00:00:00,45,M,west,37,26.14,967.18,3,month-to-month,mailed_check,0,72.6,0,0,0,0
6311,2023-12-19 00:00:00,66,F,north,10,77.02,770.2,6,month-to-month,credit_card,0,225.0,1,0,0,0
6312,2023-08-31 00:00:00,37,F,east,35,21.51,752.85,1,one_year,bank_transfer,0,313.3,0,1,0,0
6313,2023-02-03 00:00:00,25,M,south,71,104.24,7401.04,2,one_year,bank_transfer,4,22.5,1,1,1,0
6314,2023-02-21 00:00:00,49,F,east,56,114.75,6426.0,3,one_year,electronic_check,0,287.2,0,0,1,0
6315,2024-09-14 00:00:00,59,M,north,25,117.56,2939.0,1,two_year,electronic_check,0,291.0,1,0,1,0
6316,2023-02-11 00:00:00,68,M,west,23,42.66,981.18,3,month-to-month,credit_card,1,160.5,0,1,1,0
6317,2024-07-25 00:00:00,46,M,south,67,69.51,4657.17,3,month-to-month,bank_transfer,2,94.3,0,1,0,0
6318,2024-10-30 00:00:00,59,M,west,6,109.12,654.72,3,month-to-month,credit_card,0,316.3,0,1,0,0
6319,2023-12-07 00:00:00,31,F,north,68,88.73,6033.64,4,month-to-month,bank_transfer,3,390.7,0,0,0,0
6320,2023-08-16 00:00:00,40,M,east,49,49.87,2443.63,2,month-to-month,credit_card,0,142.0,1,1,1,0
6321,2024-07-20 00:00:00,40,M,east,58,103.4,5997.2,2,two_year,mailed_check,1,254.9,0,1,1,0
6322,2024-12-18 00:00:00,35,M,west,24,77.39,1857.36,3,month-to-month,mailed_check,2,49.4,0,1,1,0
6323,2023-03-29 00:00:00,55,F,north,47,93.0,4371.0,4,month-to-month,electronic_check,1,390.9,1,0,0,0
6324,2024-12-04 00:00:00,64,F,east,23,116.94,2689.62,3,two_year,electronic_check,1,331.4,0,1,1,0
6325,2024-11-19 00:00:00,35,F,north,1,119.75,119.75,3,one_year,mailed_check,1,214.2,0,1,0,0
6326,2023-04-15 00:00:00,25,F,south,33,70.48,2325.84,6,one_year,mailed_check,3,302.6,0,1,0,1
6327,2023-02-09 00:00:00,61,F,north,71,35.66,2531.86,4,month-to-month,electronic_check,2,477.5,0,0,0,0
6328,2024-06-05 00:00:00,63,M,north,17,81.96,1393.32,1,month-to-month,bank_transfer,0,281.0,0,1,0,1
6329,2023-02-26 00:00:00,67,M,west,11,84.39,928.29,3,one_year,mailed_check,1,213.6,0,1,0,0
6330,2024-03-14 00:00:00,31,M,east,67,77.21,5173.07,1,month-to-month,mailed_check,0,226.4,0,1,0,0
6331,2023-02-17 00:00:00,56,M,west,66,62.2,4105.2,6,month-to-month,mailed_check,1,91.0,0,0,0,0
6332,2024-05-19 00:00:00,55,M,east,61,78.16,4767.76,5,two_year,electronic_check,0,455.0,1,1,1,0
6333,2023-06-19 00:00:00,59,M,east,71,73.4,5211.4,3,month-to-month,bank_transfer,0,275.5,0,1,0,0
6334,2023-03-12 00:00:00,60,M,north,72,114.47,8241.84,2,month-to-month,mailed_check,3,197.5,1,1,1,0
6335,2023-02-18 00:00:00,68,M,west,67,103.76,6951.92,5,month-to-month,mailed_check,1,468.1,0,1,1,0
6336,2023-05-18 00:00:00,43,M,north,70,59.37,4155.9,2,two_year,mailed_check,1,275.5,0,1,0,0
6337,2024-01-30 00:00:00,22,M,north,54,77.09,4162.86,5,month-to-month,electronic_check,2,73.1,1,1,1,0
6338,2023-02-25 00:00:00,28,F,east,22,76.61,1685.42,6,month-to-month,bank_transfer,3,346.7,1,0,1,1
6339,2024-08-08 00:00:00,64,F,east,33,71.07,2345.31,2,one_year,credit_card,1,483.5,0,0,1,0
6340,2024-03-17 00:00:00,62,M,north,27,25.81,696.87,4,month-to-month,electronic_check,0,413.4,0,0,0,0
6341,2023-08-06 00:00:00,18,M,east,37,91.26,3376.62,1,one_year,electronic_check,1,190.2,1,1,1,0
6342,2024-12-21 00:00:00,37,M,east,50,93.13,4656.5,4,month-to-month,credit_card,0,404.3,0,1,0,0
6343,2024-04-25 00:00:00,30,M,south,17,68.42,1163.14,5,one_year,bank_transfer,1,240.6,0,0,0,0
6344,2024-05-05 00:00:00,34,M,east,1,110.16,110.16,1,month-to-month,electronic_check,2,202.3,1,0,0,1
6345,2023-05-07 00:00:00,51,M,east,43,118.39,5090.77,6,month-to-month,bank_transfer,2,277.8,1,0,1,0
6346,2024-06-02 00:00:00,45,F,south,72,101.29,7292.88,2,month-to-month,credit_card,0,38.4,1,1,0,0
6347,2024-02-13 00:00:00,43,F,north,62,112.79,6992.98,3,two_year,electronic_check,2,132.1,1,1,1,0
6348,2024-12-19 00:00:00,41,F,south,0,68.75,0.0,2,month-to-month,bank_transfer,0,289.6,0,1,1,1
6349,2023-12-15 00:00:00,52,F,west,43,111.42,4791.06,6,two_year,credit_card,3,58.6,1,0,0,0
6350,2024-05-09 00:00:00,54,F,south,38,113.5,4313.0,5,one_year,electronic_check,1,205.1,1,0,0,0
6351,2023-09-07 00:00:00,20,F,east,31,82.36,2553.16,6,two_year,credit_card,1,413.8,1,0,0,0
6352,2023-01-30 00:00:00,25,F,south,48,35.07,1683.36,3,one_year,credit_card,0,446.9,1,1,1,0
6353,2023-04-04 00:00:00,36,F,east,31,35.23,1092.13,4,month-to-month,bank_transfer,2,91.3,0,1,1,0
6354,2024-09-24 00:00:00,41,F,east,66,67.23,4437.18,4,one_year,mailed_check,0,472.3,1,1,1,0
6355,2024-06-22 00:00:00,70,F,south,66,93.56,6174.96,2,month-to-month,bank_transfer,0,233.5,0,0,0,0
6356,2023-09-24 00:00:00,65,F,east,47,70.14,3296.58,6,two_year,bank_transfer,1,76.0,0,0,1,0
6357,2024-05-24 00:00:00,52,M,west,33,99.98,3299.34,6,two_year,electronic_check,1,375.3,1,1,0,0
6358,2023-01-04 00:00:00,19,M,west,43,96.98,4170.14,6,month-to-month,electronic_check,1,42.6,0,1,0,0
6359,2023-01-28 00:00:00,23,M,west,65,40.36,2623.4,3,two_year,electronic_check,0,365.8,0,1,1,0
6360,2024-01-06 00:00:00,42,M,north,21,33.28,698.88,1,month-to-month,mailed_check,3,349.2,1,1,0,0
6361,2024-04-01 00:00:00,49,M,west,63,90.58,5706.54,1,one_year,bank_transfer,3,318.7,0,0,1,0
6362,2024-11-15 00:00:00,53,M,east,43,52.04,2237.72,4,two_year,credit_card,0,413.9,0,0,1,1
6363,2024-07-08 00:00:00,25,M,south,4,113.14,452.56,5,month-to-month,mailed_check,0,411.5,0,1,1,0
6364,2023-07-07 00:00:00,65,F,south,54,106.85,5769.9,5,month-to-month,bank_transfer,2,220.4,1,0,1,0
6365,2024-08-18 00:00:00,44,M,north,14,65.12,911.68,5,one_year,bank_transfer,0,258.1,0,1,0,0
6366,2023-12-25 00:00:00,49,M,west,37,78.05,2887.85,5,month-to-month,mailed_check,0,208.9,0,1,1,0
6367,2024-08-26 00:00:00,20,M,west,69,104.71,7224.99,6,month-to-month,bank_transfer,1,306.7,1,1,0,0
6368,2023-05-07 00:00:00,61,M,north,56,107.14,5999.84,6,one_year,electronic_check,1,261.3,1,1,0,0
6369,2023-01-20 00:00:00,46,F,east,51,75.7,3860.7,3,month-to-month,electronic_check,1,148.2,1,1,0,0
6370,2023-02-12 00:00:00,29,F,east,5,117.19,585.95,5,month-to-month,mailed_check,3,211.5,0,1,0,1
6371,2024-12-24 00:00:00,34,M,north,62,72.1,4470.2,2,two_year,credit_card,4,282.4,0,0,0,0
6372,2023-02-28 00:00:00,36,M,east,24,24.11,578.64,5,one_year,credit_card,3,400.1,1,1,0,0
6373,2024-11-16 00:00:00,19,M,west,3,76.27,228.81,1,one_year,bank_transfer,4,67.4,0,0,0,0
6374,2024-06-14 00:00:00,67,F,south,70,97.7,6839.0,1,month-to-month,bank_transfer,0,281.1,0,1,0,0
6375,2023-04-17 00:00:00,60,F,east,13,118.49,1540.37,2,two_year,bank_transfer,0,469.2,1,0,0,0
6376,2024-09-22 00:00:00,64,F,west,23,30.54,702.42,4,month-to-month,mailed_check,0,204.3,0,0,0,0
6377,2023-04-16 00:00:00,36,M,south,10,64.05,640.5,6,month-to-month,electronic_check,2,34.3,1,0,1,0
6378,2023-04-15 00:00:00,47,F,north,45,78.66,3539.7,4,month-to-month,electronic_check,1,424.8,0,1,1,0
6379,2024-02-25 00:00:00,42,F,south,63,108.15,6813.45,4,one_year,electronic_check,0,106.1,0,0,0,0
6380,2023-07-30 00:00:00,43,F,north,37,91.59,3388.83,5,month-to-month,credit_card,0,348.7,1,1,1,0
6381,2023-08-01 00:00:00,49,M,south,63,43.12,2716.56,6,month-to-month,bank_transfer,2,230.9,0,1,1,0
6382,2023-05-23 00:00:00,41,M,east,68,105.94,7203.92,4,month-to-month,bank_transfer,1,470.4,0,1,1,0
6383,2024-03-19 00:00:00,58,M,north,63,86.42,5444.46,5,one_year,credit_card,1,386.9,1,1,0,0
6384,2023-01-20 00:00:00,21,M,east,11,109.52,1204.72,3,month-to-month,bank_transfer,2,401.0,0,1,1,0
6385,2023-06-28 00:00:00,28,F,west,15,103.44,1551.6,6,one_year,bank_transfer,2,300.5,0,0,1,0
6386,2024-02-09 00:00:00,65,M,south,21,32.93,691.53,3,month-to-month,bank_transfer,2,69.7,1,0,1,0
6387,2023-12-22 00:00:00,64,M,west,46,116.05,5338.3,6,month-to-month,electronic_check,0,84.7,0,1,0,1
6388,2024-05-25 00:00:00,61,F,south,62,65.43,4056.66,6,month-to-month,electronic_check,2,22.1,0,0,0,0
6389,2023-06-07 00:00:00,37,M,east,22,118.26,2601.72,6,two_year,mailed_check,1,314.7,1,1,0,0
6390,2024-04-17 00:00:00,42,F,north,48,38.7,1857.6,2,one_year,electronic_check,0,345.1,0,1,1,0
6391,2024-07-08 00:00:00,19,F,south,13,99.33,1291.29,3,month-to-month,bank_transfer,0,103.0,0,1,1,0
6392,2023-10-11 00:00:00,32,F,west,39,50.49,1969.11,5,month-to-month,credit_card,1,429.5,1,1,0,0
6393,2023-07-07 00:00:00,56,F,east,56,24.48,1370.88,6,month-to-month,credit_card,2,176.7,0,1,0,0
6394,2024-02-10 00:00:00,36,M,east,28,119.4,3343.2,4,month-to-month,electronic_check,0,109.6,0,1,0,0
6395,2024-02-27 00:00:00,43,M,east,11,50.35,553.85,5,one_year,electronic_check,1,375.4,1,1,1,0
6396,2023-03-10 00:00:00,24,F,north,30,28.05,841.5,3,month-to-month,credit_card,1,313.3,1,1,0,0
6397,2024-02-17 00:00:00,44,M,west,55,106.05,5832.75,6,two_year,credit_card,1,99.8,0,1,0,0
6398,2023-04-23 00:00:00,56,M,south,68,63.2,4297.6,3,month-to-month,electronic_check,2,416.3,0,0,1,0
6399,2024-02-20 00:00:00,48,F,north,44,77.65,3416.6,4,month-to-month,credit_card,0,52.5,0,1,1,0
6400,2024-11-11 00:00:00,47,M,west,48,118.48,5687.04,4,month-to-month,credit_card,2,95.0,1,1,0,0
6401,2024-01-28 00:00:00,66,M,north,30,68.07,2042.1,6,month-to-month,electronic_check,0,383.7,1,1,1,0
6402,2024-07-09 00:00:00,30,M,west,67,26.71,1789.57,5,two_year,mailed_check,1,270.3,0,1,0,0
6403,2023-08-15 00:00:00,33,M,south,63,89.12,5614.56,6,month-to-month,credit_card,1,216.5,0,1,0,0
6404,2024-11-04 00:00:00,51,F,north,70,91.06,6374.2,1,one_year,bank_transfer,1,76.0,0,0,1,0
6405,2024-08-16 00:00:00,43,M,north,63,39.42,2483.46,2,month-to-month,bank_transfer,1,44.8,1,1,0,0
6406,2024-10-31 00:00:00,69,M,east,39,74.54,2907.06,6,month-to-month,credit_card,0,217.5,1,0,1,0
6407,2024-06-25 00:00:00,21,M,east,70,56.92,3984.4,1,month-to-month,credit_card,0,491.9,0,1,1,0
6408,2024-04-19 00:00:00,24,F,north,44,24.99,1099.56,5,month-to-month,electronic_check,3,311.2,1,1,1,0
6409,2024-01-19 00:00:00,36,M,south,43,51.16,2199.88,4,month-to-month,mailed_check,2,158.9,0,1,0,0
6410,2024-11-08 00:00:00,42,M,north,47,110.95,5214.65,3,month-to-month,credit_card,3,499.6,0,0,0,0
6411,2024-09-11 00:00:00,65,F,east,13,50.02,650.26,1,two_year,electronic_check,2,498.9,1,0,1,0
6412,2023-11-01 00:00:00,44,M,west,61,42.31,2580.91,1,one_year,electronic_check,1,168.9,0,0,1,0
6413,2023-03-04 00:00:00,41,F,south,26,114.09,2966.34,6,month-to-month,credit_card,1,108.8,0,0,1,0
6414,2023-01-03 00:00:00,26,M,west,48,58.23,2795.04,1,one_year,bank_transfer,0,97.1,1,1,0,0
6415,2023-06-20 00:00:00,41,M,south,61,114.06,6957.66,5,month-to-month,electronic_check,0,293.9,0,0,1,0
6416,2023-02-15 00:00:00,46,M,north,8,108.02,864.16,1,one_year,electronic_check,1,157.1,1,1,0,0
6417,2023-06-04 00:00:00,48,F,south,21,67.05,1408.05,3,two_year,credit_card,2,389.9,1,1,0,0
6418,2023-03-21 00:00:00,50,M,west,68,58.5,3978.0,1,month-to-month,electronic_check,1,177.2,0,1,0,0
6419,2024-12-17 00:00:00,40,M,west,26,33.77,878.02,4,two_year,electronic_check,3,304.5,1,0,0,0
6420,2023-03-11 00:00:00,26,F,east,48,39.06,1874.88,1,month-to-month,credit_card,1,124.4,1,0,0,0
6421,2024-04-02 00:00:00,26,M,south,40,43.24,1729.6,4,month-to-month,credit_card,1,240.5,0,1,0,0
6422,2023-09-14 00:00:00,26,F,west,63,67.04,4223.52,6,one_year,mailed_check,0,329.0,0,1,1,0
6423,2023-05-08 00:00:00,50,F,east,37,57.21,2116.77,5,one_year,bank_transfer,2,495.3,0,0,1,0
6424,2024-05-26 00:00:00,63,F,west,31,100.04,3101.24,4,month-to-month,mailed_check,0,152.1,1,0,1,0
6425,2024-12-09 00:00:00,64,M,east,1,49.67,49.67,6,month-to-month,electronic_check,0,377.5,1,0,1,1
6426,2024-07-31 00:00:00,34,M,east,34,62.45,2123.3,5,month-to-month,credit_card,3,302.7,1,1,1,0
6427,2024-12-12 00:00:00,22,F,west,42,32.27,1355.34,5,month-to-month,mailed_check,1,377.5,0,0,1,0
6428,2024-03-06 00:00:00,51,M,west,50,47.12,2356.0,4,month-to-month,bank_transfer,1,306.3,1,1,1,1
6429,2024-05-06 00:00:00,20,M,east,56,98.3,5504.8,3,month-to-month,mailed_check,2,54.1,1,1,1,0
6430,2023-04-17 00:00:00,51,F,north,56,90.71,5079.76,4,two_year,mailed_check,2,118.9,1,0,1,0
6431,2024-09-14 00:00:00,38,F,south,33,60.22,1987.26,1,one_year,electronic_check,0,356.3,0,1,0,0
6432,2024-06-29 00:00:00,62,M,east,5,77.75,388.75,6,two_year,mailed_check,0,371.1,0,1,1,0
6433,2023-07-05 00:00:00,51,M,east,18,65.83,1184.94,6,month-to-month,bank_transfer,0,314.8,1,0,1,1
6434,2023-09-17 00:00:00,57,F,south,29,109.52,3176.08,2,month-to-month,credit_card,1,98.9,0,0,0,0
6435,2024-03-21 00:00:00,39,F,north,71,59.47,4222.37,5,month-to-month,credit_card,1,53.8,0,1,1,0
6436,2023-01-10 00:00:00,62,M,west,56,92.21,5163.76,5,one_year,electronic_check,1,368.1,1,0,0,0
6437,2024-08-20 00:00:00,45,M,west,65,41.85,2720.25,6,one_year,mailed_check,2,318.7,0,0,0,0
6438,2023-07-24 00:00:00,51,M,north,72,63.41,4565.52,6,month-to-month,mailed_check,1,279.2,1,0,1,0
6439,2023-02-24 00:00:00,37,M,south,9,72.93,656.37,5,two_year,bank_transfer,1,9.5,0,0,0,0
6440,2023-08-30 00:00:00,41,M,south,0,30.46,0.0,6,month-to-month,credit_card,0,309.7,0,0,0,1
6441,2024-09-02 00:00:00,62,F,west,41,78.74,3228.34,2,month-to-month,bank_transfer,1,389.5,1,0,0,0
6442,2023-07-20 00:00:00,38,M,west,19,77.47,1471.93,3,month-to-month,electronic_check,0,232.2,1,0,0,0
6443,2024-01-29 00:00:00,19,M,south,63,35.88,2260.44,1,month-to-month,bank_transfer,0,25.5,1,0,1,0
6444,2024-08-15 00:00:00,38,F,south,33,119.86,3955.38,6,month-to-month,electronic_check,2,144.9,0,1,0,1
6445,2023-01-25 00:00:00,38,M,south,0,29.25,0.0,2,two_year,electronic_check,3,87.1,1,1,0,0
6446,2024-07-08 00:00:00,40,M,north,16,109.53,1752.48,4,one_year,electronic_check,0,309.2,1,1,1,0
6447,2023-07-30 00:00:00,21,F,south,24,69.15,1659.6,1,month-to-month,mailed_check,0,60.9,0,0,0,0
6448,2024-05-22 00:00:00,24,M,south,1,42.27,42.27,2,month-to-month,mailed_check,1,20.5,1,1,0,0
6449,2023-05-18 00:00:00,35,F,north,23,31.28,719.44,5,month-to-month,mailed_check,3,409.1,1,1,0,0
6450,2023-04-12 00:00:00,40,M,east,39,89.94,3507.66,2,two_year,bank_transfer,1,461.0,0,0,0,0
6451,2024-07-29 00:00:00,19,M,west,65,95.45,6204.25,4,two_year,electronic_check,1,422.0,1,0,0,0
6452,2024-08-12 00:00:00,38,F,south,47,87.34,4104.98,3,month-to-month,mailed_check,3,291.8,0,0,0,0
6453,2024-12-17 00:00:00,34,M,south,6,61.99,371.94,4,two_year,electronic_check,0,178.3,0,0,0,0
6454,2024-05-09 00:00:00,19,F,south,30,37.26,1117.8,2,month-to-month,mailed_check,0,40.2,0,0,0,0
6455,2023-12-07 00:00:00,31,M,north,56,98.95,5541.2,3,two_year,mailed_check,1,195.2,1,1,0,0
6456,2023-05-23 00:00:00,32,F,east,27,107.12,2892.24,1,month-to-month,electronic_check,1,91.8,1,1,1,0
6457,2023-08-04 00:00:00,25,M,south,41,59.19,2426.79,4,two_year,mailed_check,1,404.1,1,1,0,0
6458,2024-04-18 00:00:00,57,F,west,71,104.12,7392.52,1,two_year,bank_transfer,1,416.8,1,1,1,0
6459,2023-09-10 00:00:00,21,F,south,10,83.56,835.6,5,month-to-month,electronic_check,2,234.8,1,1,0,1
6460,2023-12-19 00:00:00,48,M,west,34,72.7,2471.8,6,month-to-month,bank_transfer,0,153.7,1,0,1,0
6461,2023-05-03 00:00:00,53,M,south,44,81.06,3566.64,3,month-to-month,electronic_check,0,349.6,1,1,0,1
6462,2023-11-17 00:00:00,60,M,north,58,30.78,1785.24,6,month-to-month,bank_transfer,1,313.7,1,0,0,1
6463,2023-06-23 00:00:00,46,F,south,61,32.54,1984.94,3,month-to-month,electronic_check,1,290.5,0,1,1,0
6464,2023-03-23 00:00:00,46,M,west,20,92.67,1853.4,6,month-to-month,credit_card,1,462.8,0,0,1,1
6465,2023-04-07 00:00:00,58,F,south,34,116.99,3977.66,4,month-to-month,electronic_check,3,139.9,1,0,1,0
6466,2024-01-14 00:00:00,63,M,west,60,70.78,4246.8,4,month-to-month,credit_card,0,165.5,1,1,1,0
6467,2023-09-25 00:00:00,29,M,east,61,25.4,1549.4,3,two_year,electronic_check,1,27.3,0,0,0,0
6468,2023-03-14 00:00:00,60,F,east,60,26.81,1608.6,6,month-to-month,bank_transfer,1,109.9,0,0,0,0
6469,2024-01-11 00:00:00,42,M,west,48,66.74,3203.52,5,month-to-month,electronic_check,3,234.8,0,0,1,0
6470,2023-04-30 00:00:00,23,M,east,19,85.77,1629.63,3,month-to-month,electronic_check,2,410.3,1,1,0,1
6471,2023-01-12 00:00:00,50,F,east,26,35.49,922.74,5,two_year,electronic_check,2,94.5,0,0,0,0
6472,2023-04-07 00:00:00,69,F,north,47,23.3,1095.1,3,month-to-month,electronic_check,2,261.5,1,1,0,0
6473,2023-11-24 00:00:00,25,M,east,18,92.95,1673.1,6,month-to-month,mailed_check,1,154.5,0,0,0,0
6474,2024-11-27 00:00:00,18,M,east,49,34.61,1695.89,3,month-to-month,bank_transfer,2,392.7,1,0,0,0
6475,2023-06-26 00:00:00,66,M,north,37,63.82,2361.34,5,month-to-month,mailed_check,0,319.0,0,0,1,0
6476,2023-07-27 00:00:00,49,F,east,32,93.41,2989.12,2,two_year,bank_transfer,1,27.4,1,0,1,0
6477,2023-06-27 00:00:00,29,M,east,25,32.53,813.25,4,month-to-month,electronic_check,0,81.4,0,0,0,0
6478,2023-09-17 00:00:00,60,F,south,56,64.28,3599.68,4,month-to-month,bank_transfer,2,381.9,0,0,1,0
6479,2024-06-07 00:00:00,38,F,north,33,31.15,1027.95,4,month-to-month,bank_transfer,2,339.2,1,1,0,1
6480,2023-08-24 00:00:00,35,F,north,22,54.75,1204.5,3,month-to-month,electronic_check,0,58.1,1,1,0,0
6481,2024-04-25 00:00:00,33,M,north,28,111.24,3114.72,1,month-to-month,bank_transfer,1,150.9,0,1,0,1
6482,2024-10-17 00:00:00,49,M,north,35,88.61,3101.35,6,month-to-month,electronic_check,0,136.0,0,0,0,0
6483,2024-11-21 00:00:00,25,M,north,45,22.31,1003.95,2,one_year,mailed_check,0,235.7,1,0,1,0
6484,2024-02-15 00:00:00,37,M,east,72,33.45,2408.4,2,month-to-month,credit_card,1,13.0,0,0,0,0
6485,2024-06-04 00:00:00,34,M,south,24,49.38,1185.12,5,month-to-month,bank_transfer,2,265.1,1,0,1,0
6486,2024-11-01 00:00:00,21,F,north,13,109.55,1424.15,1,one_year,mailed_check,4,83.2,1,1,1,0
6487,2024-07-28 00:00:00,58,M,north,71,94.71,6724.41,5,one_year,mailed_check,0,367.2,0,0,0,0
6488,2023-08-07 00:00:00,18,M,east,10,81.75,817.5,3,month-to-month,bank_transfer,1,274.0,1,1,0,0
6489,2023-04-07 00:00:00,68,F,west,65,35.26,2291.9,5,one_year,mailed_check,2,393.6,0,1,1,0
6490,2023-03-25 00:00:00,23,F,west,10,112.89,1128.9,2,two_year,credit_card,0,315.0,1,1,1,0
6491,2024-10-05 00:00:00,36,M,west,26,100.81,2621.06,5,two_year,credit_card,1,454.7,0,1,0,0
6492,2024-02-11 00:00:00,23,F,south,72,43.94,3163.68,6,month-to-month,electronic_check,1,477.4,1,0,1,0
6493,2023-08-05 00:00:00,37,F,east,12,60.43,725.16,4,two_year,mailed_check,1,311.3,0,0,1,0
6494,2023-09-10 00:00:00,50,M,north,11,62.84,691.24,4,one_year,bank_transfer,0,313.7,0,1,1,0
6495,2023-07-25 00:00:00,22,F,north,44,78.75,3465.0,4,one_year,bank_transfer,1,177.7,0,0,0,0
6496,2024-08-08 00:00:00,45,M,north,13,57.48,747.24,3,one_year,electronic_check,4,467.0,0,0,1,1
6497,2024-03-23 00:00:00,58,M,north,1,41.0,41.0,4,month-to-month,credit_card,2,407.4,1,0,1,0
6498,2024-10-03 00:00:00,42,M,south,50,86.7,4335.0,4,one_year,bank_transfer,2,124.7,1,1,1,0
6499,2023-08-09 00:00:00,23,M,north,70,87.76,6143.2,1,one_year,electronic_check,3,131.9,1,0,0,0
6500,2023-12-11 00:00:00,54,F,west,55,64.24,3533.2,3,two_year,electronic_check,2,370.9,1,0,1,0
6501,2023-03-30 00:00:00,27,F,east,70,68.67,4806.9,4,month-to-month,bank_transfer,1,175.5,1,1,0,0
6502,2024-12-10 00:00:00,18,M,east,38,25.07,952.66,2,two_year,bank_transfer,0,411.3,0,0,0,0
6503,2024-01-09 00:00:00,41,F,north,44,65.61,2886.84,3,month-to-month,electronic_check,0,458.3,0,1,0,0
6504,2024-02-08 00:00:00,32,M,west,71,100.04,7102.84,3,two_year,electronic_check,0,57.7,0,0,1,0
6505,2023-10-29 00:00:00,19,M,north,36,79.15,2849.4,4,one_year,electronic_check,1,260.4,1,0,0,1
6506,2023-07-17 00:00:00,59,F,west,2,112.07,224.14,2,one_year,mailed_check,2,443.9,1,1,1,0
6507,2024-11-23 00:00:00,49,M,east,17,91.65,1558.05,6,one_year,bank_transfer,1,275.8,1,0,0,0
6508,2023-12-23 00:00:00,66,F,north,45,97.76,4399.2,4,two_year,electronic_check,1,72.8,0,1,1,0
6509,2024-05-07 00:00:00,43,M,north,62,65.84,4082.08,4,month-to-month,bank_transfer,3,395.7,0,0,1,0
6510,2023-01-28 00:00:00,41,F,east,44,37.34,1642.96,5,month-to-month,electronic_check,1,102.7,1,1,0,0
6511,2023-07-21 00:00:00,62,M,west,29,111.22,3225.38,1,two_year,credit_card,0,247.7,1,1,1,0
6512,2024-08-09 00:00:00,22,M,south,23,85.92,1976.16,2,month-to-month,credit_card,0,483.9,0,1,0,0
6513,2023-03-06 00:00:00,37,F,north,49,110.95,5436.55,2,one_year,electronic_check,2,444.8,1,0,1,0
6514,2023-03-16 00:00:00,60,M,south,65,81.75,5313.75,4,month-to-month,credit_card,2,304.8,1,0,1,0
6515,2024-08-14 00:00:00,33,M,south,20,65.45,1309.0,3,two_year,bank_transfer,0,78.5,1,0,1,0
6516,2023-08-14 00:00:00,64,F,south,40,33.47,1338.8,5,two_year,credit_card,1,193.1,0,0,0,0
6517,2023-07-19 00:00:00,33,M,west,31,59.77,1852.87,6,month-to-month,mailed_check,1,118.6,1,0,1,0
6518,2024-02-17 00:00:00,39,M,south,17,79.76,1355.92,3,one_year,credit_card,0,338.0,0,0,0,0
6519,2023-05-23 00:00:00,65,M,north,29,113.08,3279.32,2,month-to-month,mailed_check,0,380.6,1,0,0,0
6520,2023-02-01 00:00:00,30,F,east,6,102.93,617.58,3,one_year,electronic_check,1,312.1,0,0,1,0
6521,2023-01-04 00:00:00,69,F,east,38,71.31,2709.78,3,month-to-month,credit_card,1,304.1,1,0,0,1
6522,2023-02-27 00:00:00,20,F,east,7,64.8,453.6,3,month-to-month,credit_card,0,156.5,1,0,1,0
6523,2023-04-26 00:00:00,32,F,east,34,23.33,793.22,3,month-to-month,electronic_check,2,226.3,1,0,1,0
6524,2024-05-23 00:00:00,49,M,south,65,55.12,3582.8,3,month-to-month,mailed_check,4,491.2,1,0,1,1
6525,2023-08-06 00:00:00,49,M,south,10,118.13,1181.3,3,one_year,credit_card,0,454.5,1,0,1,0
6526,2023-02-22 00:00:00,66,M,north,18,94.1,1693.8,3,month-to-month,mailed_check,1,356.4,0,0,1,0
6527,2023-01-11 00:00:00,68,F,north,52,72.47,3768.44,3,two_year,mailed_check,2,433.7,0,1,0,0
6528,2023-12-15 00:00:00,53,M,east,66,106.23,7011.18,2,two_year,electronic_check,3,354.0,1,1,0,0
6529,2024-09-05 00:00:00,52,F,south,69,22.31,1539.39,4,one_year,mailed_check,2,319.5,0,1,1,0
6530,2023-09-05 00:00:00,34,F,east,8,115.76,926.08,3,two_year,mailed_check,2,378.5,0,0,1,0
6531,2023-02-16 00:00:00,60,F,west,17,89.97,1529.49,2,two_year,bank_transfer,2,123.5,1,0,1,0
6532,2023-06-16 00:00:00,52,M,east,71,21.33,1514.43,5,one_year,mailed_check,1,482.0,1,0,0,0
6533,2023-12-31 00:00:00,19,M,north,36,90.55,3259.8,6,one_year,bank_transfer,2,217.1,1,0,1,0
6534,2023-05-18 00:00:00,62,F,north,60,28.31,1698.6,3,month-to-month,electronic_check,0,22.0,1,1,0,0
6535,2024-12-15 00:00:00,37,F,north,1,83.96,83.96,4,two_year,bank_transfer,2,93.8,0,0,0,0
6536,2024-07-11 00:00:00,43,M,south,8,50.09,400.72,6,one_year,electronic_check,3,331.1,0,0,1,0
6537,2023-09-09 00:00:00,43,F,north,14,41.21,576.94,2,month-to-month,bank_transfer,0,332.4,1,0,1,0
6538,2024-11-25 00:00:00,61,F,west,6,82.81,496.86,2,month-to-month,credit_card,0,271.0,1,0,1,1
6539,2023-08-26 00:00:00,32,M,south,65,63.4,4121.0,3,month-to-month,bank_transfer,2,251.1,1,0,1,0
6540,2023-04-13 00:00:00,38,F,east,58,26.45,1534.1,3,one_year,electronic_check,2,316.9,0,1,1,0
6541,2024-11-15 00:00:00,20,M,north,28,102.23,2862.44,3,two_year,credit_card,2,360.7,1,0,1,0
6542,2024-12-01 00:00:00,36,F,north,5,46.61,233.05,4,month-to-month,electronic_check,2,100.9,1,1,1,0
6543,2023-08-17 00:00:00,22,M,north,7,81.82,572.74,2,month-to-month,electronic_check,2,102.8,1,1,1,0
6544,2024-03-10 00:00:00,48,M,south,19,80.94,1537.86,4,two_year,credit_card,0,18.1,0,1,0,0
6545,2023-05-07 00:00:00,65,M,south,53,25.62,1357.86,1,month-to-month,electronic_check,1,302.0,1,0,1,0
6546,2024-04-13 00:00:00,42,F,south,58,119.73,6944.34,6,one_year,mailed_check,1,186.6,1,1,0,0
6547,2024-05-18 00:00:00,66,F,west,39,64.77,2526.03,2,month-to-month,credit_card,2,468.3,0,1,1,0
6548,2024-06-02 00:00:00,69,M,east,66,40.54,2675.64,2,month-to-month,electronic_check,0,167.6,1,1,1,0
6549,2024-02-20 00:00:00,20,M,east,67,63.67,4265.89,1,month-to-month,bank_transfer,2,282.4,1,1,1,0
6550,2024-05-29 00:00:00,45,M,north,56,80.31,4497.36,3,month-to-month,bank_transfer,1,173.0,1,0,0,0
6551,2024-02-10 00:00:00,45,M,south,5,20.3,101.5,6,one_year,mailed_check,0,178.1,1,1,0,0
6552,2024-08-21 00:00:00,38,F,east,64,50.01,3200.64,4,month-to-month,mailed_check,2,181.4,0,1,0,0
6553,2023-05-12 00:00:00,62,M,east,66,73.63,4859.58,5,one_year,mailed_check,1,305.1,1,1,1,0
6554,2023-12-19 00:00:00,38,F,west,40,89.45,3578.0,4,two_year,credit_card,1,183.3,1,1,0,0
6555,2023-10-31 00:00:00,20,F,south,43,51.33,2207.19,3,two_year,credit_card,4,73.9,0,0,0,0
6556,2024-01-25 00:00:00,47,M,south,56,60.39,3381.84,5,month-to-month,mailed_check,1,82.5,0,0,0,0
6557,2023-04-14 00:00:00,28,F,west,43,42.12,1811.16,3,month-to-month,bank_transfer,1,263.6,0,0,0,0
6558,2023-08-25 00:00:00,36,F,south,25,49.3,1232.5,5,month-to-month,mailed_check,1,217.0,0,1,1,0
6559,2024-11-27 00:00:00,44,F,east,50,88.74,4437.0,6,one_year,bank_transfer,1,436.5,0,1,1,0
6560,2023-03-18 00:00:00,56,F,north,57,53.73,3062.61,1,month-to-month,electronic_check,1,21.0,0,1,0,0
6561,2024-04-08 00:00:00,32,M,north,10,47.96,479.6,2,two_year,electronic_check,4,132.4,1,1,1,0
6562,2024-04-30 00:00:00,38,M,north,49,49.86,2443.14,5,one_year,electronic_check,1,346.0,0,1,0,0
6563,2023-12-13 00:00:00,21,F,south,12,81.26,975.12,1,month-to-month,bank_transfer,2,342.1,0,0,0,1
6564,2023-01-25 00:00:00,38,M,west,41,76.08,3119.28,5,month-to-month,electronic_check,2,38.3,1,0,1,0
6565,2023-01-26 00:00:00,48,F,north,7,60.69,424.83,2,one_year,mailed_check,1,123.4,0,1,0,0
6566,2023-07-21 00:00:00,50,F,west,72,83.23,5992.56,4,two_year,credit_card,1,114.0,0,1,1,0
6567,2023-03-16 00:00:00,33,M,west,48,84.28,4045.44,4,month-to-month,electronic_check,0,479.7,1,0,0,0
6568,2023-03-10 00:00:00,21,M,north,34,21.31,724.54,2,one_year,mailed_check,2,460.4,1,1,1,0
6569,2023-04-27 00:00:00,48,M,north,36,53.91,1940.76,6,month-to-month,electronic_check,1,491.0,1,0,1,0
6570,2023-05-20 00:00:00,52,F,west,45,44.43,1999.35,6,two_year,bank_transfer,2,73.2,1,0,1,0
6571,2024-09-04 00:00:00,22,M,east,9,102.91,926.19,2,one_year,electronic_check,1,347.7,0,1,0,1
6572,2024-04-11 00:00:00,44,M,north,37,47.54,1758.98,5,one_year,credit_card,1,261.3,0,0,0,0
6573,2023-01-23 00:00:00,23,F,west,52,51.73,2689.96,5,month-to-month,electronic_check,1,375.7,1,1,1,0
6574,2024-04-03 00:00:00,42,F,east,19,73.78,1401.82,2,two_year,credit_card,0,105.8,0,1,0,0
6575,2023-04-10 00:00:00,51,F,east,34,74.74,2541.16,5,one_year,electronic_check,0,14.9,1,0,0,0
6576,2023-11-04 00:00:00,56,F,east,24,101.1,2426.4,2,month-to-month,credit_card,1,56.6,0,0,0,0
6577,2023-01-28 00:00:00,55,M,north,11,58.79,646.69,2,one_year,electronic_check,1,252.8,0,0,0,0
6578,2023-03-07 00:00:00,58,F,south,71,48.12,3416.52,5,month-to-month,electronic_check,0,489.8,1,0,1,0
6579,2023-04-07 00:00:00,30,F,north,43,80.82,3475.26,1,two_year,credit_card,1,17.5,1,1,1,0
6580,2023-11-13 00:00:00,62,M,east,28,92.83,2599.24,6,one_year,electronic_check,1,293.6,1,0,0,0
6581,2023-12-05 00:00:00,36,M,west,24,119.26,2862.24,3,month-to-month,bank_transfer,2,98.8,1,0,0,1
6582,2023-09-15 00:00:00,37,M,east,49,81.83,4009.67,3,month-to-month,bank_transfer,2,36.2,0,1,1,0
6583,2024-03-28 00:00:00,59,F,east,7,69.07,483.49,5,two_year,mailed_check,0,312.0,1,1,0,0
6584,2024-06-09 00:00:00,35,F,north,41,33.31,1365.71,6,two_year,electronic_check,0,187.4,1,0,1,0
6585,2024-06-15 00:00:00,21,F,east,16,118.69,1899.04,5,month-to-month,credit_card,1,371.6,1,0,1,1
6586,2024-02-27 00:00:00,55,F,west,64,88.5,5664.0,3,one_year,bank_transfer,1,184.3,0,0,1,0
6587,2024-02-03 00:00:00,53,M,north,57,36.5,2080.5,5,month-to-month,credit_card,0,50.0,0,1,1,0
6588,2023-12-25 00:00:00,48,F,north,55,65.97,3628.35,3,month-to-month,bank_transfer,1,366.4,0,0,1,0
6589,2023-06-23 00:00:00,25,F,east,10,76.03,760.3,4,two_year,bank_transfer,0,326.5,1,0,1,0
6590,2023-12-22 00:00:00,51,M,north,5,41.69,208.45,5,one_year,bank_transfer,2,451.6,0,0,1,0
6591,2023-01-08 00:00:00,28,M,north,33,93.25,3077.25,4,month-to-month,electronic_check,1,348.3,1,1,1,0
6592,2024-12-06 00:00:00,47,F,west,25,85.03,2125.75,1,month-to-month,credit_card,0,6.4,1,0,1,0
6593,2023-09-28 00:00:00,44,F,north,52,43.37,2255.24,1,month-to-month,credit_card,2,414.5,0,1,0,0
6594,2024-07-06 00:00:00,58,M,south,51,118.98,6067.98,1,month-to-month,bank_transfer,0,276.5,1,0,0,0
6595,2024-11-29 00:00:00,69,F,south,28,114.87,3216.36,1,two_year,credit_card,2,5.7,1,0,0,0
6596,2023-12-29 00:00:00,28,M,south,11,46.55,512.05,5,month-to-month,electronic_check,1,401.2,0,0,0,1
6597,2024-09-21 00:00:00,24,M,south,23,64.18,1476.14,2,month-to-month,electronic_check,0,385.3,0,0,0,0
6598,2023-12-16 00:00:00,47,F,south,36,109.48,3941.28,2,two_year,electronic_check,0,499.8,0,0,1,0
6599,2023-04-07 00:00:00,68,M,west,18,60.63,1091.34,2,month-to-month,bank_transfer,1,241.4,0,1,0,1
6600,2023-01-20 00:00:00,26,F,north,23,115.48,2656.04,2,month-to-month,mailed_check,4,389.4,0,1,1,1
6601,2023-04-10 00:00:00,43,F,north,17,40.04,680.68,6,one_year,electronic_check,2,356.6,1,0,1,0
6602,2024-11-19 00:00:00,39,M,south,4,92.4,369.6,1,month-to-month,bank_transfer,2,247.5,1,1,1,0
6603,2023-12-13 00:00:00,34,M,west,43,79.95,3437.85,2,month-to-month,electronic_check,2,87.0,0,1,0,0
6604,2023-08-21 00:00:00,53,M,south,72,54.62,3932.64,2,one_year,mailed_check,1,222.1,0,0,0,0
6605,2023-11-22 00:00:00,33,M,north,69,91.78,6332.82,1,two_year,electronic_check,2,78.2,1,1,1,0
6606,2023-07-06 00:00:00,44,F,east,67,22.42,1502.14,2,two_year,electronic_check,1,152.3,1,1,0,0
6607,2024-09-27 00:00:00,62,M,east,48,43.09,2068.32,2,month-to-month,mailed_check,2,436.3,1,0,0,0
6608,2024-12-30 00:00:00,38,F,south,54,46.13,2491.02,3,one_year,electronic_check,1,126.7,1,0,1,0
6609,2023-03-03 00:00:00,19,M,north,4,31.75,127.0,1,one_year,mailed_check,1,413.2,1,1,0,1
6610,2024-06-08 00:00:00,64,M,west,14,23.4,327.6,6,month-to-month,mailed_check,1,16.2,1,1,0,0
6611,2023-09-02 00:00:00,32,F,west,51,55.29,2819.79,5,month-to-month,credit_card,1,244.3,0,1,1,0
6612,2023-02-04 00:00:00,58,M,west,72,41.83,3011.76,4,one_year,electronic_check,0,370.4,0,0,1,0
6613,2024-11-04 00:00:00,58,F,west,66,33.29,2197.14,4,month-to-month,electronic_check,1,432.8,1,0,1,0
6614,2023-02-15 00:00:00,45,F,south,46,35.73,1643.58,5,two_year,bank_transfer,0,12.6,1,1,0,0
6615,2023-05-31 00:00:00,22,F,south,7,102.63,718.41,6,month-to-month,electronic_check,1,398.2,0,0,1,1
6616,2023-01-19 00:00:00,68,M,west,70,29.49,2064.3,1,month-to-month,mailed_check,1,445.6,0,1,1,0
6617,2023-12-11 00:00:00,54,M,south,23,92.49,2127.27,4,two_year,bank_transfer,1,76.7,0,0,0,1
6618,2024-03-13 00:00:00,40,F,west,3,25.4,76.2,2,two_year,electronic_check,1,26.2,0,1,0,0
6619,2023-08-23 00:00:00,63,M,east,56,24.06,1347.36,3,month-to-month,credit_card,0,102.1,1,1,0,0
6620,2023-02-22 00:00:00,59,F,west,12,64.22,770.64,6,one_year,mailed_check,1,118.4,0,0,0,0
6621,2023-03-26 00:00:00,58,F,north,22,58.19,1280.18,4,two_year,bank_transfer,3,95.1,1,1,1,0
6622,2024-11-12 00:00:00,26,F,east,49,74.57,3653.93,4,month-to-month,credit_card,4,295.4,0,1,1,0
6623,2024-08-11 00:00:00,51,F,west,70,90.26,6318.2,1,one_year,credit_card,1,126.5,1,0,0,0
6624,2024-11-14 00:00:00,33,F,north,66,50.98,3364.68,5,one_year,electronic_check,1,360.6,0,1,1,0
6625,2024-01-23 00:00:00,22,M,east,11,39.44,433.84,5,month-to-month,mailed_check,1,257.5,0,1,0,1
6626,2024-02-03 00:00:00,35,F,north,12,102.21,1226.52,3,two_year,mailed_check,0,228.2,1,0,1,0
6627,2024-07-27 00:00:00,23,F,west,59,36.53,2155.27,3,two_year,mailed_check,2,434.0,1,1,1,0
6628,2024-03-26 00:00:00,23,M,west,23,99.85,2296.55,4,month-to-month,bank_transfer,2,297.9,1,0,1,0
6629,2023-11-15 00:00:00,56,F,north,5,78.71,393.55,5,month-to-month,mailed_check,2,132.2,1,1,1,0
6630,2023-08-02 00:00:00,44,M,east,42,48.94,2055.48,4,two_year,mailed_check,0,44.7,1,1,1,0
6631,2023-12-21 00:00:00,39,M,south,47,51.43,2417.21,6,month-to-month,bank_transfer,0,269.4,1,1,1,0
6632,2023-02-16 00:00:00,28,F,west,72,57.06,4108.32,2,month-to-month,electronic_check,3,373.7,1,1,1,0
6633,2023-05-21 00:00:00,58,F,south,35,79.11,2768.85,5,one_year,bank_transfer,2,337.1,0,1,1,0
6634,2024-06-22 00:00:00,51,M,east,58,117.96,6841.68,5,one_year,electronic_check,3,402.4,1,0,1,0
6635,2024-09-25 00:00:00,49,F,north,39,51.83,2021.37,5,month-to-month,bank_transfer,1,389.3,0,1,1,0
6636,2023-03-16 00:00:00,28,M,north,67,114.19,7650.73,3,month-to-month,electronic_check,3,259.8,0,0,1,0
6637,2023-03-12 00:00:00,24,M,west,35,40.51,1417.85,3,two_year,bank_transfer,0,132.4,1,1,0,0
6638,2023-03-04 00:00:00,24,M,south,49,31.3,1533.7,3,two_year,electronic_check,0,412.3,1,1,0,0
6639,2024-07-31 00:00:00,19,F,west,70,73.21,5124.7,2,month-to-month,bank_transfer,3,219.8,0,1,1,0
6640,2023-08-16 00:00:00,69,M,west,64,117.65,7529.6,1,month-to-month,bank_transfer,0,69.5,0,1,1,0
6641,2023-08-27 00:00:00,37,M,west,29,68.49,1986.21,2,month-to-month,mailed_check,2,446.5,1,0,0,0
6642,2023-01-10 00:00:00,52,F,north,37,99.99,3699.63,4,month-to-month,bank_transfer,1,102.8,1,0,0,0
6643,2024-12-10 00:00:00,70,M,north,43,67.25,2891.75,2,month-to-month,credit_card,0,83.3,1,0,0,0
6644,2023-11-13 00:00:00,67,M,east,9,105.0,945.0,5,one_year,electronic_check,1,95.5,0,0,0,0
6645,2024-08-05 00:00:00,34,M,west,17,101.27,1721.59,5,month-to-month,bank_transfer,2,103.9,1,0,1,0
6646,2024-05-31 00:00:00,43,F,west,51,88.62,4519.62,3,two_year,mailed_check,1,138.4,1,0,1,0
6647,2023-04-14 00:00:00,42,F,east,5,81.54,407.7,3,two_year,bank_transfer,2,283.1,1,1,0,0
6648,2024-08-07 00:00:00,19,F,north,43,71.81,3087.83,6,one_year,credit_card,0,106.4,1,1,1,0
6649,2024-02-06 00:00:00,58,M,east,35,115.68,4048.8,1,month-to-month,bank_transfer,0,432.4,0,0,1,0
6650,2024-03-17 00:00:00,48,M,south,35,75.74,2650.9,2,one_year,electronic_check,0,214.9,1,1,1,0
6651,2023-05-27 00:00:00,37,F,west,61,53.71,3276.31,5,month-to-month,mailed_check,1,236.4,1,0,1,0
6652,2024-09-10 00:00:00,47,M,east,20,108.22,2164.4,6,month-to-month,mailed_check,0,345.1,0,1,0,0
6653,2024-11-11 00:00:00,56,M,north,57,86.0,4902.0,3,one_year,electronic_check,1,28.2,0,0,0,0
6654,2023-10-24 00:00:00,18,M,west,57,75.82,4321.74,5,two_year,bank_transfer,1,157.7,1,0,0,0
6655,2023-03-09 00:00:00,52,M,west,72,88.22,6351.84,2,two_year,bank_transfer,3,343.1,0,0,0,0
6656,2024-09-11 00:00:00,63,M,east,59,54.89,3238.51,6,month-to-month,bank_transfer,0,191.6,0,1,1,0
6657,2024-10-09 00:00:00,56,F,west,37,62.09,2297.33,4,one_year,electronic_check,2,46.4,1,0,1,0
6658,2024-01-05 00:00:00,50,M,north,26,39.56,1028.56,5,month-to-month,bank_transfer,1,245.4,0,1,1,0
6659,2024-02-27 00:00:00,22,F,south,57,105.5,6013.5,2,one_year,mailed_check,0,108.7,1,1,0,0
6660,2023-06-12 00:00:00,57,M,north,67,86.56,5799.52,3,month-to-month,electronic_check,3,440.9,0,1,0,0
6661,2023-02-19 00:00:00,57,F,south,20,102.43,2048.6,5,one_year,mailed_check,1,59.6,1,1,0,0
6662,2024-11-20 00:00:00,44,F,south,26,51.74,1345.24,3,two_year,bank_transfer,0,38.0,0,1,0,0
6663,2023-12-19 00:00:00,48,F,south,36,119.54,4303.44,6,month-to-month,mailed_check,0,280.0,1,0,1,0
6664,2023-07-20 00:00:00,50,M,south,7,55.72,390.04,5,two_year,credit_card,0,100.3,1,1,1,0
6665,2024-05-21 00:00:00,24,F,east,22,55.37,1218.14,1,one_year,electronic_check,6,429.8,1,1,1,0
6666,2023-01-20 00:00:00,31,M,north,12,116.06,1392.72,6,one_year,mailed_check,0,89.0,0,1,0,0
6667,2023-02-28 00:00:00,59,F,south,56,85.51,4788.56,3,month-to-month,electronic_check,0,236.9,0,1,0,0
6668,2023-06-27 00:00:00,69,F,west,36,113.34,4080.24,4,month-to-month,electronic_check,2,375.9,1,0,1,0
6669,2023-11-25 00:00:00,32,F,east,44,82.31,3621.64,3,month-to-month,electronic_check,2,25.4,1,1,0,0
6670,2023-09-25 00:00:00,39,F,north,5,44.65,223.25,5,month-to-month,bank_transfer,2,499.8,1,1,1,0
6671,2023-05-17 00:00:00,66,F,south,41,59.07,2421.87,3,one_year,mailed_check,0,383.6,1,1,0,0
6672,2023-09-14 00:00:00,26,F,west,52,105.89,5506.28,3,month-to-month,mailed_check,2,168.0,1,1,0,0
6673,2023-09-01 00:00:00,31,M,north,50,68.95,3447.5,4,month-to-month,mailed_check,0,235.6,1,1,0,0
6674,2024-01-19 00:00:00,20,M,west,58,90.9,5272.2,2,two_year,electronic_check,1,77.8,1,0,1,0
6675,2024-02-15 00:00:00,30,F,south,8,36.65,293.2,3,one_year,electronic_check,3,196.8,0,0,1,0
6676,2024-10-06 00:00:00,51,F,east,40,59.98,2399.2,1,month-to-month,bank_transfer,2,157.3,0,0,0,0
6677,2024-08-11 00:00:00,36,M,south,35,103.95,3638.25,1,one_year,credit_card,1,153.7,0,0,0,0
6678,2023-08-02 00:00:00,70,M,east,65,114.1,7416.5,4,month-to-month,bank_transfer,2,385.3,0,0,1,0
6679,2024-10-20 00:00:00,65,F,west,50,52.43,2621.5,2,one_year,electronic_check,1,400.7,0,0,1,0
6680,2024-01-16 00:00:00,65,M,north,69,37.26,2570.94,5,month-to-month,mailed_check,1,183.0,0,1,0,0
6681,2023-05-18 00:00:00,56,M,south,1,22.34,22.34,5,month-to-month,mailed_check,2,58.0,1,0,0,1
6682,2023-09-06 00:00:00,55,M,east,32,32.74,1047.68,4,two_year,credit_card,1,21.7,0,1,0,0
6683,2024-06-25 00:00:00,45,M,south,51,103.57,5282.07,3,month-to-month,electronic_check,1,475.8,1,1,1,0
6684,2024-08-22 00:00:00,70,F,south,6,65.57,393.42,4,month-to-month,electronic_check,2,51.6,0,1,1,1
6685,2023-10-01 00:00:00,23,M,west,47,49.16,2310.52,5,month-to-month,credit_card,2,326.7,0,1,0,0
6686,2023-04-26 00:00:00,56,M,north,16,97.57,1561.12,3,month-to-month,electronic_check,0,45.2,1,1,0,0
6687,2023-05-21 00:00:00,25,M,north,5,99.34,496.7,3,two_year,credit_card,3,396.9,0,1,1,0
6688,2023-03-17 00:00:00,35,M,east,48,56.22,2698.56,2,month-to-month,bank_transfer,2,180.3,1,0,1,0
6689,2024-05-25 00:00:00,31,M,north,31,110.14,3414.34,2,month-to-month,mailed_check,1,164.7,0,0,1,0
6690,2024-01-03 00:00:00,49,M,north,29,66.31,1922.99,1,two_year,electronic_check,2,12.4,1,0,0,0
6691,2023-11-26 00:00:00,59,M,west,23,46.12,1060.76,1,month-to-month,credit_card,2,482.3,0,0,1,0
6692,2024-05-05 00:00:00,22,F,south,50,109.98,5499.0,1,month-to-month,electronic_check,0,242.1,1,0,0,0
6693,2024-08-27 00:00:00,49,M,north,45,35.3,1588.5,5,month-to-month,mailed_check,2,74.8,0,0,1,0
6694,2024-08-03 00:00:00,29,M,east,48,119.59,5740.32,4,two_year,electronic_check,1,63.6,1,0,1,0
6695,2023-04-11 00:00:00,22,M,south,57,81.33,4635.81,1,month-to-month,electronic_check,2,340.7,0,0,0,0
6696,2024-03-06 00:00:00,40,M,south,44,111.53,4907.32,5,one_year,bank_transfer,2,103.8,1,1,1,0
6697,2024-10-06 00:00:00,48,M,south,5,37.88,189.4,5,one_year,electronic_check,0,247.8,0,0,0,0
6698,2024-07-18 00:00:00,28,M,north,11,58.91,648.01,6,month-to-month,bank_transfer,3,96.8,0,1,0,0
6699,2023-08-29 00:00:00,38,M,west,72,107.33,7727.76,6,one_year,bank_transfer,0,191.7,1,1,1,0
6700,2023-10-14 00:00:00,68,M,north,20,103.71,2074.2,1,two_year,mailed_check,1,382.9,1,0,0,0
6701,2024-10-11 00:00:00,36,F,south,31,107.19,3322.89,4,one_year,bank_transfer,3,13.9,1,0,0,0
6702,2023-01-24 00:00:00,70,M,south,27,48.05,1297.35,5,two_year,electronic_check,1,114.2,0,0,1,0
6703,2024-01-19 00:00:00,62,M,east,72,81.76,5886.72,2,month-to-month,credit_card,3,460.7,0,1,0,0
6704,2023-03-26 00:00:00,37,F,east,60,58.96,3537.6,4,month-to-month,electronic_check,2,329.5,0,1,0,0
6705,2024-10-15 00:00:00,48,M,south,35,52.08,1822.8,1,one_year,bank_transfer,1,441.7,0,0,1,0
6706,2023-01-29 00:00:00,55,F,east,49,72.01,3528.49,2,month-to-month,credit_card,2,12.1,1,1,1,0
6707,2023-01-18 00:00:00,42,M,north,40,91.51,3660.4,6,month-to-month,bank_transfer,3,438.9,1,1,1,0
6708,2023-08-29 00:00:00,39,M,north,47,71.85,3376.95,5,month-to-month,electronic_check,1,390.7,1,0,1,0
6709,2023-05-27 00:00:00,35,F,west,69,43.05,2970.45,2,month-to-month,mailed_check,2,62.9,0,1,0,0
6710,2023-12-28 00:00:00,25,M,east,49,100.75,4936.75,6,two_year,credit_card,0,221.3,0,0,1,0
6711,2023-08-07 00:00:00,19,M,east,8,117.78,942.24,2,month-to-month,credit_card,1,193.8,0,0,1,0
6712,2023-09-18 00:00:00,35,F,west,36,56.29,2026.44,3,one_year,bank_transfer,1,432.0,1,1,1,0
6713,2024-02-17 00:00:00,60,F,west,59,104.93,6190.87,3,month-to-month,electronic_check,1,331.4,1,1,1,0
6714,2024-02-14 00:00:00,30,M,east,2,106.39,212.78,4,one_year,mailed_check,2,369.1,1,1,1,0
6715,2024-11-13 00:00:00,27,F,west,26,46.05,1197.3,2,month-to-month,credit_card,0,457.0,1,1,1,0
6716,2023-12-17 00:00:00,35,M,east,14,90.53,1267.42,2,month-to-month,electronic_check,2,156.6,0,1,0,0
6717,2024-02-16 00:00:00,49,F,north,52,113.84,5919.68,5,month-to-month,credit_card,1,34.1,0,0,1,0
6718,2024-05-09 00:00:00,29,M,east,10,93.99,939.9,2,month-to-month,mailed_check,2,217.7,1,0,1,0
6719,2023-05-08 00:00:00,29,F,west,45,23.0,1035.0,1,month-to-month,bank_transfer,2,469.7,0,1,1,0
6720,2024-05-01 00:00:00,23,M,west,4,80.45,321.8,1,one_year,electronic_check,1,337.8,0,0,0,0
6721,2024-09-21 00:00:00,35,F,east,67,97.85,6555.95,2,two_year,electronic_check,0,18.2,0,1,0,0
6722,2023-08-21 00:00:00,29,M,west,23,81.81,1881.63,1,one_year,electronic_check,0,492.0,1,1,0,0
6723,2023-05-11 00:00:00,62,F,north,29,22.87,663.23,1,month-to-month,credit_card,2,270.0,1,1,0,0
6724,2023-09-10 00:00:00,66,F,north,57,32.02,1825.14,5,one_year,bank_transfer,3,198.0,0,0,1,0
6725,2023-07-20 00:00:00,37,F,south,27,100.16,2704.32,4,month-to-month,bank_transfer,1,247.3,1,1,0,0
6726,2024-03-03 00:00:00,22,F,north,8,68.81,550.48,1,one_year,credit_card,3,268.6,1,0,0,0
6727,2024-09-22 00:00:00,22,M,west,66,115.8,7642.8,2,one_year,mailed_check,0,460.1,0,1,0,0
6728,2024-03-11 00:00:00,35,F,north,8,61.5,492.0,5,month-to-month,credit_card,0,181.8,1,0,0,0
6729,2023-04-02 00:00:00,42,M,east,36,102.17,3678.12,5,one_year,electronic_check,0,330.9,0,0,1,0
6730,2023-08-18 00:00:00,46,F,west,9,23.55,211.95,6,month-to-month,electronic_check,1,57.3,0,1,1,1
6731,2024-05-18 00:00:00,34,F,north,50,104.1,5205.0,2,month-to-month,mailed_check,0,212.0,0,1,0,0
6732,2023-08-30 00:00:00,36,M,north,19,105.91,2012.29,6,one_year,credit_card,1,464.4,1,0,1,0
6733,2024-03-04 00:00:00,33,M,east,68,56.21,3822.28,3,one_year,bank_transfer,1,381.6,0,1,0,0
6734,2024-05-21 00:00:00,45,F,west,14,50.95,713.3,2,one_year,electronic_check,3,464.7,0,0,1,0
6735,2023-08-29 00:00:00,54,F,north,48,110.99,5327.52,4,month-to-month,credit_card,2,64.4,1,1,0,0
6736,2024-04-17 00:00:00,20,F,north,1,97.77,97.77,1,one_year,bank_transfer,1,233.2,0,0,0,0
6737,2023-10-18 00:00:00,43,M,west,8,79.79,638.32,3,two_year,bank_transfer,0,262.4,0,0,1,0
6738,2023-04-09 00:00:00,52,M,east,20,63.63,1272.6,3,month-to-month,mailed_check,1,47.1,1,1,0,1
6739,2023-09-29 00:00:00,53,F,east,64,111.21,7117.44,4,month-to-month,mailed_check,1,260.4,1,0,1,0
6740,2023-11-18 00:00:00,47,F,south,72,94.72,6819.84,2,month-to-month,electronic_check,0,189.8,0,1,0,0
6741,2023-01-02 00:00:00,45,F,south,44,61.68,2713.92,1,one_year,bank_transfer,0,4.5,1,1,1,0
6742,2024-10-13 00:00:00,54,F,south,24,69.67,1672.08,3,month-to-month,electronic_check,0,54.6,1,1,1,0
6743,2024-01-21 00:00:00,38,F,north,22,29.84,656.48,6,one_year,bank_transfer,1,244.2,0,1,0,0
6744,2023-01-27 00:00:00,48,F,south,15,101.07,1516.05,4,month-to-month,mailed_check,4,54.2,1,0,0,1
6745,2024-09-25 00:00:00,34,F,west,24,104.17,2500.08,4,month-to-month,bank_transfer,2,199.7,1,1,1,0
6746,2024-09-16 00:00:00,41,F,east,36,55.56,2000.16,4,month-to-month,credit_card,1,493.8,1,1,1,0
6747,2023-01-09 00:00:00,24,F,west,50,50.97,2548.5,4,month-to-month,mailed_check,2,219.9,0,1,0,0
6748,2023-04-30 00:00:00,36,M,south,16,45.22,723.52,2,two_year,mailed_check,3,282.6,1,1,1,0
6749,2023-09-23 00:00:00,25,M,west,2,37.35,74.7,6,month-to-month,electronic_check,0,208.7,1,1,0,0
6750,2024-01-06 00:00:00,30,F,south,40,114.78,4591.2,2,month-to-month,electronic_check,3,53.6,1,1,1,0
6751,2024-06-13 00:00:00,40,F,east,17,95.9,1630.3,4,two_year,electronic_check,0,404.4,0,1,0,0
6752,2023-11-06 00:00:00,44,F,east,29,63.34,1836.86,6,month-to-month,electronic_check,1,367.0,1,0,0,1
6753,2024-03-22 00:00:00,67,F,west,51,31.02,1582.02,4,one_year,mailed_check,2,222.2,0,0,1,0
6754,2023-01-08 00:00:00,19,M,west,65,33.94,2206.1,6,month-to-month,mailed_check,0,95.4,0,0,1,0
6755,2024-04-25 00:00:00,65,M,north,39,90.98,3548.22,2,two_year,credit_card,4,365.5,0,0,1,0
6756,2024-10-30 00:00:00,35,F,west,67,40.31,2700.77,4,month-to-month,electronic_check,1,164.7,0,0,1,0
6757,2024-01-20 00:00:00,56,F,east,19,54.79,1041.01,1,month-to-month,electronic_check,0,243.8,1,1,0,0
6758,2023-11-29 00:00:00,53,M,east,52,115.7,6016.4,4,one_year,bank_transfer,1,127.8,0,0,1,0
6759,2023-08-05 00:00:00,69,M,north,71,78.12,5546.52,2,month-to-month,electronic_check,1,210.9,1,1,0,0
6760,2024-11-27 00:00:00,23,M,south,15,100.83,1512.45,4,month-to-month,bank_transfer,3,455.8,1,1,1,1
6761,2023-01-25 00:00:00,69,M,west,53,30.39,1610.67,2,month-to-month,bank_transfer,0,149.4,0,0,0,0
6762,2023-07-29 00:00:00,21,M,west,34,53.04,1803.36,1,month-to-month,bank_transfer,0,193.8,1,1,1,0
6763,2023-04-12 00:00:00,64,M,north,64,109.56,7011.84,6,one_year,electronic_check,1,253.8,0,0,0,0
6764,2024-09-24 00:00:00,52,M,south,22,101.05,2223.1,6,month-to-month,electronic_check,2,142.1,0,0,0,0
6765,2023-12-19 00:00:00,43,F,west,70,92.34,6463.8,2,one_year,credit_card,1,484.4,0,1,1,0
6766,2024-11-04 00:00:00,39,F,west,58,78.74,4566.92,2,month-to-month,credit_card,2,52.3,0,0,0,0
6767,2024-04-30 00:00:00,22,F,south,51,46.89,2391.39,1,one_year,bank_transfer,1,61.4,1,1,1,0
6768,2024-02-11 00:00:00,60,M,west,2,78.55,157.1,5,month-to-month,electronic_check,4,314.3,0,0,1,1
6769,2024-01-13 00:00:00,56,M,west,6,25.08,150.48,6,month-to-month,mailed_check,2,304.5,1,1,0,0
6770,2023-05-28 00:00:00,67,M,north,48,40.23,1931.04,2,one_year,bank_transfer,1,142.3,1,1,0,0
6771,2024-02-15 00:00:00,56,F,north,34,71.83,2442.22,3,one_year,electronic_check,1,38.0,0,0,1,0
6772,2024-05-15 00:00:00,68,M,north,23,20.2,464.6,5,one_year,credit_card,0,65.8,0,0,1,0
6773,2024-12-05 00:00:00,65,F,north,61,43.22,2636.42,3,month-to-month,credit_card,1,111.1,1,0,1,0
6774,2024-02-05 00:00:00,40,F,east,35,35.22,1232.7,5,two_year,electronic_check,2,200.0,1,0,1,0
6775,2024-11-16 00:00:00,55,F,south,33,54.55,1800.15,5,two_year,electronic_check,2,280.0,0,1,1,0
6776,2024-11-20 00:00:00,32,M,east,23,105.84,2434.32,5,two_year,mailed_check,1,309.8,0,1,1,0
6777,2024-01-17 00:00:00,60,M,north,71,114.74,8146.54,5,month-to-month,mailed_check,1,347.8,0,1,0,0
6778,2023-11-17 00:00:00,50,F,east,26,36.51,949.26,3,month-to-month,mailed_check,0,24.3,1,1,0,0
6779,2023-04-15 00:00:00,41,M,east,18,43.11,775.98,3,one_year,bank_transfer,1,273.4,1,1,1,0
6780,2023-07-16 00:00:00,51,F,west,49,104.69,5129.81,4,month-to-month,mailed_check,2,22.1,1,0,1,1
6781,2024-10-03 00:00:00,32,M,south,2,37.27,74.54,1,one_year,electronic_check,1,325.8,1,0,1,0
6782,2023-04-11 00:00:00,50,F,east,43,94.13,4047.59,4,month-to-month,electronic_check,0,159.4,0,1,0,0
6783,2023-10-17 00:00:00,43,F,south,41,28.55,1170.55,1,one_year,mailed_check,2,303.9,0,1,0,0
6784,2024-05-25 00:00:00,35,M,south,17,84.83,1442.11,5,month-to-month,mailed_check,1,238.5,1,1,0,1
6785,2023-06-25 00:00:00,69,F,east,56,46.57,2607.92,4,two_year,credit_card,1,407.7,0,1,1,0
6786,2024-12-12 00:00:00,21,F,east,3,94.96,284.88,3,one_year,electronic_check,2,48.9,1,1,1,0
6787,2024-04-19 00:00:00,58,F,west,71,71.94,5107.74,2,month-to-month,credit_card,2,267.1,1,1,1,0
6788,2023-01-21 00:00:00,29,M,north,62,37.89,2349.18,4,month-to-month,electronic_check,3,155.9,1,1,0,0
6789,2023-06-30 00:00:00,29,M,north,12,60.22,722.64,4,month-to-month,bank_transfer,1,6.3,0,0,0,0
6790,2024-06-24 00:00:00,26,F,east,35,71.44,2500.4,5,two_year,electronic_check,2,269.1,1,1,1,0
6791,2024-09-22 00:00:00,23,M,east,14,119.6,1674.4,6,month-to-month,mailed_check,2,391.1,1,1,1,1
6792,2024-11-07 00:00:00,24,F,west,45,68.04,3061.8,2,one_year,mailed_check,0,306.9,1,1,0,0
6793,2024-09-13 00:00:00,62,M,east,25,35.12,878.0,1,month-to-month,bank_transfer,2,23.5,0,1,0,0
6794,2023-02-24 00:00:00,67,F,north,35,75.52,2643.2,4,one_year,electronic_check,2,323.8,1,1,1,0
6795,2024-06-16 00:00:00,48,M,south,69,42.02,2899.38,1,month-to-month,mailed_check,2,358.4,1,0,0,0
6796,2023-03-22 00:00:00,18,F,west,45,107.96,4858.2,1,two_year,mailed_check,1,36.0,1,1,1,0
6797,2023-02-25 00:00:00,63,M,west,63,103.41,6514.83,2,one_year,bank_transfer,3,192.9,0,0,1,0
6798,2024-05-20 00:00:00,49,M,west,45,32.86,1478.7,5,two_year,electronic_check,0,149.3,1,0,0,0
6799,2023-12-16 00:00:00,45,M,south,34,78.84,2680.56,1,one_year,electronic_check,0,374.8,1,0,0,0
6800,2024-04-18 00:00:00,68,F,north,1,89.65,89.65,3,month-to-month,bank_transfer,2,184.1,1,0,0,1
6801,2024-09-13 00:00:00,39,M,north,6,45.17,271.02,1,month-to-month,mailed_check,0,104.0,0,0,1,0
6802,2023-02-20 00:00:00,37,F,west,38,82.64,3140.32,6,month-to-month,electronic_check,0,265.5,0,0,0,0
6803,2024-01-21 00:00:00,59,M,south,36,66.27,2385.72,5,month-to-month,electronic_check,1,379.7,1,0,0,0
6804,2024-09-01 00:00:00,45,F,west,36,68.21,2455.56,1,month-to-month,bank_transfer,1,196.2,0,0,1,0
6805,2023-11-18 00:00:00,55,F,north,61,75.13,4582.93,2,two_year,credit_card,2,448.3,1,0,1,0
6806,2024-01-18 00:00:00,54,M,south,6,77.01,462.06,3,month-to-month,bank_transfer,2,325.4,1,0,0,1
6807,2023-12-30 00:00:00,62,M,west,48,90.98,4367.04,3,one_year,bank_transfer,0,58.1,1,1,0,0
6808,2024-10-24 00:00:00,34,M,north,54,65.24,3522.96,2,month-to-month,bank_transfer,3,488.1,0,0,1,0
6809,2023-02-06 00:00:00,21,F,north,47,92.26,4336.22,3,month-to-month,mailed_check,2,361.8,0,0,0,0
6810,2024-10-02 00:00:00,43,F,south,17,68.59,1166.03,6,month-to-month,credit_card,0,118.0,1,1,1,0
6811,2024-08-18 00:00:00,52,M,north,29,86.28,2502.12,2,month-to-month,electronic_check,1,154.8,1,0,1,0
6812,2024-08-16 00:00:00,61,F,east,3,46.31,138.93,1,two_year,credit_card,0,236.0,1,1,1,0
6813,2023-10-28 00:00:00,32,F,north,12,74.17,890.04,3,one_year,electronic_check,0,10.8,0,1,0,0
6814,2024-01-12 00:00:00,57,F,north,58,66.8,3874.4,3,month-to-month,bank_transfer,1,447.5,1,0,1,0
6815,2023-09-27 00:00:00,62,M,east,45,50.22,2259.9,2,one_year,credit_card,1,40.2,1,1,0,0
6816,2023-07-03 00:00:00,60,F,south,63,26.23,1652.49,1,month-to-month,credit_card,1,85.6,0,1,1,0
6817,2024-10-01 00:00:00,60,M,east,50,71.02,3551.0,1,month-to-month,credit_card,0,268.0,0,1,0,1
6818,2024-01-05 00:00:00,70,F,west,17,20.98,356.66,5,month-to-month,credit_card,1,398.5,0,1,0,0
6819,2024-06-12 00:00:00,53,M,west,59,58.98,3479.82,1,month-to-month,mailed_check,1,469.2,1,1,0,0
6820,2023-03-15 00:00:00,37,F,east,50,57.07,2853.5,2,two_year,mailed_check,2,57.7,1,0,1,0
6821,2024-07-29 00:00:00,41,F,west,13,83.38,1083.94,5,two_year,mailed_check,1,7.7,1,0,1,0
6822,2024-04-25 00:00:00,57,F,east,0,118.74,0.0,4,one_year,electronic_check,2,349.6,1,0,1,0
6823,2024-12-29 00:00:00,30,M,north,55,105.8,5819.0,1,month-to-month,mailed_check,2,135.2,1,0,1,0
6824,2023-04-08 00:00:00,49,F,west,52,117.51,6110.52,2,month-to-month,electronic_check,2,66.1,1,1,1,0
6825,2024-01-30 00:00:00,48,M,east,6,115.09,690.54,3,month-to-month,credit_card,0,2.1,1,1,1,1
6826,2024-01-09 00:00:00,53,F,north,33,27.41,904.53,3,month-to-month,bank_transfer,1,482.0,1,0,1,0
6827,2024-01-29 00:00:00,40,M,east,66,48.19,3180.54,6,one_year,electronic_check,2,366.9,1,1,1,0
6828,2023-02-09 00:00:00,57,F,north,57,49.7,2832.9,1,month-to-month,bank_transfer,3,171.7,0,1,1,0
6829,2023-12-12 00:00:00,21,M,east,59,27.1,1598.9,1,month-to-month,bank_transfer,1,298.9,0,0,1,0
6830,2023-08-07 00:00:00,57,M,east,28,104.67,2930.76,4,one_year,credit_card,2,445.1,0,0,1,0
6831,2024-03-26 00:00:00,61,M,north,8,109.53,876.24,6,month-to-month,electronic_check,1,455.9,1,1,0,1
6832,2023-06-19 00:00:00,64,M,south,25,80.5,2012.5,1,one_year,bank_transfer,0,267.4,0,1,1,0
6833,2023-11-14 00:00:00,66,M,north,50,109.1,5455.0,5,one_year,electronic_check,1,469.3,0,1,0,0
6834,2024-03-28 00:00:00,36,F,north,61,91.44,5577.84,6,one_year,credit_card,0,378.9,1,1,1,0
6835,2023-02-16 00:00:00,20,F,north,47,64.06,3010.82,3,two_year,credit_card,1,273.5,1,0,1,0
6836,2024-07-28 00:00:00,52,F,west,2,34.99,69.98,3,one_year,electronic_check,0,190.6,1,1,1,0
6837,2024-06-06 00:00:00,22,F,south,43,115.85,4981.55,6,one_year,electronic_check,0,468.3,0,0,1,0
6838,2023-02-11 00:00:00,32,M,north,13,89.23,1159.99,4,one_year,electronic_check,1,97.4,1,0,1,0
6839,2023-02-17 00:00:00,55,M,east,44,55.42,2438.48,4,two_year,mailed_check,2,272.1,0,0,0,0
6840,2024-09-12 00:00:00,49,M,east,30,32.86,985.8,2,month-to-month,electronic_check,2,66.4,1,0,0,0
6841,2023-07-26 00:00:00,50,M,north,38,99.9,3796.2,6,month-to-month,bank_transfer,1,66.8,0,0,0,0
6842,2024-09-20 00:00:00,57,F,east,43,100.2,4308.6,2,month-to-month,mailed_check,1,30.0,1,0,1,0
6843,2023-12-31 00:00:00,26,F,north,46,74.3,3417.8,3,one_year,mailed_check,0,155.0,0,0,1,0
6844,2023-09-07 00:00:00,59,F,east,0,120.0,0.0,6,month-to-month,bank_transfer,1,399.5,0,0,1,1
6845,2023-07-19 00:00:00,49,F,west,70,58.64,4104.8,4,two_year,bank_transfer,2,92.1,0,0,1,0
6846,2024-04-26 00:00:00,40,M,south,41,114.21,4682.61,5,one_year,electronic_check,2,416.2,0,0,0,0
6847,2023-03-22 00:00:00,42,F,east,37,83.03,3072.11,6,month-to-month,bank_transfer,0,496.8,1,0,1,0
6848,2023-10-21 00:00:00,44,M,north,27,93.64,2528.28,4,month-to-month,bank_transfer,0,262.7,1,0,1,0
6849,2023-09-10 00:00:00,47,F,south,7,111.71,781.97,1,one_year,electronic_check,2,393.8,0,1,0,0
6850,2023-04-23 00:00:00,35,M,west,45,103.12,4640.4,5,two_year,electronic_check,1,334.0,0,1,1,0
6851,2023-09-15 00:00:00,29,M,north,26,48.87,1270.62,4,one_year,bank_transfer,1,229.8,0,0,1,0
6852,2024-01-21 00:00:00,26,M,west,66,106.72,7043.52,2,month-to-month,electronic_check,2,142.4,1,1,0,0
6853,2024-05-09 00:00:00,36,M,north,48,73.97,3550.56,1,two_year,electronic_check,1,335.7,1,1,1,0
6854,2023-03-05 00:00:00,31,M,south,32,24.48,783.36,6,two_year,mailed_check,0,115.3,1,1,1,0
6855,2024-09-28 00:00:00,45,M,north,2,87.38,174.76,1,two_year,credit_card,4,184.3,0,0,0,1
6856,2024-10-03 00:00:00,66,F,north,40,69.97,2798.8,3,one_year,bank_transfer,1,77.3,1,0,1,0
6857,2024-05-20 00:00:00,23,F,south,61,73.66,4493.26,6,month-to-month,bank_transfer,3,288.9,0,0,0,1
6858,2024-11-05 00:00:00,34,M,east,33,61.15,2017.95,6,two_year,electronic_check,3,82.3,1,1,1,0
6859,2023-11-09 00:00:00,20,M,east,47,26.41,1241.27,6,month-to-month,credit_card,2,401.0,0,1,1,0
6860,2024-08-22 00:00:00,69,F,south,8,38.02,304.16,5,month-to-month,mailed_check,0,237.8,1,0,1,0
6861,2024-06-14 00:00:00,55,M,south,29,95.65,2773.85,3,one_year,credit_card,1,356.8,1,0,1,0
6862,2024-02-15 00:00:00,30,F,north,57,43.42,2474.94,2,month-to-month,bank_transfer,2,227.1,1,1,1,0
6863,2023-05-12 00:00:00,39,M,east,30,82.77,2483.1,6,one_year,bank_transfer,0,387.2,1,0,0,0
6864,2024-02-12 00:00:00,56,M,north,64,74.19,4748.16,4,one_year,credit_card,0,442.6,0,1,0,0
6865,2024-10-19 00:00:00,68,M,west,29,42.14,1222.06,3,month-to-month,credit_card,3,234.1,1,0,1,0
6866,2024-12-19 00:00:00,48,M,north,59,48.06,2835.54,6,one_year,electronic_check,3,184.7,0,0,0,0
6867,2023-11-24 00:00:00,32,F,east,46,58.36,2684.56,3,two_year,electronic_check,4,359.6,0,0,0,0
6868,2023-06-30 00:00:00,54,F,south,69,108.02,7453.38,1,two_year,bank_transfer,1,482.8,1,1,0,0
6869,2024-06-29 00:00:00,54,M,west,38,114.13,4336.94,4,month-to-month,electronic_check,0,88.1,0,0,0,0
6870,2023-02-25 00:00:00,52,F,south,34,58.68,1995.12,3,month-to-month,electronic_check,1,373.2,1,0,1,0
6871,2023-04-21 00:00:00,20,M,west,25,24.62,615.5,4,month-to-month,electronic_check,3,1.8,0,1,1,0
6872,2024-02-15 00:00:00,55,M,west,47,80.09,3764.23,4,one_year,mailed_check,2,490.6,0,1,0,0
6873,2024-12-23 00:00:00,19,F,south,71,61.76,4384.96,4,one_year,bank_transfer,2,398.4,0,1,0,0
6874,2023-08-29 00:00:00,65,F,south,12,69.23,830.76,3,month-to-month,electronic_check,3,473.1,1,1,1,0
6875,2023-11-20 00:00:00,64,F,south,68,64.2,4365.6,2,month-to-month,mailed_check,2,53.5,0,0,0,0
6876,2023-08-24 00:00:00,47,M,south,71,85.46,6067.66,2,one_year,mailed_check,1,25.6,1,0,0,0
6877,2023-11-18 00:00:00,52,M,south,56,50.44,2824.64,6,one_year,credit_card,1,218.4,1,0,1,0
6878,2023-01-06 00:00:00,21,M,north,42,109.26,4588.92,5,month-to-month,electronic_check,2,29.7,1,0,1,0
6879,2024-03-10 00:00:00,64,F,south,62,62.12,3851.44,3,month-to-month,credit_card,0,27.1,0,1,1,0
6880,2024-03-11 00:00:00,32,M,west,19,54.17,1029.23,6,month-to-month,credit_card,2,45.9,1,0,1,0
6881,2023-08-19 00:00:00,31,F,west,46,112.29,5165.34,5,two_year,mailed_check,2,30.8,0,0,0,0
6882,2023-07-12 00:00:00,55,M,north,58,55.81,3236.98,4,one_year,bank_transfer,1,48.8,1,0,0,0
6883,2024-07-09 00:00:00,67,M,east,58,28.31,1641.98,5,one_year,electronic_check,2,183.3,1,1,0,0
6884,2023-05-18 00:00:00,44,M,north,42,35.53,1492.26,6,month-to-month,mailed_check,2,250.8,0,1,0,0
6885,2023-02-04 00:00:00,44,M,east,28,91.43,2560.04,4,month-to-month,electronic_check,0,51.9,0,0,1,0
6886,2023-01-30 00:00:00,47,F,east,69,76.23,5259.87,1,month-to-month,bank_transfer,0,320.3,0,0,0,0
6887,2024-10-05 00:00:00,33,F,west,49,73.46,3599.54,3,month-to-month,credit_card,1,304.0,1,0,1,0
6888,2023-09-23 00:00:00,49,F,east,56,28.2,1579.2,2,month-to-month,electronic_check,4,147.7,0,1,1,0
6889,2023-03-16 00:00:00,68,F,west,45,36.41,1638.45,5,month-to-month,mailed_check,0,151.8,0,1,1,0
6890,2024-10-03 00:00:00,38,M,west,64,59.62,3815.68,1,month-to-month,bank_transfer,1,492.4,1,1,1,0
6891,2023-04-19 00:00:00,58,F,east,34,64.8,2203.2,3,two_year,mailed_check,2,150.1,1,1,0,0
6892,2023-09-03 00:00:00,59,F,south,39,57.66,2248.74,3,month-to-month,mailed_check,1,452.9,0,1,1,0
6893,2023-01-16 00:00:00,63,F,south,58,70.27,4075.66,3,month-to-month,mailed_check,1,102.1,1,0,1,0
6894,2024-05-10 00:00:00,56,M,south,37,93.35,3453.95,4,month-to-month,bank_transfer,2,89.8,1,0,1,0
6895,2024-05-25 00:00:00,66,M,south,17,83.57,1420.69,4,month-to-month,electronic_check,0,430.1,0,0,1,1
6896,2024-07-06 00:00:00,55,F,south,55,81.13,4462.15,2,one_year,mailed_check,1,303.5,0,0,0,0
6897,2023-07-12 00:00:00,69,M,south,27,75.78,2046.06,5,one_year,mailed_check,0,382.8,0,1,1,0
6898,2023-08-28 00:00:00,55,M,east,7,40.09,280.63,3,one_year,electronic_check,0,287.8,1,1,1,0
6899,2024-11-15 00:00:00,62,M,south,27,80.46,2172.42,1,two_year,mailed_check,2,486.5,1,0,1,0
6900,2024-08-22 00:00:00,65,F,south,3,35.85,107.55,5,month-to-month,mailed_check,3,14.5,0,0,1,0
6901,2023-01-28 00:00:00,70,M,east,64,91.29,5842.56,3,month-to-month,bank_transfer,1,75.1,1,0,0,0
6902,2024-05-20 00:00:00,49,F,south,71,65.23,4631.33,4,month-to-month,bank_transfer,4,55.5,0,0,0,0
6903,2024-08-16 00:00:00,55,F,north,19,78.15,1484.85,5,month-to-month,mailed_check,1,335.7,1,0,0,0
6904,2024-02-13 00:00:00,69,M,north,66,106.28,7014.48,4,month-to-month,bank_transfer,0,157.0,1,1,1,0
6905,2024-04-12 00:00:00,38,M,west,51,57.31,2922.81,6,one_year,mailed_check,1,393.3,0,0,1,0
6906,2023-01-01 00:00:00,24,F,west,69,29.98,2068.62,4,two_year,mailed_check,5,62.0,0,1,1,0
6907,2023-01-22 00:00:00,64,M,east,11,109.14,1200.54,3,month-to-month,mailed_check,1,115.1,0,1,1,0
6908,2023-01-26 00:00:00,51,M,north,4,56.5,226.0,6,month-to-month,mailed_check,3,32.9,0,1,1,1
6909,2023-04-27 00:00:00,40,M,east,67,60.65,4063.55,4,two_year,credit_card,1,496.6,1,0,1,0
6910,2024-12-24 00:00:00,55,M,south,19,49.6,942.4,5,one_year,bank_transfer,2,358.7,1,1,0,0
6911,2024-04-08 00:00:00,19,F,south,43,62.02,2666.86,2,one_year,electronic_check,1,54.5,0,1,1,0
6912,2024-07-25 00:00:00,43,M,west,65,72.1,4686.5,6,month-to-month,mailed_check,1,323.5,0,1,0,0
6913,2023-08-04 00:00:00,32,F,west,25,104.33,2608.25,6,month-to-month,electronic_check,1,219.8,0,0,0,0
6914,2024-11-15 00:00:00,33,M,east,6,92.02,552.12,6,one_year,bank_transfer,1,458.1,1,0,1,0
6915,2023-05-26 00:00:00,69,F,east,57,71.33,4065.81,3,month-to-month,credit_card,0,67.0,1,0,0,0
6916,2024-10-20 00:00:00,47,F,east,32,96.38,3084.16,6,month-to-month,bank_transfer,0,13.9,1,0,0,0
6917,2023-01-23 00:00:00,25,M,west,1,104.78,104.78,5,month-to-month,mailed_check,1,77.0,1,0,1,1
6918,2023-01-15 00:00:00,37,F,east,24,25.81,619.44,1,one_year,electronic_check,3,468.8,0,1,0,0
6919,2023-02-27 00:00:00,30,M,east,38,79.22,3010.36,6,one_year,electronic_check,1,464.6,0,0,1,0
6920,2024-08-01 00:00:00,66,F,north,64,24.33,1557.12,4,month-to-month,mailed_check,1,34.3,0,1,0,0
6921,2023-07-07 00:00:00,33,F,west,16,50.81,812.96,4,month-to-month,credit_card,1,261.6,1,0,0,0
6922,2023-11-26 00:00:00,36,M,west,37,96.24,3560.88,3,month-to-month,mailed_check,0,342.2,0,1,0,0
6923,2023-12-11 00:00:00,35,M,south,13,99.13,1288.69,6,one_year,credit_card,3,2.1,1,1,1,0
6924,2024-07-30 00:00:00,27,F,south,21,108.38,2275.98,1,two_year,mailed_check,1,8.2,1,0,0,0
6925,2023-09-12 00:00:00,59,F,west,19,69.82,1326.58,3,month-to-month,electronic_check,2,33.2,1,1,1,0
6926,2023-01-05 00:00:00,48,M,west,38,28.41,1079.58,4,month-to-month,bank_transfer,0,352.2,0,0,0,0
6927,2023-10-10 00:00:00,41,M,south,48,32.68,1568.64,2,two_year,electronic_check,0,470.0,1,1,1,0
6928,2023-07-30 00:00:00,38,M,north,8,44.43,355.44,2,two_year,electronic_check,5,34.1,0,0,1,1
6929,2024-06-17 00:00:00,53,F,west,5,57.22,286.1,4,one_year,electronic_check,3,71.9,1,1,0,1
6930,2024-07-02 00:00:00,23,F,east,53,72.66,3850.98,4,month-to-month,mailed_check,2,233.7,1,1,0,0
6931,2023-03-09 00:00:00,67,F,west,21,84.59,1776.39,5,month-to-month,electronic_check,1,221.3,0,1,0,0
6932,2024-08-01 00:00:00,47,F,east,45,36.25,1631.25,5,two_year,credit_card,0,106.1,1,1,0,0
6933,2023-02-21 00:00:00,30,F,east,5,38.9,194.5,1,month-to-month,credit_card,1,100.2,0,0,1,0
6934,2024-03-28 00:00:00,46,M,north,43,37.3,1603.9,3,month-to-month,bank_transfer,3,69.8,1,0,1,0
6935,2023-10-12 00:00:00,63,F,east,66,95.49,6302.34,6,one_year,mailed_check,1,125.3,0,1,1,0
6936,2023-08-08 00:00:00,27,M,south,31,50.21,1556.51,6,one_year,electronic_check,0,420.7,0,1,0,0
6937,2023-12-19 00:00:00,45,F,north,42,36.67,1540.14,1,month-to-month,bank_transfer,0,228.8,1,0,1,0
6938,2023-08-15 00:00:00,49,M,west,21,63.14,1325.94,5,two_year,electronic_check,0,458.9,1,1,0,0
6939,2024-08-02 00:00:00,60,F,south,20,44.75,895.0,2,one_year,mailed_check,0,420.9,0,0,0,0
6940,2024-12-06 00:00:00,48,F,north,4,56.93,227.72,5,month-to-month,electronic_check,1,264.4,1,0,1,0
6941,2024-08-18 00:00:00,57,F,west,34,102.4,3481.6,3,month-to-month,mailed_check,3,412.1,1,0,1,0
6942,2023-11-17 00:00:00,59,M,west,69,53.39,3683.91,1,one_year,mailed_check,2,82.2,1,1,1,0
6943,2024-01-03 00:00:00,65,F,south,8,37.49,299.92,2,one_year,mailed_check,1,320.4,0,1,0,1
6944,2023-11-23 00:00:00,37,M,south,30,43.25,1297.5,6,month-to-month,bank_transfer,2,470.2,1,0,1,0
6945,2024-08-02 00:00:00,55,M,north,61,23.44,1429.84,5,month-to-month,electronic_check,1,309.8,1,1,0,0
6946,2024-02-08 00:00:00,31,F,east,36,110.11,3963.96,1,month-to-month,electronic_check,2,245.3,1,1,0,1
6947,2023-12-08 00:00:00,62,F,east,55,89.7,4933.5,6,month-to-month,mailed_check,2,327.8,1,0,1,0
6948,2023-10-26 00:00:00,68,M,east,27,66.34,1791.18,6,two_year,bank_transfer,1,68.3,1,0,1,0
6949,2023-10-01 00:00:00,33,F,west,43,76.09,3271.87,4,month-to-month,electronic_check,0,147.2,1,0,0,0
6950,2024-02-08 00:00:00,47,M,south,72,45.41,3269.52,1,two_year,credit_card,0,126.1,0,1,0,0
6951,2024-05-17 00:00:00,61,F,east,43,60.37,2595.91,3,month-to-month,electronic_check,1,59.1,1,0,1,0
6952,2023-11-12 00:00:00,19,F,east,58,51.98,3014.84,1,month-to-month,electronic_check,3,354.0,1,1,0,1
6953,2024-08-11 00:00:00,55,F,west,50,102.45,5122.5,3,month-to-month,bank_transfer,1,317.1,1,0,1,0
6954,2024-08-26 00:00:00,61,F,east,6,94.34,566.04,2,two_year,electronic_check,2,436.3,1,1,0,1
6955,2023-11-10 00:00:00,64,F,north,11,48.39,532.29,5,month-to-month,mailed_check,1,349.0,0,0,0,0
6956,2024-10-25 00:00:00,28,F,east,44,96.22,4233.68,5,month-to-month,electronic_check,0,405.9,1,1,1,0
6957,2023-05-07 00:00:00,58,M,west,25,29.39,734.75,2,month-to-month,mailed_check,3,69.6,1,1,1,0
6958,2024-11-11 00:00:00,59,M,east,35,40.26,1409.1,6,one_year,electronic_check,1,32.8,0,1,1,0
6959,2023-08-03 00:00:00,18,F,east,35,30.64,1072.4,5,month-to-month,electronic_check,1,185.3,1,0,0,1
6960,2024-02-16 00:00:00,55,M,east,57,43.82,2497.74,4,month-to-month,mailed_check,1,65.5,0,1,1,0
6961,2023-07-27 00:00:00,51,F,east,72,42.62,3068.64,5,month-to-month,bank_transfer,1,383.8,0,1,1,0
6962,2023-11-19 00:00:00,69,M,south,72,110.06,7924.32,5,two_year,bank_transfer,1,216.7,0,1,1,0
6963,2023-09-06 00:00:00,20,F,west,5,52.74,263.7,5,two_year,mailed_check,2,469.3,0,1,0,1
6964,2024-05-29 00:00:00,69,M,north,54,55.52,2998.08,2,two_year,credit_card,1,44.0,1,1,0,0
6965,2023-03-01 00:00:00,48,F,west,52,29.98,1558.96,5,month-to-month,electronic_check,1,473.1,0,1,0,0
6966,2024-09-03 00:00:00,32,F,north,63,26.6,1675.8,6,month-to-month,credit_card,2,363.7,1,1,1,0
6967,2024-10-21 00:00:00,38,M,north,31,41.94,1300.14,5,month-to-month,credit_card,0,401.8,0,0,0,1
6968,2024-02-15 00:00:00,58,F,east,36,33.45,1204.2,3,two_year,bank_transfer,0,246.3,1,0,0,0
6969,2024-02-04 00:00:00,70,M,east,32,54.46,1742.72,4,one_year,electronic_check,2,182.0,0,0,0,0
6970,2024-05-25 00:00:00,34,F,west,27,38.6,1042.2,6,one_year,credit_card,2,362.2,0,0,1,0
6971,2023-05-26 00:00:00,70,F,south,18,37.82,680.76,4,month-to-month,mailed_check,0,489.5,1,0,1,0
6972,2024-07-01 00:00:00,51,M,north,46,84.75,3898.5,5,month-to-month,electronic_check,3,13.1,1,0,0,0
6973,2023-06-09 00:00:00,28,M,south,1,114.21,114.21,6,month-to-month,credit_card,3,298.6,1,0,0,1
6974,2024-05-08 00:00:00,49,M,east,54,21.25,1147.5,3,month-to-month,mailed_check,0,123.7,0,1,0,0
6975,2023-08-12 00:00:00,60,M,south,61,90.56,5524.16,3,month-to-month,mailed_check,1,200.0,1,1,0,0
6976,2024-06-28 00:00:00,20,F,south,16,85.92,1374.72,3,month-to-month,bank_transfer,0,287.2,1,1,1,0
6977,2024-07-31 00:00:00,22,M,west,15,78.51,1177.65,3,month-to-month,credit_card,1,108.4,1,1,1,0
6978,2023-06-02 00:00:00,18,F,east,36,89.23,3212.28,5,month-to-month,mailed_check,1,5.2,1,1,1,0
6979,2024-03-26 00:00:00,48,F,east,61,70.87,4323.07,3,two_year,credit_card,0,34.4,1,0,1,0
6980,2023-12-30 00:00:00,21,F,east,8,112.69,901.52,6,two_year,electronic_check,3,12.9,1,0,0,1
6981,2023-08-03 00:00:00,67,F,south,31,35.82,1110.42,5,one_year,bank_transfer,1,22.5,0,1,1,0
6982,2024-03-05 00:00:00,24,M,east,15,67.36,1010.4,5,two_year,mailed_check,1,82.6,0,1,1,0
6983,2024-12-25 00:00:00,21,F,west,62,85.3,5288.6,6,month-to-month,electronic_check,1,222.1,1,1,1,0
6984,2023-01-02 00:00:00,31,F,east,64,110.87,7095.68,6,month-to-month,electronic_check,1,226.2,1,0,0,0
6985,2024-11-29 00:00:00,58,F,south,6,68.74,412.44,1,month-to-month,electronic_check,2,6.0,0,1,0,0
6986,2024-09-16 00:00:00,66,M,west,10,117.7,1177.0,6,month-to-month,electronic_check,0,13.3,1,1,0,1
6987,2024-01-22 00:00:00,31,M,north,11,85.65,942.15,6,one_year,bank_transfer,1,126.5,0,0,0,0
6988,2024-03-21 00:00:00,45,F,north,59,89.92,5305.28,2,month-to-month,electronic_check,1,24.8,1,1,0,0
6989,2023-09-27 00:00:00,59,F,south,65,101.82,6618.3,2,two_year,bank_transfer,3,102.7,0,1,0,0
6990,2023-04-05 00:00:00,60,M,east,27,93.39,2521.53,4,one_year,credit_card,3,17.6,0,1,1,0
6991,2024-02-22 00:00:00,26,F,south,11,72.26,794.86,6,month-to-month,bank_transfer,2,43.3,1,0,0,1
6992,2024-08-18 00:00:00,62,M,south,48,97.26,4668.48,4,two_year,credit_card,0,330.3,0,1,1,0
6993,2023-06-18 00:00:00,63,F,south,65,23.57,1532.05,4,two_year,bank_transfer,2,67.3,1,0,1,0
6994,2024-06-07 00:00:00,56,M,west,66,113.28,7476.48,2,one_year,credit_card,2,223.0,0,1,0,0
6995,2024-06-30 00:00:00,45,M,south,32,102.31,3273.92,6,month-to-month,bank_transfer,0,403.8,1,1,1,0
6996,2024-07-07 00:00:00,38,M,west,57,83.77,4774.89,5,month-to-month,electronic_check,0,29.0,1,1,1,0
6997,2023-09-06 00:00:00,65,M,south,69,26.88,1854.72,1,month-to-month,bank_transfer,3,135.1,1,0,1,0
6998,2023-10-14 00:00:00,63,M,north,60,49.49,2969.4,2,one_year,bank_transfer,0,312.8,0,1,1,0
6999,2023-10-31 00:00:00,45,M,north,34,45.36,1542.24,6,month-to-month,bank_transfer,0,86.7,0,1,0,0
7000,2024-09-15 00:00:00,57,M,north,19,45.7,868.3,5,two_year,electronic_check,1,260.0,1,1,1,0
